id,time_iso,longitude,latitude,depth,mag,mag_type,lon_error,lat_error,depth_error,mag_error,strike1,dip1,rake1,strike2,dip2,rake2,Mrr,Mtt,Mpp,Mrt,Mrp,Mtp,source,sub_depth,class,mc_window,tc_years
258,1922-03-28T03:57:54,-68,-21,90,7.2,mw,,,,0.2,,,,,,,,,,,,,CERESIS-GEM,,intraarc,6.8,49.9986310746064
331,1927-11-21T23:12:34,-72.686,-44.861,15,7,mw,,,25,0.2,,,,,,,,,,,,,ISC-GEM,,intraarc,6.8,49.9986310746064
622,1944-01-15T23:49:31,-68.491,-31.496,15,6.9,mw,,,3.3,0.3,45,35,110,201,57,77,,,,,,,ISC-GEM,,unclassified,6.8,49.9986310746064
669,1949-04-25T13:55:00,-69.107,-19.753,69.6,7.2,mw,,,,0.29,,,,,,,,,,,,,CERESIS-GEM,,intraarc,6.8,49.9986310746064
678,1949-12-17T06:53:32,-71,-54,10,8,mw,,,25,0.25,,,,,,,,,,,,,ISC-GEM,,unclassified,6.8,49.9986310746064
716,1952-06-11T00:31:44,-68.483,-31.672,25,6.8,mw,,,7.8,0.3,40,75,30,301,61,163,,,,,,,ISC-GEM,,unclassified,6,25.9986310746064
725,1953-05-02T23:50:00,-71.1,-17.2,20,6.2,mw,,,,0.6,,,,,,,,,,,,,CERESIS-GEM,83.0639648438,forearc,6,25.9986310746064
729,1953-07-31T22:57:36,-69.905,-34.25,15,6,mw,,,3.8,0.73,,,,,,,,,,,,,USGS,,intraarc,6,25.9986310746064
767,1955-07-28T01:59:34,-72.026,-40.8,15,6.1,mw,,,25,0.27,,,,,,,,,,,,,ISC-GEM,,intraarc,6,25.9986310746064
768,1955-08-27T02:49:00,-70.9,-17.2,25,6.2,mw,,,,0.6,,,,,,,,,,,,,CERESIS-GEM,88.923828125,forearc,6,25.9986310746064
772,1955-11-17T06:53:33,-70.155,-26.406,33.8,6.4,mw,,,4.6,0.28,,,,,,,,,,,,,ISC-GEM,57.106048584,forearc,6,25.9986310746064
804,1957-09-06T00:17:55,-68,-20,100,6,mw,,,,0.29,,,,,,,,,,,,,CERESIS-GEM,,intraarc,6,25.9986310746064
805,1957-10-24T20:07:21,-68,-28.9,37,6.1,mw,,,,0.17,,,,,,,,,,,,,CERESIS-GEM,,unclassified,6,25.9986310746064
835,1958-09-04T21:51:16,-69.958,-33.832,15,6.8,mw,,,3.8,0.22,,,,,,,,,,,,,ISC-GEM,,intraarc,6,25.9986310746064
848,1959-04-08T11:44:30,-72.666,-50.612,15,6.1,mw,,,25,0.2,,,,,,,,,,,,,ISC-GEM,,unclassified,6,25.9986310746064
898,1960-05-23T02:46:36,-73.367,-41.579,25,6.3,mw,,,8.8,0.2,,,,,,,,,,,,,ISC-GEM,51.1853675842,forearc,6,25.9986310746064
897,1960-05-23T05:13:40,-72.691,-38.162,25,6.4,mw,,,30.4,0.28,,,,,,,,,,,,,ISC-GEM,54.9512214661,forearc,6,25.9986310746064
900,1960-05-23T07:09:23,-75.698,-48.089,20,6.1,mw,,,,0.37,,,,,,,,,,,,,CERESIS-GEM,,unclassified,6,25.9986310746064
901,1960-05-23T10:38:04,-73.613,-43.642,20,6.1,mw,,,25,0.32,,,,,,,,,,,,,ISC-GEM,53.4141731262,forearc,6,25.9986310746064
911,1960-05-29T07:39:34,-72.436,-37.689,25,6.3,mw,,,20.3,0.2,,,,,,,,,,,,,ISC-GEM,62.0129508972,forearc,6,25.9986310746064
918,1960-06-02T05:58:07,-74.058,-46.215,15,6.1,mw,,,25,0.2,,,,,,,,,,,,,ISC-GEM,,intraarc,6,25.9986310746064
922,1960-06-06T05:55:49,-72.889,-45.785,15,7.7,mw,,,25,0.2,,,,,,,,,,,,,ISC-GEM,,intraarc,6,25.9986310746064
925,1960-06-20T02:01:15,-72.917,-38.154,25,7.2,mw,,,5.8,0.4,,,,,,,,,,,,,ISC-GEM,47.1915588379,forearc,6,25.9986310746064
926,1960-06-20T12:59:47,-72.813,-39.071,25,6.9,mw,,,24.3,0.2,,,,,,,,,,,,,ISC-GEM,61.1477355957,forearc,6,25.9986310746064
928,1960-06-29T01:57:20,-73.836,-42.904,25,6.1,mw,,,0.4,0.42,,,,,,,,,,,,,ISC-GEM,41.1524658203,forearc,6,25.9986310746064
964,1960-12-02T09:37:36,-69.5,-24.4,46,6.8,mw,,,,0.2,,,,,,,,,,,,,CERESIS-GEM,66.7064285278,forearc,6,25.9986310746064
968,1960-12-29T19:01:38,-69.4,-18.9,39,6.6,mw,,,,0.2,,,,,,,,,,,,,CERESIS-GEM,91.781288147,forearc,6,25.9986310746064
976,1961-04-08T17:59:47,-72.8,-38.258,25,6.2,mw,,,4.5,0.47,,,,,,,,,,,,,ISC-GEM,51.8529891968,forearc,6,25.9986310746064
1001,1961-11-09T04:19:42,-67.9,-22.9,84,6.3,mw,,,,0.2,,,,,,,,,,,,,CERESIS-GEM,,intraarc,6,25.9986310746064
1035,1962-09-29T05:21:50,-68,-20,26,6,mw,,,,0.29,,,,,,,,,,,,,CERESIS-GEM,,intraarc,6,25.9986310746064
1034,1962-09-29T07:58:20,-70.5,-17.1,33,6.5,mw,,,,0.2,,,,,,,,,,,,,CERESIS-GEM,103.723579407,forearc,6,25.9986310746064
1072,1963-05-19T01:03:06,-75.302,-46.525,20,6.4,mw,,,,0.4,,,,,,,,,,,,,CERESIS-GEM,,unclassified,6,25.9986310746064
1116,1963-12-03T23:03:47,-69.962,-22.691,35,6.3,mw,,,4.8,0.3,203,44,25,94,73,131,,,,,,,ISC-GEM,45.4363288879,forearc,6,25.9986310746064
1607,1965-11-28T03:56:47,-72.958,-45.847,25,6.2,mw,,,25,0.3,22,58,-162,282,75,-33,,,,,,,ISC-GEM,,intraarc,6,25.9986310746064
1721,1966-04-12T23:37:43,-72.695,-38.231,35,6.3,mw,,,30.4,0.2,356,10,95,171,80,89,,,,,,,ISC-GEM,55.8547668457,forearc,6,25.9986310746064
1987,1966-12-28T08:18:08,-70.55,-25.494,25,7.7,mw,,,3.9,0.3,70,41,150,184,71,53,,,,,,,ISC-GEM,36.1603317261,forearc,6,25.9986310746064
3025,1970-06-14T00:00:11,-74.07,-52.028,15,7,mw,,,25,0.25,,,,,,,,,,,,,ISC-GEM,,unclassified,6,25.9986310746064
3670,1972-09-26T21:05:46,-68.208,-30.957,15,6,mw,,,3.2,0.3,1,39,81,192,51,97,,,,,,,ISC-GEM,,unclassified,6,25.9986310746064
4189,1973-11-03T14:17:41,-67.613,-25.974,17.5,6,mw,,,25,0.3,31,52,148,142,65,43,,,,,,,ISC-GEM,,intraarc,6,25.9986310746064
4705,1975-05-10T14:27:42,-72.976,-38.15,18,6.3,mw,,,,,,,,,,,,,,,,,ISC,43.6458053589,forearc,6,25.9986310746064
4704,1975-05-10T14:27:45,-72.912,-38.152,30,7.8,mw,,,5.8,0.2,13,18,129,153,76,78,,,,,,,ISC-GEM,47.1915588379,forearc,6,25.9986310746064
4893,1975-12-29T03:39:44,-68.679,-56.885,15,6.5,mw,,,25,0.3,167,75,90,347,15,90,,,,,,,ISC-GEM,,unclassified,6,25.9986310746064
4907,1976-01-27T16:28:22,-68.234,-21.41,33,5.3,mw,,,,,,,,,,,,,,,,,USGS,,intraarc,5.3,10.0013689253936
4928,1976-02-24T18:10:34,-69.44,-27.04,48,5.6,mw,,,,,,,,,,,,,,,,,USGS,,intraarc,5.3,10.0013689253936
4931,1976-02-28T16:27:09,-74.727,-39.999,9,6.4,mw,,,,,13,45,-85,187,45,-95,-8e+17,-2.3e+17,1.03e+18,-3e+16,1e+16,2.3e+17,USGS,10.3211832047,forearc,5.3,10.0013689253936
5001,1976-07-31T07:27:08,-68.283,-24.772,70,5.6,mw,,,,,,,,,,,,,,,,,USGS,,intraarc,5.3,10.0013689253936
5063,1976-10-25T22:19:05,-71.307,-17.853,22.3,5.5,mw,,,5.3,0.46,,,,,,,,,,,,,ISC-GEM,48.7767219543,forearc,5.3,10.0013689253936
5078,1976-11-30T00:40:59,-68.76,-20.443,78,6.7,mw,,,,,181,27,-73,342,64,-99,-1.79e+20,-3.5e+19,2.14e+20,5.5e+19,-1.42e+20,-4.4e+19,ISC,,intraarc,5.3,10.0013689253936
5081,1976-11-30T07:41:53,-68.66,-20.414,81,5.5,mw,,,,,,,,,,,,,,,,,USGS,,intraarc,5.3,10.0013689253936
5082,1976-11-30T09:07:13,-68.776,-20.829,60,5.3,mw,,,,,,,,,,,,,,,,,USGS,,intraarc,5.3,10.0013689253936
5091,1976-12-03T05:27:32,-68.632,-20.539,71,5.8,mw,,,,,,,,,,,,,,,,,USGS,,intraarc,5.3,10.0013689253936
5099,1976-12-09T02:47:34,-68.415,-20.515,73,5.3,mw,,,,,,,,,,,,,,,,,USGS,,intraarc,5.3,10.0013689253936
5112,1976-12-24T08:56:15,-74.888,-45.551,33,5.7,mw,,,,,,,,,,,,,,,,,USGS,,unclassified,5.3,10.0013689253936
5114,1976-12-28T13:51:57,-68.478,-21.305,75,6.1,mw,,,5,0.39,,,,,,,,,,,,,ISC-GEM,,intraarc,5.3,10.0013689253936
5132,1977-01-25T00:50:50,-68.377,-33.597,15.8,5.3,mw,,,3.7,0.2,180,45,147,295,67,50,,,,,,,ISC-GEM,,unclassified,5.3,10.0013689253936
5159,1977-03-21T06:17:28,-70.599,-25.12,15,5.4,mw,,,,,,,,,,,,,,,,,USGS,33.3593025208,forearc,5.3,10.0013689253936
5174,1977-04-17T02:41:17,-68.739,-33.293,29.8,5.3,mw,,,4.6,0.26,,,,,,,,,,,,,ISC-GEM,,unclassified,5.3,10.0013689253936
5178,1977-05-09T12:19:08,-68.364,-22.031,80,5.4,mw,,,,,,,,,,,,,,,,,USGS,,intraarc,5.3,10.0013689253936
5197,1977-06-05T02:46:13,-69.71,-23.51,32,5.9,mw,0.08,0.07,0,,94,20,-162,347,84,-71,-1.055e+17,-2.5e+15,1.08e+17,2.196e+17,-7.114e+17,-3.312e+17,GCMT,56.4676094055,forearc,5.3,10.0013689253936
5228,1977-06-30T11:13:36,-69.627,-27.161,46,5.6,mw,,,,,,,,,,,,,,,,,USGS,,intraarc,5.3,10.0013689253936
5252,1977-08-03T14:27:31,-69.375,-31.612,20,5.3,mw,,,4.7,0.2,,,,,,,,,,,,,ISC-GEM,,intraarc,5.3,10.0013689253936
5287,1977-09-21T02:59:06,-67.624,-26.448,15,5.4,mw,,,25,0.2,,,,,,,,,,,,,ISC-GEM,,intraarc,5.3,10.0013689253936
5288,1977-09-21T15:07:19,-67.697,-26.578,65,5.4,mw,,,,,,,,,,,,,,,,,USGS,,intraarc,5.3,10.0013689253936
5302,1977-10-15T14:15:06,-70.515,-53.973,33,5.3,mw,,,,,,,,,,,,,,,,,USGS,,unclassified,5.3,10.0013689253936
5327,1977-11-23T09:26:48,-67.69,-31.22,20.8,7.5,mw,0.01,0.01,0.4,,183,44,90,4,46,90,1.855e+20,8e+17,-1.863e+20,1.3e+18,6.5e+18,-1.19e+19,GCMT,,unclassified,5.3,10.0013689253936
5395,1977-11-28T04:19:39,-68.21,-32.02,33.1,5.6,mw,0.08,0.09,5.5,,150,52,27,43,69,139,1.298e+17,1.472e+17,-2.77e+17,1.333e+17,5.46e+16,-5.27e+16,GCMT,,unclassified,5.3,10.0013689253936
5393,1977-11-28T18:40:17,-69.084,-32.032,86,5.9,mw,,,,,,,,,,,,,,,,,USGS,,intraarc,5.3,10.0013689253936
5435,1977-12-26T10:47:52,-66.653,-27.638,42,5.4,mw,,,,,,,,,,,,,,,,,USGS,,unclassified,5.3,10.0013689253936
5462,1978-01-24T13:18:16,-68.941,-31.765,10,5.9,mw,,,4.5,0.38,,,,,,,,,,,,,ISC-GEM,,intraarc,5.3,10.0013689253936
5519,1978-05-10T23:06:01,-68.858,-29.917,33,5.4,mw,,,,,,,,,,,,,,,,,USGS,,intraarc,5.3,10.0013689253936
5545,1978-06-07T15:16:45,-67.519,-32.049,25,5.5,mw,,,25,0.2,,,,,,,,,,,,,ISC-GEM,,unclassified,5.3,10.0013689253936
5564,1978-07-13T06:34:26,-69.789,-21.951,30,5.6,mw,,,,,,,,,,,,,,,,,USGS,51.4222488403,forearc,5.3,10.0013689253936
5567,1978-07-26T02:04:58,-68.19,-21.69,86,5.6,mw,,,,,,,,,,,,,,,,,USGS,,intraarc,5.3,10.0013689253936
5570,1978-07-29T12:52:12,-68.522,-20.115,81,5.4,mw,,,,,,,,,,,,,,,,,USGS,,intraarc,5.3,10.0013689253936
5575,1978-07-31T11:34:35,-68.291,-21.861,69,5.7,mw,,,,,,,,,,,,,,,,,USGS,,intraarc,5.3,10.0013689253936
5603,1978-09-25T08:56:42,-68.482,-19.541,90,5.3,mw,,,,,,,,,,,,,,,,,USGS,,intraarc,5.3,10.0013689253936
5610,1978-10-11T01:22:00,-70.158,-34.287,10,5.5,mw,,,,,,,,,,,,,,,,,USGS,,intraarc,5.3,10.0013689253936
5623,1978-11-08T07:18:03,-68.387,-21.022,80,5.6,mw,,,,,,,,,,,,,,,,,USGS,,intraarc,5.3,10.0013689253936
5625,1978-11-10T12:18:56,-69.24,-17.856,88,5.6,mw,,,,,,,,,,,,,,,,,USGS,,intraarc,5.3,10.0013689253936
5646,1978-12-21T01:13:55,-72.463,-36.286,47,6.1,mw,,,,,101,34,52,324,64,112,5.478e+17,-4.288e+17,-1.19e+17,-1.293e+17,4.274e+17,2.866e+17,USGS,49.9037818909,forearc,5.3,10.0013689253936
5670,1979-01-29T03:22:45,-68.645,-31.228,10,5.5,mw,,,,,,,,,,,,,,,,,USGS,,unclassified,5.3,10.0013689253936
5672,1979-02-11T17:56:26,-68.629,-20.855,77,5.9,mw,,,,,,,,,,,,,,,,,USGS,,intraarc,5.3,10.0013689253936
5733,1979-04-25T19:18:27,-72.247,-39.009,33,5.5,mw,,,,,,,,,,,,,,,,,USGS,83.7104873657,forearc,5.3,10.0013689253936
5791,1979-06-06T10:54:26,-74.65,-52.93,15,5.6,mw,0.1,0.06,0,,7,8,104,173,82,88,7.86e+16,-6.1e+15,-7.24e+16,3.42e+16,-2.56e+17,-1.2e+15,GCMT,,unclassified,5.3,10.0013689253936
5792,1979-06-13T17:55:17,-66.845,-23.275,10,5.4,mw,,,,,,,,,,,,,,,,,ISC,,intraarc,5.3,10.0013689253936
5801,1979-06-25T20:42:00,-71.362,-17.945,28,5.4,mw,,,,,,,,,,,,,,,,,USGS,43.3621559143,forearc,5.3,10.0013689253936
5823,1979-07-21T02:38:03,-68.976,-22.882,43,5.7,mw,,,,,,,,,,,,,,,,,USGS,77.104927063,forearc,5.3,10.0013689253936
5842,1979-08-28T17:12:47,-69.294,-34.967,10,5.4,mw,,,25,0.2,,,,,,,,,,,,,ISC-GEM,,unclassified,5.3,10.0013689253936
5883,1979-11-06T15:49:09,-69.685,-18.797,51,5.4,mw,,,,,,,,,,,,,,,,,USGS,82.6977920532,forearc,5.3,10.0013689253936
5903,1979-12-24T00:13:41,-66.958,-29.646,49,5.8,mw,,,,,,,,,,,,,,,,,USGS,,unclassified,5.3,10.0013689253936
5922,1980-01-14T21:51:08,-69.42,-33.27,15,5.6,mw,0.07,0.06,0,,141,69,5,49,85,159,-1.31e+16,2.734e+17,-2.603e+17,1.078e+17,3.83e+16,-4.49e+16,GCMT,,intraarc,5.3,10.0013689253936
5923,1980-01-15T23:42:09,-69.456,-33.271,10,5.3,mw,,,,,,,,,,,,,,,,,USGS,,intraarc,5.3,10.0013689253936
5929,1980-01-25T04:47:30,-69.898,-20.457,33,5.5,mw,,,,,,,,,,,,,,,,,USGS,52.8525810242,forearc,5.3,10.0013689253936
5934,1980-01-30T14:49:55,-70.713,-39.226,35,5.4,mw,,,,,,,,,,,,,,,,,ISC,,intraarc,5.3,10.0013689253936
5943,1980-02-24T13:17:15,-68.655,-21.39,33,5.7,mw,,,,,,,,,,,,,,,,,USGS,,intraarc,5.3,10.0013689253936
6065,1980-08-29T10:38:14,-73.103,-39.664,34,5.8,mw,,,,,171,29,140,298,72,67,8.34e+16,-1.58e+16,-6.76e+16,-1.054e+17,2.24e+16,4.74e+16,USGS,55.4285469055,forearc,5.3,10.0013689253936
6066,1980-08-29T10:38:17,-73.37,-39.75,44.6,5.4,mw,0.09,0.08,5.9,,171,29,140,298,72,67,8.34e+16,-1.58e+16,-6.76e+16,-1.054e+17,2.24e+16,4.74e+16,GCMT,45.4454612732,forearc,5.3,10.0013689253936
6109,1980-11-10T16:24:40,-67.468,-31.576,21,6.1,mw,,,,,133,31,49,358,67,111,2.53e+17,-4.24e+16,-2.106e+17,6.35e+16,2.415e+17,1.167e+17,USGS,,unclassified,5.3,10.0013689253936
6136,1980-12-22T11:05:24,-69.76,-17.111,12.3,5.3,mw,,,14.3,0.26,,,,,,,,,,,,,ISC-GEM,,intraarc,5.3,10.0013689253936
6184,1981-03-23T19:28:15,-71.81,-33.96,16.6,6.4,mw,0.06,0.04,2.5,,335,5,73,173,85,91,1.027e+18,-5.4e+17,-4.87e+17,5.85e+17,-4.676e+18,1.14e+17,GCMT,33.4850769043,forearc,5.3,10.0013689253936
6198,1981-04-02T06:37:09,-69.562,-20.823,47,5.4,mw,,,5.1,,,,,,,,,,,,,,USGS,65.2192611694,forearc,5.3,10.0013689253936
6270,1981-06-16T05:41:49,-68.337,-21.486,76.1,5.8,mw,,,3.8,,118,40,-128,344,59,-62,-1.243e+17,3.1e+16,9.33e+16,-700000000000000,-7.02e+16,-1.165e+17,USGS,,intraarc,5.3,10.0013689253936
6272,1981-06-21T10:30:09,-70.83,-20.84,15,5.7,mw,0.08,0.06,0,,299,24,40,172,75,109,2.378e+17,-4.03e+16,-1.975e+17,1.64e+16,-4.147e+17,1.879e+17,GCMT,17.6550045013,forearc,5.3,10.0013689253936
6291,1981-07-28T03:03:27,-73.45,-41.97,46.7,5.6,mw,0.09,0.04,4.7,,44,59,17,305,75,148,6.37e+16,-2.863e+17,2.226e+17,-7.46e+16,1.733e+17,-5.5e+16,GCMT,49.9460029602,forearc,5.3,10.0013689253936
6373,1981-11-01T12:03:46,-68.546,-28.505,51.1,5.3,mw,,,4.6,,,,,,,,,,,,,,USGS,,intraarc,5.3,10.0013689253936
6413,1981-12-23T22:11:08,-70.154,-19.27,36,5.3,mw,,,5.2,0.2,,,,,,,,,,,,,ISC-GEM,56.4632148743,forearc,5.3,10.0013689253936
6507,1982-06-01T09:37:25,-70.341,-42.874,33,5.8,mw,,,,,,,,,,,,,,,,,USGS,,unclassified,5.3,10.0013689253936
6515,1982-06-11T14:03:12,-67.714,-27.934,33,5.3,mw,,,,,,,,,,,,,,,,,USGS,,unclassified,5.3,10.0013689253936
6558,1982-08-29T00:59:21,-70.322,-19.363,33,5.5,mw,,,,,,,,,,,,,,,,,USGS,48.5910606384,forearc,5.3,10.0013689253936
6568,1982-09-13T16:36:17,-68.035,-23.907,32.1,5.4,mw,,,6.4,,,,,,,,,,,,,,USGS,,intraarc,5.3,10.0013689253936
6659,1982-12-28T08:06:34,-69.591,-18.913,52,5.7,mw,,,,,,,,,,,,,,,,,USGS,84.558380127,forearc,5.3,10.0013689253936
6664,1982-12-31T03:47:34,-67.8,-20.53,10.1,6,mw,0.09,0.12,0,,340,11,130,119,82,83,4.358e+17,-9.05e+16,-3.453e+17,9.568e+17,-4.646e+17,3.44e+16,GCMT,,intraarc,5.3,10.0013689253936
6681,1983-01-20T19:54:04,-72.308,-40.948,33,5.4,mw,,,,,,,,,,,,,,,,,USGS,,intraarc,5.3,10.0013689253936
6865,1983-10-09T11:25:43,-70.355,-26.116,24,5.9,mw,,,,,9,20,111,167,71,82,3.858e+18,1.27e+17,-3.986e+18,1.429e+18,-4.9e+18,1.26e+17,ISC,46.2315826416,forearc,5.3,10.0013689253936
6973,1984-03-28T11:34:02,-67.544,-26.402,20,5.3,mw,,,4,0.2,,,,,,,,,,,,,ISC-GEM,,intraarc,5.3,10.0013689253936
6999,1984-05-02T06:14:14,-69.146,-34.897,23,5.3,mw,,,,,,,,,,,,,,,,,ISC,,unclassified,5.3,10.0013689253936
7229,1985-01-26T03:06:58,-68.467,-33.053,5,6.2,mw,,,,,158,38,65,9,56,108,8.7e+17,1.161e+17,-9.861e+17,2.094e+17,3.349e+17,1.172e+17,USGS,,unclassified,5.3,10.0013689253936
7273,1985-02-24T03:12:44,-69.689,-33.124,33,5.4,mw,,,,,,,,,,,,,,,,,USGS,,intraarc,5.3,10.0013689253936
7283,1985-03-03T23:31:52,-71.01,-32.641,16,5.4,mw,,,,,,,,,,,,,,,,,ISC,59.7401046753,forearc,5.3,10.0013689253936
7288,1985-03-04T06:07:12,-72.08,-33.43,10,6.3,mw,0.25,0.18,0,,215,24,143,340,76,70,1.579e+18,7.2e+17,-2.299e+18,-1.231e+18,2.721e+18,-3.16e+17,GCMT,20.5446720123,forearc,5.3,10.0013689253936
7323,1985-03-05T09:09:01,-71.42,-34.18,33,5.4,mw,0.16,0.09,0,,36,14,126,180,79,82,6.16e+16,-2.7e+15,-5.89e+16,5.4e+15,-1.46e+17,-2.2e+16,GCMT,52.7282867432,forearc,5.3,10.0013689253936
7443,1985-03-20T15:28:45,-70.241,-18.097,56.7,5.4,mw,,,,,,,,,,,,,,,,,USGS,78.3181533813,forearc,5.3,10.0013689253936
7452,1985-03-23T14:36:59,-72.54,-33.44,10,5.5,mw,0.07,0.07,0,,16,46,118,159,51,65,2.248e+17,3.62e+16,-2.61e+17,7.67e+16,-1.97e+16,1.32e+16,GCMT,11.6786355972,forearc,5.3,10.0013689253936
7719,1985-09-18T06:56:12,-71.411,-39.354,33,5.3,mw,,,,,,,,,,,,,,,,,USGS,,intraarc,5.3,10.0013689253936
7767,1985-11-04T19:12:35,-70.525,-35.127,15,5.3,mw,,,5.3,0.29,,,,,,,,,,,,,ISC-GEM,,intraarc,5.3,10.0013689253936
7773,1985-11-06T16:08:53,-74.3,-41,15.9,5.3,mw,0.14,0.09,5.6,,221,49,-52,351,53,-125,-7.53e+16,-1.265e+16,8.795e+16,3.475e+16,-1.689e+16,3.114e+16,GCMT,18.8460140228,forearc,5.3,10.0013689253936
7781,1985-11-14T23:33:25,-70.145,-33.223,23,5.4,mw,,,6.3,,,,,,,,,,,,,,USGS,,intraarc,5.3,10.0013689253936
7785,1985-11-18T08:55:21,-69.383,-21.444,35,5.4,mw,,,,,,,,,,,,,,,,,USGS,68.5941085815,forearc,5.3,10.0013689253936
7810,1985-12-26T03:59:22,-70.129,-34.065,15,5.4,mw,,,3.8,0.2,,,,,,,,,,,,,ISC-GEM,,intraarc,5.3,10.0013689253936
8028,1986-06-18T05:32:57,-73.402,-42.049,33,5.6,mw,,,,,,,,,,,,,,,,,USGS,52.7906417847,forearc,5.2,11.0006844626968
8053,1986-07-19T14:35:23,-68.991,-30.747,46.1,5.4,mw,,,13.1,,,,,,,,,,,,,,USGS,,intraarc,5.2,11.0006844626968
8083,1986-08-11T22:06:49,-67.76,-31.19,26.5,5.4,mw,0.07,0.06,5.5,,187,49,167,285,80,41,2.675e+16,2.631e+16,-5.305e+16,-8.654e+16,530000000000000,9.006e+16,GCMT,,unclassified,5.2,11.0006844626968
8111,1986-09-10T17:03:34,-71.29,-50.24,33,5.4,mw,,,,,,,,,,,,,,,,,USGS,,unclassified,5.2,11.0006844626968
8352,1987-02-13T19:52:43,-68.46,-19.131,65.1,5.2,mw,,,7,,,,,,,,,,,,,,USGS,,intraarc,5.2,11.0006844626968
8477,1987-03-06T07:06:55,-69.7,-23.53,41,6,mw,0.3,0.17,0,,113,24,-177,20,89,-66,1.5e+16,-5.63e+17,5.48e+17,-2.95e+17,-1.303e+18,-3.23e+17,GCMT,56.6271820068,forearc,5.2,11.0006844626968
8478,1987-03-06T09:39:54,-70.173,-24.118,33,5.8,mw,,,,,54,24,154,168,80,68,8.76e+17,3.34e+17,-1.21e+18,6.82e+17,-2.169e+18,-7.03e+17,ISC,43.3216819763,forearc,5.2,11.0006844626968
8475,1987-03-06T09:39:56,-70.031,-24.055,44.4,6.2,mw,,,5.3,0.1,168,80,68,54,24,154,8.76e+17,3.34e+17,-1.21e+18,6.82e+17,-2.169e+18,-7.03e+17,ISC-GEM,46.509803772,forearc,5.2,11.0006844626968
8491,1987-03-08T12:51:51,-71.09,-20.01,15,5.3,mw,0.09,0.15,0,,52,22,142,178,77,73,3.435e+16,1.441e+16,-4.876e+16,2.63e+15,-8.029e+16,-2.719e+16,GCMT,16.2389984131,forearc,5.2,11.0006844626968
8536,1987-03-15T06:03:06,-70.54,-24.44,15,5.5,mw,0.16,0.12,0,,279,19,30,160,81,106,7.2e+16,-6.23e+16,-9.7e+15,4.22e+16,-1.766e+17,4.73e+16,GCMT,32.1102600098,forearc,5.2,11.0006844626968
8579,1987-03-22T03:23:58,-70.142,-24.058,40.2,6.1,mw,,,,,40,32,145,161,72,63,7.328e+17,2.652e+17,-9.98e+17,5.348e+17,-9.048e+17,-2.658e+17,USGS,43.0518951416,forearc,5.2,11.0006844626968
9079,1987-06-29T01:51:43,-71.973,-51.736,10,5.4,mw,,,,,,,,,,,,,,,,,USGS,,unclassified,5.2,11.0006844626968
9110,1987-07-05T12:47:06,-67.051,-56.886,10,5.6,mw,,,,,,,,,,,,,,,,,USGS,,unclassified,5.2,11.0006844626968
9290,1987-07-31T16:29:53,-72.546,-40.542,33,5.6,mw,,,,,,,,,,,,,,,,,USGS,83.8831481934,forearc,5.2,11.0006844626968
9347,1987-08-08T15:48:53,-70.052,-19.185,19,6.4,mw,,,,,176,20,-87,353,70,-91,-4.515e+19,-1.025e+19,5.54e+19,7.74e+18,-5.982e+19,-7.08e+18,ISC,61.5139503479,forearc,5.2,11.0006844626968
9583,1987-09-13T20:08:53,-70,-34.59,15,5.9,mw,0.04,0.03,0,,27,58,176,119,87,32,-2.2e+15,5.529e+17,-5.507e+17,4.011e+17,-1.241e+17,3.47e+17,GCMT,,intraarc,5.2,11.0006844626968
10231,1987-12-28T08:16:20,-70.633,-28.162,33,6.1,mw,,,,,20,31,114,173,62,76,6.36e+17,1.464e+17,-7.824e+17,1.131e+17,-4.449e+17,-8.97e+16,ISC,49.3428192139,forearc,5.2,11.0006844626968
10427,1988-02-05T14:01:16,-70.56,-24.93,17.2,7.2,mw,0.01,0.01,0.7,,353,17,82,181,73,92,3.606e+19,1.25e+18,-3.73e+19,-1.76e+18,-5.517e+19,1.8e+18,GCMT,34.461101532,forearc,5.2,11.0006844626968
10486,1988-02-15T18:49:28,-69.85,-24.98,15,5.5,mw,0.13,0.1,0,,95,4,-178,3,90,-86,8.5e+15,-2.11e+16,1.26e+16,-1.13e+16,-2.557e+17,-1.59e+16,GCMT,59.4918212891,forearc,5.2,11.0006844626968
10543,1988-02-27T07:11:39,-73.274,-41.467,33,5.2,mw,,,,,,,,,,,,,,,,,USGS,54.2154273987,forearc,5.2,11.0006844626968
10548,1988-02-28T10:24:11,-70.906,-17.051,33,5.3,mw,,,,,,,,,,,,,,,,,USGS,95.4039993286,forearc,5.2,11.0006844626968
10566,1988-03-05T00:04:25,-69.477,-27.67,34.1,5.2,mw,,,7.8,,,,,,,,,,,,,,USGS,,intraarc,5.2,11.0006844626968
10621,1988-03-25T17:20:54,-67.9,-31.335,26.6,5.5,mw,,,4.7,0.32,,,,,,,,,,,,,ISC-GEM,,unclassified,5.2,11.0006844626968
10821,1988-05-21T14:28:49,-71.57,-32.92,15,6.1,mw,0.09,0.05,0,,64,4,159,175,89,87,1.62e+17,-1.35e+17,-2.7e+16,1.85e+17,-1.81e+18,-1.23e+17,GCMT,36.3765449524,forearc,5.2,11.0006844626968
11149,1988-07-18T02:30:32,-69.957,-22.209,27.5,5.5,mw,,,3.6,0.2,,,,,,,,,,,,,ISC-GEM,45.1760177612,forearc,5.2,11.0006844626968
11265,1988-08-17T08:16:28,-71.04,-26.93,15,5.4,mw,0.1,0.11,0,,46,13,155,161,85,78,4.02e+16,-1.2e+15,-3.9e+16,6.21e+16,-1.445e+17,-2.64e+16,GCMT,22.4628562927,forearc,5.2,11.0006844626968
11262,1988-08-17T11:34:55,-71.18,-26.72,15,6.1,mw,0.07,0.06,0,,49,11,156,163,85,80,3.28e+17,-2.5e+16,-3.03e+17,5.16e+17,-1.437e+18,-2.35e+17,GCMT,17.329366684,forearc,5.2,11.0006844626968
11263,1988-08-17T12:38:20,-70.64,-26.68,15,5.6,mw,0.13,0.09,0,,78,9,-171,339,88,-81,2.34e+16,-2.98e+16,6.4e+15,1.412e+17,-3.127e+17,-9.17e+16,GCMT,36.0952072144,forearc,5.2,11.0006844626968
11266,1988-08-17T13:47:53,-70.405,-27.717,33,5.2,mw,,,,,,,,,,,,,,,,,USGS,55.9194068909,forearc,5.2,11.0006844626968
11264,1988-08-17T14:26:08,-70.85,-27,15,5.5,mw,0.18,0.11,0,,56,10,152,173,85,81,3.11e+16,7e+15,-3.81e+16,2.57e+16,-1.964e+17,-2.59e+16,GCMT,29.6528396606,forearc,5.2,11.0006844626968
11297,1988-08-27T00:22:07,-70.209,-33.899,10,5.3,mw,,,,,,,,,,,,,,,,,USGS,,intraarc,5.2,11.0006844626968
11326,1988-09-09T02:20:21,-67.574,-30.2,39.5,5.5,mw,,,14,,,,,,,,,,,,,,USGS,,unclassified,5.2,11.0006844626968
11434,1988-10-22T11:51:17,-73.651,-52.997,10,5.2,mw,,,,,,,,,,,,,,,,,USGS,,unclassified,5.2,11.0006844626968
11458,1988-11-05T08:51:13,-72.808,-37.869,33,5.2,mw,,,,,,,,,,,,,,,,,USGS,48.5850486755,forearc,5.2,11.0006844626968
11590,1988-12-25T05:11:30,-71.472,-38.385,33,5.2,mw,,,,,,,,,,,,,,,,,USGS,,intraarc,5.2,11.0006844626968
11610,1988-12-31T14:24:47,-74.21,-52.35,35,5.2,mw,,,,,,,,,,,,,,,,,ISC,,unclassified,5.2,11.0006844626968
11640,1989-01-13T04:26:48,-71.473,-38.531,33,5.4,mw,,,,,,,,,,,,,,,,,USGS,,intraarc,5.2,11.0006844626968
11718,1989-02-22T12:44:12,-68.954,-32.397,55.5,5.2,mw,,,6.7,,,,,,,,,,,,,,USGS,,unclassified,5.2,11.0006844626968
11721,1989-02-24T12:36:48,-71.83,-39.26,15,5.2,mw,0.09,0.1,0,,110,62,23,9,70,150,2.365e+16,2.289e+16,-4.654e+16,4.16e+16,3.467e+16,6.387e+16,GCMT,,intraarc,5.2,11.0006844626968
11739,1989-03-06T09:16:08,-73.441,-42.186,10,5.2,mw,,,,,,,,,,,,,,,,,USGS,52.0878257751,forearc,5.2,11.0006844626968
11943,1989-05-29T22:22:39,-70.21,-23.52,25.2,5.5,mw,0.08,0.1,6.2,,65,32,158,174,79,60,8.13e+16,1.04e+16,-9.17e+16,5.72e+16,-1.857e+17,-1.051e+17,GCMT,38.8043746948,forearc,5.2,11.0006844626968
11966,1989-06-17T14:57:50,-67.636,-31.448,25,5.5,mw,,,29.7,0.2,,,,,,,,,,,,,ISC-GEM,,unclassified,5.2,11.0006844626968
12023,1989-07-22T09:41:35,-70.258,-34.299,12.3,5.3,mw,,,2.4,,,,,,,,,,,,,,USGS,,intraarc,5.2,11.0006844626968
12177,1989-09-22T07:02:59,-67.797,-31.018,5,5.4,mw,,,,,,,,,,,,,,,,,USGS,,unclassified,5.2,11.0006844626968
12706,1990-04-21T18:54:52,-73.303,-36.985,11.9,6.3,mw,,,,,352,17,80,183,73,93,3.555e+17,2.45e+16,-3.8e+17,-3.99e+16,-5.435e+17,1.29e+16,USGS,29.0535297394,forearc,5.2,11.0006844626968
12747,1990-04-29T04:37:38,-70.371,-32.468,32,5.3,mw,,,,,,,,,,,,,,,,,ISC,,intraarc,5.2,11.0006844626968
12899,1990-06-08T13:49:30,-71.67,-18.33,15,5.6,mw,0.05,0.04,0,,274,48,32,161,66,133,1.941e+17,-1.429e+17,-5.12e+16,4.02e+16,-1.297e+17,2.843e+17,GCMT,23.2744312286,forearc,5.2,11.0006844626968
13655,1990-10-10T19:47:38,-72.532,-35.288,12.9,5.2,mw,,,3.6,,,,,,,,,,,,,,USGS,30.1623039246,forearc,5.2,11.0006844626968
14009,1990-12-26T15:03:11,-68.18,-31.573,17.4,5.3,mw,,,10.9,,,,,,,,,,,,,,USGS,,unclassified,5.2,11.0006844626968
14422,1991-02-27T08:34:36,-68.872,-30.258,30,5.6,mw,,,5,0.2,,,,,,,,,,,,,ISC-GEM,,intraarc,5.2,11.0006844626968
14483,1991-03-08T07:55:28,-70.408,-23.025,10,5.2,mw,,,,,,,,,,,,,,,,,USGS,30.6364879608,forearc,5.2,11.0006844626968
15046,1991-05-28T04:54:45,-72.789,-40.116,47.6,5.3,mw,,,,,,,,,,,,,,,,,USGS,71.255859375,forearc,5.2,11.0006844626968
15225,1991-07-06T23:32:35,-69.393,-21.413,25,5.4,mw,,,4.5,0.23,,,,,,,,,,,,,ISC-GEM,68.7570419312,forearc,5.2,11.0006844626968
15421,1991-08-08T18:22:30,-72.691,-45.516,33,5.4,mw,,,,,,,,,,,,,,,,,USGS,,intraarc,5.2,11.0006844626968
15455,1991-08-14T09:01:06,-72.591,-45.74,10,5.5,mw,,,,,,,,,,,,,,,,,USGS,,intraarc,5.2,11.0006844626968
15465,1991-08-15T04:39:08,-72.717,-45.855,15,5.5,mw,,,6.2,0.45,,,,,,,,,,,,,ISC-GEM,,intraarc,5.2,11.0006844626968
15464,1991-08-15T06:50:36,-72.871,-45.83,10,5.6,mw,,,4.5,0.34,,,,,,,,,,,,,ISC-GEM,,intraarc,5.2,11.0006844626968
15463,1991-08-15T09:46:16,-73.088,-45.838,10,5.8,mw,,,4.6,0.2,,,,,,,,,,,,,ISC-GEM,,intraarc,5.2,11.0006844626968
15466,1991-08-15T11:50:07,-72.988,-45.883,35,5.2,mw,,,,,,,,,,,,,,,,,ISC,,intraarc,5.2,11.0006844626968
15462,1991-08-15T12:16:16,-72.815,-45.884,10,5.9,mw,,,4.5,0.2,,,,,,,,,,,,,ISC-GEM,,intraarc,5.2,11.0006844626968
15507,1991-08-22T00:58:40,-72.809,-45.816,10,5.4,mw,,,,,,,,,,,,,,,,,USGS,,intraarc,5.2,11.0006844626968
15589,1991-09-02T17:43:25,-72.618,-45.885,15,5.5,mw,,,6.2,0.22,,,,,,,,,,,,,ISC-GEM,,intraarc,5.2,11.0006844626968
16279,1991-12-08T11:02:49,-67.712,-32.685,28.3,5.4,mw,,,6.2,,,,,,,,,,,,,,USGS,,unclassified,5.2,11.0006844626968
16496,1992-01-18T15:42:14,-71.594,-35.17,33,5.4,mw,,,,,,,,,,,,,,,,,USGS,61.7032852173,forearc,5.2,11.0006844626968
16529,1992-01-25T17:11:11,-72.277,-50.378,15,5.3,mw,,,25,0.24,,,,,,,,,,,,,ISC-GEM,,unclassified,5.2,11.0006844626968
17848,1992-07-30T13:14:57,-72.59,-51.12,15,5.5,mw,0.05,0.04,0,,31,25,114,184,67,79,1.39e+17,-2.5e+15,-1.365e+17,2.1e+15,-1.41e+17,-4.64e+16,GCMT,,unclassified,5.2,11.0006844626968
17847,1992-07-30T23:00:42,-67.386,-31.481,5,5.9,mw,,,,,,,,,,,,,,,,,USGS,,unclassified,5.2,11.0006844626968
18210,1992-09-24T13:22:20,-67.811,-31.044,9.5,5.3,mw,,,5.2,,,,,,,,,,,,,,USGS,,unclassified,5.2,11.0006844626968
18477,1992-11-03T15:41:34,-69.85,-23.05,18.7,5.2,mw,0.13,0.11,11.9,,104,13,-145,340,82,-79,-8.5e+15,-7.42e+15,1.592e+16,2.946e+16,-6.686e+16,-2.981e+16,GCMT,49.8164558411,forearc,5.2,11.0006844626968
19338,1993-03-09T04:45:59,-73.247,-39.892,33,5.7,mw,,,,,,,,,,,,,,,,,USGS,50.2435836792,forearc,5.2,11.0006844626968
20488,1993-09-03T18:14:10,-72.743,-41.265,33,5.6,mw,,,,,,,,,,,,,,,,,USGS,75.4097976685,forearc,5.2,11.0006844626968
20504,1993-09-06T07:55:24,-68.418,-19.18,57.6,5.2,mw,,,8,,,,,,,,,,,,,,USGS,,intraarc,5.2,11.0006844626968
21290,1994-01-24T03:44:23,-70.105,-31.177,11.7,5.4,mw,,,4.3,,,,,,,,,,,,,,USGS,,intraarc,5.2,11.0006844626968
21352,1994-02-11T00:48:43,-70.885,-18.426,36,5.4,mw,,,,,291,45,53,158,56,121,1.33e+17,-6.82e+16,-6.48e+16,-2.7e+16,-6.64e+16,9.35e+16,USGS,44.0469284058,forearc,5.2,11.0006844626968
21597,1994-05-02T20:11:58,-69.7,-19.013,56,5.5,mw,,,9.6,,,,,,,,,,,,,,USGS,79.0784912109,forearc,5.2,11.0006844626968
22241,1994-09-25T01:22:06,-68.124,-30.901,10,5.5,mw,,,,,,,,,,,,,,,,,USGS,,unclassified,5.2,11.0006844626968
22353,1994-10-24T14:03:45,-68.939,-22.728,33,5.2,mw,,,,,,,,,,,,,,,,,USGS,78.6162948608,forearc,5.2,11.0006844626968
22417,1994-11-16T02:52:05,-70.046,-34.082,7.5,5.5,mw,,,2.9,,,,,,,,,,,,,,USGS,,intraarc,5.2,11.0006844626968
22545,1994-12-09T10:45:16,-70.168,-33.951,10,5.2,mw,,,,,,,,,,,,,,,,,USGS,,intraarc,5.2,11.0006844626968
22652,1995-01-02T05:41:37,-71.037,-41.625,78.1,5.3,mw,,,22.3,,,,,,,,,,,,,,USGS,,intraarc,5.2,11.0006844626968
22734,1995-01-15T19:04:35,-70.116,-34.022,15,5.4,mw,,,3.8,0.2,,,,,,,,,,,,,ISC-GEM,,intraarc,5.2,11.0006844626968
23076,1995-03-23T09:18:25,-72.81,-36.33,15,5.5,mw,0.09,0.06,0,,21,6,120,170,85,87,2.17e+16,2.91e+16,-5.09e+16,3.29e+16,-1.986e+17,2.5e+15,GCMT,38.9621353149,forearc,5.2,11.0006844626968
23508,1995-06-12T17:47:19,-70.525,-33.741,12.2,5.2,mw,,,19.8,0.25,,,,,,,,,,,,,ISC-GEM,,intraarc,5.2,11.0006844626968
23800,1995-07-30T05:34:29,-69.99,-25.191,33,5.2,mw,,,,,,,,,,,,,,,,,USGS,55.5511665344,forearc,5.2,11.0006844626968
23787,1995-07-30T10:35:39,-70.715,-24.359,10.7,6.2,mw,,,,,,,,,,,,,,,,,USGS,27.1697616577,forearc,5.2,11.0006844626968
23804,1995-07-30T14:44:46,-69.988,-24.077,33,5.2,mw,,,,,,,,,,,,,,,,,USGS,48.525844574,forearc,5.2,11.0006844626968
23794,1995-07-30T21:05:49,-70.555,-23.318,17,5.7,mw,,,,,41,13,148,163,83,79,4.41e+17,2.56e+17,-6.97e+17,6.05e+17,-1.854e+18,-1.47e+17,ISC,27.2111148834,forearc,5.2,11.0006844626968
23789,1995-07-30T21:05:56,-70.74,-23,15,6.1,mw,0.03,0.03,0,,41,13,148,163,83,79,4.41e+17,2.56e+17,-6.97e+17,6.05e+17,-1.854e+18,-1.47e+17,GCMT,21.1612033844,forearc,5.2,11.0006844626968
23897,1995-08-01T13:29:43,-67.166,-31.175,25.4,5.4,mw,,,,,,,,,,,,,,,,,USGS,,unclassified,5.2,11.0006844626968
23926,1995-08-02T16:27:37,-70.99,-23.28,15,5.7,mw,0.02,0.02,0,,42,19,139,172,78,75,2.019e+17,2.44e+16,-2.263e+17,9.2e+16,-4.204e+17,-8.93e+16,GCMT,16.2940559387,forearc,5.2,11.0006844626968
23948,1995-08-03T12:00:32,-69.91,-22.29,15,5.3,mw,0.07,0.07,0,,92,29,-164,348,82,-62,-2.018e+16,4.19e+15,1.599e+16,2.886e+16,-8.352e+16,-5.89e+16,GCMT,47.1544494629,forearc,5.2,11.0006844626968
23947,1995-08-03T14:19:09,-70.12,-22.39,15,5.6,mw,0.05,0.03,0,,87,10,-170,347,88,-80,7.1e+15,-2.63e+16,1.92e+16,9.4e+16,-3.358e+17,-8.09e+16,GCMT,39.4557685852,forearc,5.2,11.0006844626968
24010,1995-08-09T07:20:42,-70.62,-24.34,18.5,5.3,mw,0.09,0.09,5.7,,52,20,145,176,79,73,3.485e+16,3.01e+15,-3.787e+16,1.254e+16,-8.231e+16,-2.359e+16,GCMT,30.0950222015,forearc,5.2,11.0006844626968
24519,1995-11-06T02:18:43,-68.45,-18.97,46.5,5.3,mw,0.06,0.03,3,,237,78,8,145,82,167,6.94e+16,-1.522e+17,8.28e+16,1.1e+16,-8.4e+15,4.75e+16,GCMT,,intraarc,5.2,11.0006844626968
24939,1996-01-16T18:38:27,-69.953,-33.782,5,5.3,mw,,,,,,,,,,,,,,,,,USGS,,intraarc,5.2,11.0006844626968
25852,1996-08-06T15:08:24,-67.535,-28.607,33,5.4,mw,,,,,,,,,,,,,,,,,USGS,,unclassified,5.2,11.0006844626968
25876,1996-08-14T21:23:49,-72.81,-42.36,33,5.2,mw,0.11,0.1,0,,215,29,-11,314,85,-119,-6.95e+15,-3.253e+16,3.948e+16,3.276e+16,-5.419e+16,-2.383e+16,GCMT,,intraarc,5.2,11.0006844626968
26058,1996-09-28T18:24:13,-70.029,-18.237,54.6,5.4,mw,,,6,0.28,,,,,,,,,,,,,ISC-GEM,81.526802063,forearc,5.2,11.0006844626968
26273,1996-11-27T18:31:55,-68.806,-32.902,28.2,5.2,mw,,,,,,,,,,,,,,,,,USGS,,unclassified,5.2,11.0006844626968
26941,1997-04-02T07:32:34,-69.553,-24.562,50,5,mw,,,,,,,,,,,,,,,,,USGS,66.084487915,forearc,5,4.99931553730322
27060,1997-04-21T22:41:25,-75.641,-49.031,27,5.1,mw,,,,,,,,,,,,,,,,,ISC,,unclassified,5,4.99931553730322
27063,1997-04-22T06:12:31,-67.154,-27.938,29.6,5.2,mw,,,,,,,,,,,,,,,,,USGS,,unclassified,5,4.99931553730322
27167,1997-05-11T07:37:15,-72.678,-45.754,33,5,mw,,,,,,,,,,,,,,,,,USGS,,intraarc,5,4.99931553730322
27553,1997-07-19T12:22:57,-71.557,-29.274,16,5.8,mw,,,,,315,55,60,180,45,126,4.92e+17,1.913e+17,-6.833e+17,-2.901e+17,-2.58e+17,2.502e+17,ISC,25.9306564331,forearc,5,4.99931553730322
27606,1997-07-25T15:03:52,-69.266,-26.021,52.5,5.4,mw,,,12.9,,,,,,,,,,,,,,USGS,,intraarc,5,4.99931553730322
27636,1997-07-27T09:07:55,-69.251,-26.181,52,5.1,mw,,,,,,,,,,,,,,,,,USGS,,intraarc,5,4.99931553730322
28502,1997-12-18T12:30:07,-72.92,-41.99,44.2,5.2,mw,0.16,0.07,7.7,,87,27,37,323,74,112,3.339e+16,-3.686e+16,3.47e+15,-2.889e+16,4.644e+16,2.567e+16,GCMT,73.4377441406,forearc,5,4.99931553730322
28758,1998-01-28T19:19:48,-70.865,-35.747,33,5.2,mw,,,,,,,,,,,,,,,,,USGS,,intraarc,5,4.99931553730322
28885,1998-02-20T08:34:00,-69.048,-31.965,31.6,5.5,mw,,,,,,,,,,,,,,,,,USGS,,intraarc,5,4.99931553730322
29031,1998-03-13T14:00:48,-72.532,-45.865,33,5.3,mw,,,,,,,,,,,,,,,,,USGS,,intraarc,5,4.99931553730322
29667,1998-06-03T02:42:56,-69.616,-19.673,33,5.4,mw,,,,,,,,,,,,,,,,,USGS,73.0303115845,forearc,5,4.99931553730322
31044,1998-10-25T03:54:40,-69.59,-17.97,15,5.2,mw,0,0,0,,155,60,179,246,89,30,2.083e+16,-7.118e+16,5.035e+16,-4.725e+16,390000000000000,4.511e+16,GCMT,103.731628418,forearc,5,4.99931553730322
31426,1998-12-06T17:22:12,-68.029,-23.771,65.3,5,mw,,,11.7,,,,,,,,,,,,,,USGS,,intraarc,5,4.99931553730322
31852,1999-02-04T08:11:46,-68.511,-20.864,33,5,mw,,,,,,,,,,,,,,,,,USGS,,intraarc,5,4.99931553730322
31944,1999-02-16T14:49:20,-69.373,-17.432,99.6,5.1,mw,,,38.8,,,,,,,,,,,,,,USGS,,intraarc,5,4.99931553730322
32082,1999-03-05T03:35:17,-69.646,-34.687,15,5.3,mw,,,,,170,12,69,12,79,94,3.858e+17,-2.73e+16,-3.585e+17,2.023e+17,8.644e+17,4.5e+15,ISC,,intraarc,5,4.99931553730322
32080,1999-03-05T03:35:19,-70.25,-34.75,15,5.9,mw,0.04,0.04,0,,170,12,69,12,79,94,3.858e+17,-2.73e+16,-3.585e+17,2.023e+17,8.644e+17,4.5e+15,GCMT,,intraarc,5,4.99931553730322
32231,1999-03-22T17:01:00,-68.804,-21.119,33,5,mw,,,,,,,,,,,,,,,,,USGS,,intraarc,5,4.99931553730322
32242,1999-03-23T05:41:31,-69.686,-34.708,10,5,mw,,,,,,,,,,,,,,,,,USGS,,intraarc,5,4.99931553730322
32273,1999-03-27T11:13:35,-71.85,-40.32,15,5.4,mw,0.07,0.05,0,,174,72,174,266,85,18,-1.28e+16,-2e+16,3.27e+16,-5.78e+16,-3.24e+16,1.7e+17,GCMT,,intraarc,5,4.99931553730322
32599,1999-05-10T08:47:26,-69.05,-29.51,67.5,5.2,mw,0.1,0.11,8,,119,53,15,20,78,142,2.061e+16,3.323e+16,-5.385e+16,1.623e+16,3.3e+16,3.402e+16,GCMT,,intraarc,5,4.99931553730322
34353,2000-01-13T10:59:47,-72.277,-45.786,33,5.2,mw,,,,,,,,,,,,,,,,,USGS,,intraarc,5,4.99931553730322
34431,2000-01-27T00:13:09,-68.26,-31.104,24.2,5.1,mw,,,4.6,0.2,,,,,,,,,,,,,ISC-GEM,,unclassified,5,4.99931553730322
34515,2000-02-14T09:28:53,-73.002,-45.85,15,5.2,mw,,,25,0.21,,,,,,,,,,,,,ISC-GEM,,intraarc,5,4.99931553730322
34516,2000-02-14T21:39:45,-72.722,-45.875,15,5.2,mw,,,6.2,0.2,,,,,,,,,,,,,ISC-GEM,,intraarc,5,4.99931553730322
34649,2000-03-15T17:48:22,-68.737,-32.51,33,5.2,mw,,,,,,,,,,,,,,,,,USGS,,unclassified,5,4.99931553730322
36030,2000-11-30T08:36:41,-66.748,-28.978,57.7,5.2,mw,,,11.6,,,,,,,,,,,,,,USGS,,unclassified,5,4.99931553730322
36246,2001-01-06T05:11:13,-71.643,-40.434,78.9,4.7,mw,,,54.5,,,,,,,,,,,,,,CSN-improved,,intraarc,4.7,5.99863107460643
36454,2001-02-01T05:07:42,-71.207,-36.417,10,5.3,mw,,,,,,,,,,,,,,,,,USGS,,intraarc,4.7,5.99863107460643
36577,2001-02-17T05:37:29,-67.665,-21.912,72.5,4.9,mw,,,30.6,,,,,,,,,,,,,,USGS,,intraarc,4.7,5.99863107460643
36614,2001-02-22T12:43:07,-68.811,-23.878,33,4.7,mw,,,,,,,,,,,,,,,,,USGS,,intraarc,4.7,5.99863107460643
36743,2001-03-15T11:06:20,-69.558,-34.821,33,5.2,mw,,,,,,,,,,,,,,,,,USGS,,intraarc,4.7,5.99863107460643
36745,2001-03-15T11:06:24,-69.707,-34.856,52,4.8,mw,,,,,,,,,,,,,,,,,ISC,,intraarc,4.7,5.99863107460643
36780,2001-03-19T22:32:20,-70.97,-37.356,10,4.8,mw,,,,,,,,,,,,,,,,,ISC,,intraarc,4.7,5.99863107460643
36777,2001-03-19T22:32:22,-70.839,-37.393,33,5.2,mw,,,,,,,,,,,,,,,,,USGS,,intraarc,4.7,5.99863107460643
36819,2001-03-26T03:26:26,-71.695,-31.305,5.9,4.7,mw,,,5,,,,,,,,,,,,,,CSN-improved,28.8681125641,forearc,4.7,5.99863107460643
36877,2001-04-04T06:45:28,-68.205,-19.016,33,5.2,mw,,,,,,,,,,,,,,,,,USGS,,intraarc,4.7,5.99863107460643
36878,2001-04-04T06:45:30,-68.335,-19.112,35,4.9,mw,,,,,,,,,,,,,,,,,ISC,,intraarc,4.7,5.99863107460643
36915,2001-04-09T13:51:12,-71.38,-28.831,10,4.8,mw,,,,,,,,,,,,,,,,,USGS,27.3827762604,forearc,4.7,5.99863107460643
37068,2001-04-17T01:42:16,-69.6,-20.23,15,5.6,mw,0.03,0.03,0,,120,18,-142,354,79,-76,-6.59e+16,-7.1e+16,1.369e+17,4.9e+16,-2.701e+17,-1.029e+17,GCMT,66.9112854004,forearc,4.7,5.99863107460643
37083,2001-04-18T01:32:55,-73.364,-37.174,0,5,mw,,,,,,,,,,,,,,,,,USGS,28.4140987396,forearc,4.7,5.99863107460643
37334,2001-05-17T04:41:36,-73.311,-38.652,17.8,5.3,mw,,,3.9,0.22,,,,,,,,,,,,,ISC-GEM,38.1252975464,forearc,4.7,5.99863107460643
37342,2001-05-18T04:38:25,-67.451,-31.834,48.8,5.1,mw,,,11.9,,,,,,,,,,,,,,USGS,,unclassified,4.7,5.99863107460643
37512,2001-06-13T04:10:52,-66.9,-27.69,38.1,5,mw,0.12,0.13,8.8,,209,30,70,52,62,101,3.067e+16,-1.306e+16,-1.761e+16,1.937e+16,1.243e+16,-2.337e+16,GCMT,,unclassified,4.7,5.99863107460643
37591,2001-06-23T21:35:23,-70.144,-17.323,33,5.3,mw,,,,,,,,,,,,,,,,,USGS,105.411323547,forearc,4.7,5.99863107460643
37589,2001-06-23T21:41:34,-71.054,-17.72,33,5.4,mw,,,,,,,,,,,,,,,,,USGS,63.4752616882,forearc,4.7,5.99863107460643
37666,2001-06-24T00:02:19,-71.199,-17.795,33,5,mw,,,,,,,,,,,,,,,,,USGS,54.2201957703,forearc,4.7,5.99863107460643
37635,2001-06-24T01:14:35,-71.481,-17.769,30.5,5.3,mw,,,,,,,,,,,,,,,,,USGS,45.9026756287,forearc,4.7,5.99863107460643
37929,2001-06-27T12:55:50,-70.124,-17.178,33,4.9,mw,,,,,,,,,,,,,,,,,USGS,110.585029602,forearc,4.7,5.99863107460643
38021,2001-06-30T22:52:57,-70.055,-17.08,33,4.8,mw,,,,,,,,,,,,,,,,,USGS,116.045463562,forearc,4.7,5.99863107460643
38063,2001-07-02T05:10:27,-70.914,-16.733,33,4.9,mw,,,,,,,,,,,,,,,,,USGS,108.919380188,forearc,4.7,5.99863107460643
38295,2001-07-12T12:31:31,-69.159,-18.186,39.8,4.7,mw,,,14.7,,,,,,,,,,,,,,USGS,,intraarc,4.7,5.99863107460643
38319,2001-07-15T10:08:42,-71.177,-29.662,6.166,4.7,mw,,,,,,,,,,,,,,,,,CSN-improved,43.4960174561,forearc,4.7,5.99863107460643
38352,2001-07-18T12:09:49,-69.528,-21.135,33,5,mw,,,,,,,,,,,,,,,,,USGS,63.6950492859,forearc,4.7,5.99863107460643
38398,2001-07-24T05:00:16,-69.18,-19.44,15,6.3,mw,0.01,0.01,0,,14,46,-169,276,82,-44,-6.47e+17,1.159e+18,-5.12e+17,2.351e+18,-6.64e+17,2.424e+18,GCMT,,intraarc,4.7,5.99863107460643
38402,2001-07-24T06:57:31,-70.215,-17.144,33,4.7,mw,,,,,,,,,,,,,,,,,USGS,109.687286377,forearc,4.7,5.99863107460643
38401,2001-07-24T17:39:45,-69.244,-19.893,33,4.9,mw,,,,,,,,,,,,,,,,,USGS,83.0583572388,forearc,4.7,5.99863107460643
38519,2001-08-04T05:37:03,-69.295,-26.31,33,5,mw,,,,,,,,,,,,,,,,,USGS,,intraarc,4.7,5.99863107460643
38520,2001-08-04T05:37:04,-69.46,-26.292,35,4.8,mw,,,,,,,,,,,,,,,,,ISC,,intraarc,4.7,5.99863107460643
38540,2001-08-06T06:43:59,-69.243,-19.541,10,4.9,mw,,,,,,,,,,,,,,,,,ISC,87.1651153564,forearc,4.7,5.99863107460643
38539,2001-08-06T06:44:00,-69.12,-19.55,33,5.2,mw,,,,,,,,,,,,,,,,,USGS,,intraarc,4.7,5.99863107460643
38602,2001-08-12T00:16:32,-70.39,-16.47,15,5.1,mw,0.08,0.09,0,,130,45,-108,334,48,-73,-5.868e+16,1.983e+16,3.886e+16,-7.4e+15,-9.51e+15,-3.596e+16,GCMT,138.10345459,forearc,4.7,5.99863107460643
38666,2001-08-20T11:31:25,-70.227,-16.995,33,4.8,mw,,,,,,,,,,,,,,,,,USGS,114.591438293,forearc,4.7,5.99863107460643
38810,2001-09-12T14:32:24,-72.061,-35.531,15,5,mw,,,,,,,,,,,,,,,,,USGS,51.6088981628,forearc,4.7,5.99863107460643
39011,2001-10-12T04:21:37,-69.04,-33.16,15,5.3,mw,0.4,0.14,0,,222,78,171,314,81,12,-7.1e+15,1.041e+17,-9.7e+16,-3.09e+16,2e+15,7.7e+15,GCMT,,unclassified,4.7,5.99863107460643
39015,2001-10-12T04:33:03,-69.727,-33.345,10,4.8,mw,,,,,,,,,,,,,,,,,ISC,,intraarc,4.7,5.99863107460643
39055,2001-10-13T00:31:22,-70.794,-17.289,28.5,5.2,mw,,,,,,,,,,,,,,,,,USGS,87.5737304688,forearc,4.7,5.99863107460643
39056,2001-10-13T00:31:23,-70.85,-17.417,26,4.8,mw,,,,,,,,,,,,,,,,,ISC,82.070526123,forearc,4.7,5.99863107460643
39469,2001-11-14T07:48:36,-71.4,-36.275,0,4.8,mw,,,,,,,,,,,,,,,,,USGS,,intraarc,4.7,5.99863107460643
39586,2001-11-24T11:14:20,-67.214,-33.346,10,5.1,mw,,,,,,,,,,,,,,,,,USGS,,unclassified,4.7,5.99863107460643
39809,2001-12-08T18:06:02,-71.659,-33.777,10,5,mw,,,,,,,,,,,,,,,,,USGS,37.2704353333,forearc,4.7,5.99863107460643
39918,2001-12-13T12:00:51,-71.125,-36.457,35.8,4.7,mw,,,10.8,,,,,,,,,,,,,,USGS,,intraarc,4.7,5.99863107460643
39942,2001-12-14T01:17:54,-67.837,-31.726,25,5.3,mw,,,32.9,0.2,,,,,,,,,,,,,ISC-GEM,,unclassified,4.7,5.99863107460643
40179,2001-12-29T20:44:26,-70.64,-25.575,10.1,4.9,mw,,,6.8,,,,,,,,,,,,,,CSN-improved,32.5608558655,forearc,4.7,5.99863107460643
40264,2002-01-05T12:02:55,-68.486,-33.37,33,5.2,mw,,,,,,,,,,,,,,,,,USGS,,unclassified,4.7,5.99863107460643
40340,2002-01-10T23:25:48,-72.83,-46.017,15,4.8,mw,,,,,,,,,,,,,,,,,ISC,,intraarc,4.7,5.99863107460643
40339,2002-01-10T23:25:51,-72.654,-45.743,33,5.2,mw,,,,,,,,,,,,,,,,,USGS,,intraarc,4.7,5.99863107460643
40400,2002-01-14T15:36:32,-68.6,-19.22,38.4,5.6,mw,0.05,0.04,3,,13,53,-167,275,80,-37,-9.39e+16,1.443e+17,-5.04e+16,1.617e+17,-9.7e+15,2.347e+17,GCMT,,intraarc,4.7,5.99863107460643
40432,2002-01-16T07:23:51,-69.041,-19.303,10,5.3,mw,,,8,0.46,,,,,,,,,,,,,ISC-GEM,,intraarc,4.7,5.99863107460643
40457,2002-01-18T02:38:08,-68.016,-28.527,33,5,mw,,,,,,,,,,,,,,,,,USGS,,unclassified,4.7,5.99863107460643
41319,2002-03-25T23:13:55,-68.178,-22.606,0,4.7,mw,,,,,,,,,,,,,,,,,ISC,,intraarc,4.7,5.99863107460643
41538,2002-04-14T15:11:10,-67.076,-24.205,100,4.8,mw,,,,,,,,,,,,,,,,,USGS,,intraarc,4.7,5.99863107460643
41625,2002-04-22T23:37:57,-71.716,-55.361,33,5,mw,,,,,,,,,,,,,,,,,USGS,,unclassified,4.7,5.99863107460643
41627,2002-04-22T23:37:58,-70.908,-55.291,10,4.7,mw,,,,,,,,,,,,,,,,,ISC,,unclassified,4.7,5.99863107460643
41784,2002-05-04T22:56:30,-72.72,-38.307,33,4.7,mw,,,,,,,,,,,,,,,,,USGS,56.326171875,forearc,4.7,5.99863107460643
41949,2002-05-15T05:32:15,-70.777,-27.741,2.8,4.8,mw,,,18,,,,,,,,,,,,,,CSN-improved,37.732749939,forearc,4.7,5.99863107460643
42062,2002-05-23T16:56:49,-71.431,-30.812,7.3,5,mw,,,5.2,,,,,,,,,,,,,,CSN-improved,38.1746444702,forearc,4.7,5.99863107460643
42139,2002-05-28T04:04:28,-66.81,-29.15,15,6,mw,0.02,0.02,0,,180,19,55,36,74,101,6.275e+17,-3.67e+16,-5.909e+17,6.475e+17,7.481e+17,-1.655e+17,GCMT,,unclassified,4.7,5.99863107460643
42225,2002-06-05T23:23:42,-72.693,-45.93,33,4.9,mw,,,,,,,,,,,,,,,,,USGS,,intraarc,4.7,5.99863107460643
42337,2002-06-18T15:54:03,-69.268,-31.618,-2.7443,4.7,mw,,,,,,,,,,,,,,,,,CSN-improved,,intraarc,4.7,5.99863107460643
42336,2002-06-18T15:54:05,-68.885,-31.642,33,5.2,mw,,,,,,,,,,,,,,,,,USGS,,unclassified,4.7,5.99863107460643
42353,2002-06-20T20:35:23,-71.43,-17.93,15,5.2,mw,0,0,0,,285,31,20,178,80,120,2.187e+16,9.43e+15,-3.13e+16,8.37e+15,-6.559e+16,4.394e+16,GCMT,40.0649032593,forearc,4.7,5.99863107460643
42460,2002-07-02T20:21:05,-68.19,-31.43,27,5.5,mw,0.04,0.05,0,,156,40,15,54,81,129,5.26e+16,9.37e+16,-1.463e+17,1.561e+17,6.08e+16,-5.71e+16,GCMT,,unclassified,4.7,5.99863107460643
42470,2002-07-04T14:31:21,-71.085,-17.276,33,5,mw,,,,,,,,,,,,,,,,,USGS,78.6737823486,forearc,4.7,5.99863107460643
42471,2002-07-04T14:31:25,-71.156,-17.394,51,4.7,mw,,,,,,,,,,,,,,,,,ISC,72.7107696533,forearc,4.7,5.99863107460643
42518,2002-07-09T12:42:46,-67.729,-28.439,46.6587,4.9,mw,,,,,,,,,,,,,,,,,CSN-improved,,unclassified,4.7,5.99863107460643
42542,2002-07-12T01:10:11,-68.518,-29.652,41.8,4.9,mw,,,4.9,,,,,,,,,,,,,,USGS,,unclassified,4.7,5.99863107460643
42628,2002-07-22T06:39:17,-68.809,-26.176,35,4.9,mw,,,,,,,,,,,,,,,,,ISC,,intraarc,4.7,5.99863107460643
42901,2002-08-22T02:44:47,-67.641,-31.255,37.7,4.7,mw,,,7.1,,,,,,,,,,,,,,USGS,,unclassified,4.7,5.99863107460643
42934,2002-08-26T23:03:03,-71.35,-17.8,15,5.4,mw,0,0,0,,238,8,-7,335,89,-98,-800000000000000,-2.16e+16,2.24e+16,6e+16,-1.296e+17,6.4e+15,GCMT,48.9949035645,forearc,4.7,5.99863107460643
43169,2002-09-22T12:59:09,-67.306,-21.24,33,5,mw,,,,,,,,,,,,,,,,,USGS,,intraarc,4.7,5.99863107460643
43263,2002-10-01T22:12:48,-68.087,-20.969,73,4.8,mw,,,,,,,,,,,,,,,,,ISC,,intraarc,4.7,5.99863107460643
43932,2002-12-04T21:03:03,-67.597,-30.056,29.5,5,mw,,,4.1,,,,,,,,,,,,,,USGS,,unclassified,4.7,5.99863107460643
43933,2002-12-04T21:03:07,-68,-30.4,56.6,4.9,mw,0.2,0.17,8.8,,285,28,62,135,65,104,,,,,,,GCMT,,unclassified,4.7,5.99863107460643
44036,2002-12-15T15:24:12,-69.846,-19.131,54.6,4.8,mw,,,,,,,,,,,,,,,,,USGS,70.5975570679,forearc,4.7,5.99863107460643
44075,2002-12-20T03:29:49,-68.74,-19.653,73.8,5.1,mw,,,9.9,,,,,,,,,,,,,,USGS,,intraarc,4.7,5.99863107460643
44238,2003-01-02T06:08:01,-71.916,-30.534,4,4.7,mw,,,,,,,,,,,,,,,,,ISC,20.4413261414,forearc,4.7,5.99863107460643
44380,2003-01-13T23:59:36,-68.656,-33.465,15,5.4,mw,,,,,,,,,,,,,,,,,ISC,,unclassified,4.7,5.99863107460643
44470,2003-01-23T01:16:13,-68.004,-28.256,17,5.2,mw,,,,,,,,,,,,,,,,,ISC,,unclassified,4.7,5.99863107460643
44837,2003-02-28T12:51:58,-69.175,-30.618,61.3,5.2,mw,,,8.5,,,,,,,,,,,,,,USGS,,intraarc,4.7,5.99863107460643
45006,2003-03-12T09:27:16,-69.625,-21.219,38.3,5,mw,,,,,,,,,,,,,,,,,USGS,59.3827934265,forearc,4.7,5.99863107460643
45007,2003-03-12T09:27:17,-69.706,-21.302,32,4.8,mw,,,,,,,,,,,,,,,,,ISC,56.9585227966,forearc,4.7,5.99863107460643
45689,2003-05-05T11:06:34,-70.285,-19.301,30.4,4.7,mw,,,,,,,,,,,,,,,,,USGS,49.4123573303,forearc,4.7,5.99863107460643
46256,2003-06-11T05:30:48,-70.183,-28.204,37.1897,5,mw,,,,,,,,,,,,,,,,,CSN-improved,69.5843200684,forearc,4.7,5.99863107460643
47747,2003-08-23T08:11:57,-72.143,-40.546,35,4.8,mw,,,,,,,,,,,,,,,,,ISC,,intraarc,4.7,5.99863107460643
47958,2003-09-07T22:39:30,-71.718,-30.723,12.0355,5.4,mw,,,,,,,,,,,,,,,,,CSN-improved,27.4088420868,forearc,4.7,5.99863107460643
48025,2003-09-12T16:49:52,-75.665,-51.593,35,5.2,mw,,,,,,,,,,,,,,,,,ISC,,unclassified,4.7,5.99863107460643
48052,2003-09-14T12:37:12,-74.628,-46.772,33,4.8,mw,,,,,,,,,,,,,,,,,USGS,,unclassified,4.7,5.99863107460643
48181,2003-09-23T13:00:16,-66.602,-25.101,33,5.2,mw,,,,,,,,,,,,,,,,,USGS,,unclassified,4.7,5.99863107460643
48241,2003-09-28T16:06:08,-72.812,-53.021,33,4.8,mw,,,,,,,,,,,,,,,,,USGS,,unclassified,4.7,5.99863107460643
48470,2003-10-16T07:40:11,-70.199,-18.393,33,4.8,mw,,,,,,,,,,,,,,,,,USGS,72.503036499,forearc,4.7,5.99863107460643
48525,2003-10-20T19:13:55,-69.874,-18.596,10,5.4,mw,,,,,,,,,,,,,,,,,USGS,81.0564117432,forearc,4.7,5.99863107460643
49312,2003-12-22T01:54:40,-69.495,-31.791,64,4.8,mw,,,,,,,,,,,,,,,,,ISC,,intraarc,4.7,5.99863107460643
49450,2004-01-03T07:23:58,-69.051,-25.099,31.6,4.9,mw,,,9.3,,,,,,,,,,,,,,CSN-improved,,intraarc,4.7,5.99863107460643
49709,2004-01-27T23:02:30,-68.673,-30.365,0,5.2,mw,,,6.9,,,,,,,,,,,,,,CSN-improved,,unclassified,4.7,5.99863107460643
50075,2004-02-28T00:54:11,-68.031,-31.029,17,4.7,mw,,,0,,,,,,,,,,,,,,CSN-improved,,unclassified,4.7,5.99863107460643
50156,2004-03-06T07:53:21,-67.366,-31.621,29,5.2,mw,,,,,,,,,,,,,,,,,ISC,,unclassified,4.7,5.99863107460643
50192,2004-03-10T15:08:59,-68.471,-29.701,1.4,4.8,mw,,,17,,,,,,,,,,,,,,CSN-improved,,unclassified,4.7,5.99863107460643
50271,2004-03-17T16:49:49,-66.75,-31.99,49.5,5.1,mw,0.03,0.02,2,,172,39,79,5,52,99,4.16e+16,8.29e+15,-4.99e+16,4.08e+15,1.04e+16,1.22e+15,GCMT,,unclassified,4.7,5.99863107460643
50299,2004-03-19T06:01:58,-70.421,-20.569,28,5.1,mw,,,,,51,28,121,196,66,75,7.6e+16,-400000000000000,-7.56e+16,-2.19e+16,-7.94e+16,-6.78e+16,ISC,32.2612113953,forearc,4.7,5.99863107460643
50601,2004-04-15T21:39:23,-67.55,-30.35,37.1,5.3,mw,0.03,0.03,1.1,,185,43,114,334,51,69,1.2e+17,-100000000000000,-1.2e+17,-3.92e+16,9.5e+15,2.23e+16,GCMT,,unclassified,4.7,5.99863107460643
50874,2004-05-07T02:05:07,-66.888,-28.079,-0.6038,5.3,mw,,,,,,,,,,,,,,,,,CSN-improved,,unclassified,4.7,5.99863107460643
51109,2004-05-24T20:02:00,-71.391,-41.49,35,4.8,mw,,,,,,,,,,,,,,,,,ISC,,intraarc,4.7,5.99863107460643
51110,2004-05-24T20:02:07,-71.781,-41.154,41.7688,4.8,mw,,,,,,,,,,,,,,,,,CSN-improved,,intraarc,4.7,5.99863107460643
51207,2004-06-01T17:04:59,-68.23,-32.23,38.5,5,mw,0.05,0.04,2.4,,347,39,112,140,54,73,3.44e+16,1.27e+15,-3.57e+16,1.03e+16,-7.83e+15,2.7e+16,GCMT,,unclassified,4.7,5.99863107460643
51348,2004-06-15T11:16:32,-73.155,-38.854,37.8,6.1,mw,,,,,280,65,60,154,38,137,4.56e+17,-1.93e+17,-2.63e+17,-4.63e+17,-1.58e+17,6.86e+17,USGS,45.066280365,forearc,4.7,5.99863107460643
51379,2004-06-17T07:43:43,-66.626,-24.201,16.2,4.9,mw,,,18.6,,,,,,,,,,,,,,CSN-improved,,unclassified,4.7,5.99863107460643
51458,2004-06-24T10:22:46,-71.121,-18.272,24,4.9,mw,,,,,,,,,,,,,,,,,ISC,42.2683372498,forearc,4.7,5.99863107460643
51457,2004-06-24T10:22:48,-71.025,-18.25,27.7,5.3,mw,,,,,,,,,,,,,,,,,USGS,44.0702400208,forearc,4.7,5.99863107460643
51747,2004-07-20T07:11:53,-69.451,-31.811,23.505,4.9,mw,,,,,,,,,,,,,,,,,CSN-improved,,intraarc,4.7,5.99863107460643
51778,2004-07-23T12:13:18,-70.472,-18.41,47,4.8,mw,,,,,,,,,,,,,,,,,ISC,62.9109954834,forearc,4.7,5.99863107460643
51895,2004-08-05T13:23:22,-69.842,-18.271,27.9,4.7,mw,,,26.6,,,,,,,,,,,,,,USGS,88.4245986938,forearc,4.7,5.99863107460643
52159,2004-08-28T13:41:35,-70.36,-35.21,16,6.5,mw,0.01,0.01,0,,21,61,-178,290,88,-29,-2e+17,4.19e+18,-3.99e+18,3.18e+18,-1.36e+18,4.78e+18,CSN-improved,,intraarc,4.7,5.99863107460643
52161,2004-08-28T16:54:28,-70.506,-35.045,2.3,4.8,mw,,,3.8,,,,,,,,,,,,,,CSN-improved,,intraarc,4.7,5.99863107460643
52160,2004-08-28T19:14:04,-70.402,-34.908,10,5.1,mw,,,,,,,,,,,,,,,,,USGS,,intraarc,4.7,5.99863107460643
52312,2004-08-30T11:35:43,-70.229,-34.699,0.1,5.1,mw,,,,,,,,,,,,,,,,,USGS,,intraarc,4.7,5.99863107460643
52314,2004-08-30T13:19:33,-70.53,-35.037,3,4.8,mw,,,0,,,,,,,,,,,,,,CSN-improved,,intraarc,4.7,5.99863107460643
52311,2004-08-30T16:08:18,-72.1,-50.65,12,5.1,mw,0.03,0.03,0,,355,35,73,196,57,102,4.56e+16,3.21e+15,-4.88e+16,-1.04e+16,-1.78e+16,-5.27e+15,GCMT,,unclassified,4.7,5.99863107460643
52360,2004-08-31T01:40:07,-72.703,-50.696,35,4.8,mw,,,,,,,,,,,,,,,,,ISC,,unclassified,4.7,5.99863107460643
52484,2004-09-07T12:56:40,-70.667,-28.331,35,4.8,mw,,,,,,,,,,,,,,,,,ISC,52.0930099487,forearc,4.7,5.99863107460643
52483,2004-09-07T16:18:52,-72.53,-51.05,14.1,4.9,mw,0.07,0.07,2.5,,32,34,130,166,65,66,,,,,,,GCMT,,unclassified,4.7,5.99863107460643
52509,2004-09-08T07:43:23,-70.523,-35.014,3.1,4.7,mw,,,,,,,,,,,,,,,,,USGS,,intraarc,4.7,5.99863107460643
52556,2004-09-10T10:44:16,-73.24,-38.06,12,5.3,mw,0.02,0.01,0,,30,48,62,248,49,118,8.16e+16,-4.78e+16,-3.38e+16,-2.11e+16,2.17e+16,-5.2e+16,GCMT,35.1254043579,forearc,4.7,5.99863107460643
52576,2004-09-12T14:24:35,-70,-34.138,2.6,4.9,mw,,,2.4,,162,44,114,310,50,68,1.09e+17,-3.1e+16,-7.83e+16,-3.42e+16,-8.3e+15,5.94e+16,CSN-improved,,intraarc,4.7,5.99863107460643
52575,2004-09-12T14:24:39,-70.15,-34.31,12,5.3,mw,0.02,0.02,0,,162,44,114,310,50,68,1.09e+17,-3.1e+16,-7.83e+16,-3.42e+16,-8.3e+15,5.94e+16,GCMT,,intraarc,4.7,5.99863107460643
52684,2004-09-19T16:14:43,-70.498,-34.962,1.4,5.2,mw,,,,,,,,,,,,,,,,,USGS,,intraarc,4.7,5.99863107460643
52685,2004-09-19T16:14:44,-70.505,-34.977,7,4.9,mw,,,,,,,,,,,,,,,,,ISC,,intraarc,4.7,5.99863107460643
52810,2004-09-29T11:25:05,-70.121,-33.379,9.3994,4.8,mw,,,,,,,,,,,,,,,,,CSN-improved,,intraarc,4.7,5.99863107460643
53017,2004-10-15T04:57:35,-70.511,-35.093,1,4.9,mw,,,4.8,,,,,,,,,,,,,,CSN-improved,,intraarc,4.7,5.99863107460643
53135,2004-10-23T23:16:11,-67.162,-29.256,50.9216,5.7,mw,,,,,,,,,,,,,,,,,CSN-improved,,unclassified,4.7,5.99863107460643
53208,2004-10-29T08:55:39,-67.135,-30.51,22,5,mw,,,,,,,,,,,,,,,,,ISC,,unclassified,4.7,5.99863107460643
53209,2004-10-29T08:55:43,-67.56,-30.81,38.3,4.8,mw,0.07,0.05,1.6,,6,33,87,189,57,92,,,,,,,GCMT,,unclassified,4.7,5.99863107460643
53812,2004-12-15T10:44:23,-67.22,-24.438,4.8139,4.8,mw,,,,,,,,,,,,,,,,,CSN-improved,,intraarc,4.7,5.99863107460643
53841,2004-12-17T19:11:09,-68.782,-33.407,25.5,4.9,mw,,,,,,,,,,,,,,,,,USGS,,unclassified,4.7,5.99863107460643
53955,2004-12-27T13:29:43,-69.749,-27.047,40.7482,5,mw,,,,,,,,,,,,,,,,,CSN-improved,76.8975524902,forearc,4.7,5.99863107460643
53983,2004-12-29T03:03:06,-68.398,-29.094,39.6533,5.4,mw,,,,,,,,,,,,,,,,,CSN-improved,,unclassified,4.7,5.99863107460643
54058,2005-01-04T11:22:05,-72.367,-35.889,18.3,4.7,mw,,,4.6,,,,,,,,,,,,,,CSN-improved,47.28647995,forearc,4.7,5.99863107460643
54234,2005-01-20T15:11:28,-74.313,-42.653,5,5.2,mw,,,0,,,,,,,,,,,,,,CSN-improved,24.695892334,forearc,4.7,5.99863107460643
54359,2005-01-30T14:59:21,-70.524,-20.257,10,4.8,mw,,,0,,,,,,,,,,,,,,CSN-improved,30.8301105499,forearc,4.7,5.99863107460643
54407,2005-02-04T09:19:48,-73.384,-37.993,5.1,4.8,mw,,,7.4,,,,,,,,,,,,,,CSN-improved,30.8399887085,forearc,4.7,5.99863107460643
54711,2005-03-05T20:27:18,-68.814,-31.644,2,4.7,mw,,,,,,,,,,,,,,,,,USGS,,unclassified,4.7,5.99863107460643
54709,2005-03-05T20:45:02,-68.053,-28.313,-2.7315,4.9,mw,,,,,,,,,,,,,,,,,CSN-improved,,unclassified,4.7,5.99863107460643
55010,2005-03-30T11:51:31,-71.398,-30.553,23.9,4.8,mw,,,4.3,,,,,,,,,,,,,,CSN-improved,39.5228843689,forearc,4.7,5.99863107460643
55047,2005-04-02T13:01:10,-70.757,-25.217,1.3949,5.4,mw,,,,,,,,,,,,,,,,,CSN-improved,28.729719162,forearc,4.7,5.99863107460643
55243,2005-04-16T03:23:45,-70.301,-35.143,0,4.7,mw,,,,,,,,,,,,,,,,,ISC,,intraarc,4.7,5.99863107460643
55278,2005-04-18T21:00:35,-70.438,-35.084,1.4,4.8,mw,,,2.3,,,,,,,,,,,,,,CSN-improved,,intraarc,4.7,5.99863107460643
55289,2005-04-20T10:40:51,-71.42,-17.86,44.2,4.9,mw,0.04,0.03,2.8,,172,54,-165,73,78,-37,,,,,,,GCMT,45.3625679016,forearc,4.7,5.99863107460643
55312,2005-04-21T19:56:10,-71.83,-30.819,6.8,4.7,mw,,,3.4,,,,,,,,,,,,,,CSN-improved,22.5268325806,forearc,4.7,5.99863107460643
55828,2005-06-05T01:54:05,-73.003,-35.499,6.7,4.8,mw,,,2.4,,,,,,,,,,,,,,CSN-improved,22.3609771729,forearc,4.7,5.99863107460643
56070,2005-06-20T06:32:10,-68.31,-32.85,10,4.8,mw,,,,,,,,,,,,,,,,,USGS,,unclassified,4.7,5.99863107460643
56112,2005-06-21T08:36:49,-69.933,-22.606,30.0253,4.8,mw,,,,,,,,,,,,,,,,,CSN-improved,45.3251686096,forearc,4.7,5.99863107460643
56246,2005-06-27T00:53:47,-69.86,-19.55,42.8,4.9,mw,0.04,0.04,2.3,,103,57,148,211,64,37,,,,,,,GCMT,64.2875137329,forearc,4.7,5.99863107460643
56353,2005-07-05T11:12:16,-72.13,-51.08,12,4.9,mw,0.09,0.07,0,,181,22,121,328,71,78,,,,,,,GCMT,,unclassified,4.7,5.99863107460643
56352,2005-07-05T11:12:17,-72.085,-50.653,35,5.1,mw,,,,,,,,,,,,,,,,,ISC,,unclassified,4.7,5.99863107460643
56613,2005-07-22T09:13:35,-70.44,-17.44,49.2,4.7,mw,,,8.5,,,,,,,,,,,,,,USGS,91.6974334717,forearc,4.7,5.99863107460643
56645,2005-07-25T09:53:41,-70.468,-16.852,10,5.2,mw,,,,,,,,,,,,,,,,,USGS,116.128456116,forearc,4.7,5.99863107460643
56647,2005-07-25T09:53:44,-70.583,-16.887,33,4.8,mw,,,,,,,,,,,,,,,,,ISC,109.930915833,forearc,4.7,5.99863107460643
56734,2005-07-30T13:36:48,-70.569,-16.842,7.2,5,mw,,,8.4,,,,,,,,,,,,,,USGS,113.532539368,forearc,4.7,5.99863107460643
56773,2005-08-01T16:23:49,-70.428,-16.807,15,5.2,mw,,,35.8,0.2,,,,,,,,,,,,,ISC-GEM,118.523757935,forearc,4.7,5.99863107460643
56798,2005-08-03T01:23:23,-70.56,-16.82,28.2,4.9,mw,0.05,0.03,2.1,,283,65,-162,185,74,-27,,,,,,,GCMT,115.90222168,forearc,4.7,5.99863107460643
56840,2005-08-05T20:38:58,-70.569,-16.844,2.8,5,mw,,,10.6,,,,,,,,,,,,,,USGS,113.532539368,forearc,4.7,5.99863107460643
56842,2005-08-05T20:39:01,-70.43,-16.816,33,4.7,mw,,,,,,,,,,,,,,,,,ISC,118.523757935,forearc,4.7,5.99863107460643
56862,2005-08-07T15:23:20,-70.555,-16.739,7.3,4.9,mw,,,10.2,,,,,,,,,,,,,,USGS,118.319030762,forearc,4.7,5.99863107460643
56959,2005-08-13T16:51:29,-70.254,-16.72,43.9,5.2,mw,,,9.3,,,,,,,,,,,,,,USGS,129.023757935,forearc,4.7,5.99863107460643
57012,2005-08-18T09:19:16,-70.481,-16.755,20,4.8,mw,,,0,,,,,,,,,,,,,,USGS,119.642562866,forearc,4.7,5.99863107460643
57057,2005-08-21T11:45:31,-70.297,-34.879,10,4.9,mw,,,0,,,,,,,,,,,,,,USGS,,intraarc,4.7,5.99863107460643
57073,2005-08-22T05:55:28,-70.37,-16.828,35,4.8,mw,,,,,,,,,,,,,,,,,USGS,118.774337769,forearc,4.7,5.99863107460643
57083,2005-08-23T08:44:17,-73.87,-42.303,11.8,5.2,mw,,,0,,,,,,,,,,,,,,CSN-improved,37.4880867004,forearc,4.7,5.99863107460643
57084,2005-08-23T19:14:08,-68.938,-32.74,6.5,5,mw,,,3.9,,,,,,,,,,,,,,CSN-improved,,unclassified,4.7,5.99863107460643
57085,2005-08-23T19:14:09,-69.14,-32.93,19.5,4.8,mw,0.07,0.03,3.2,,95,40,24,346,75,127,,,,,,,GCMT,,intraarc,4.7,5.99863107460643
57100,2005-08-24T01:48:13,-70.584,-16.879,7.7,5.2,mw,,,10.5,,,,,,,,,,,,,,USGS,109.930915833,forearc,4.7,5.99863107460643
57101,2005-08-24T01:48:16,-70.532,-16.769,33,4.7,mw,,,,,,,,,,,,,,,,,ISC,118.319030762,forearc,4.7,5.99863107460643
57183,2005-08-29T01:35:04,-70.246,-16.795,31.4,5.2,mw,,,15.7,,,,,,,,,,,,,,USGS,123.943016052,forearc,4.7,5.99863107460643
57230,2005-09-02T21:09:05,-66.979,-32.044,47.3,4.9,mw,,,999.9,,,,,,,,,,,,,,CSN-improved,,unclassified,4.7,5.99863107460643
57289,2005-09-05T15:43:56,-70.481,-16.786,35,5.1,mw,,,,,,,,,,,,,,,,,USGS,117.208976746,forearc,4.7,5.99863107460643
57519,2005-09-21T11:52:50,-70.543,-16.656,6.8,5.2,mw,,,9.9,,,,,,,,,,,,,,USGS,123.28187561,forearc,4.7,5.99863107460643
57520,2005-09-21T11:52:53,-70.573,-16.547,35,4.7,mw,,,,,,,,,,,,,,,,,ISC,128.388809204,forearc,4.7,5.99863107460643
57602,2005-09-26T15:40:05,-70.493,-17.043,33,4.9,mw,,,,,,,,,,,,,,,,,ISC,105.835517883,forearc,4.7,5.99863107460643
57662,2005-09-30T05:50:13,-67.105,-31.669,10,4.9,mw,,,,,,,,,,,,,,,,,USGS,,unclassified,4.7,5.99863107460643
57684,2005-10-01T18:45:31,-68.648,-23.004,17,5,mw,,,6.2,,,,,,,,,,,,,,USGS,,intraarc,4.7,5.99863107460643
57683,2005-10-01T22:19:51,-70.7,-16.86,12,5.3,mw,0.02,0.02,0,,125,37,-121,341,59,-69,-8.68e+16,2.43e+16,6.25e+16,1.2e+15,-5.04e+16,-6.12e+16,GCMT,109.655593872,forearc,4.7,5.99863107460643
57685,2005-10-01T23:59:30,-70.769,-16.614,35,4.7,mw,,,,,,,,,,,,,,,,,ISC,120.216194153,forearc,4.7,5.99863107460643
57706,2005-10-02T03:15:48,-70.66,-16.89,13.3,5.1,mw,0.03,0.03,2,,123,42,-155,14,74,-51,-2.6e+16,-7.51e+15,3.35e+16,-3.69e+16,-3.86e+16,-2.9e+16,GCMT,108.648857117,forearc,4.7,5.99863107460643
57707,2005-10-02T03:19:05,-70.801,-16.767,10,4.9,mw,,,,,,,,,,,,,,,,,USGS,111.668548584,forearc,4.7,5.99863107460643
57708,2005-10-02T03:53:39,-70.857,-16.681,12.4,4.9,mw,,,12.7,,,,,,,,,,,,,,USGS,112.638710022,forearc,4.7,5.99863107460643
57730,2005-10-03T02:18:21,-70.67,-16.719,35,5.3,mw,,,,,,,,,,,,,,,,,USGS,118.096809387,forearc,4.7,5.99863107460643
57732,2005-10-03T05:00:17,-70.832,-16.712,10,4.7,mw,,,,,,,,,,,,,,,,,USGS,112.638710022,forearc,4.7,5.99863107460643
57857,2005-10-12T22:43:06,-70.765,-16.732,1.7,5.2,mw,,,13.1,,,,,,,,,,,,,,USGS,113.016716003,forearc,4.7,5.99863107460643
57891,2005-10-14T03:34:37,-70.491,-16.886,54.4,4.8,mw,,,17.1,,,,,,,,,,,,,,USGS,112.496841431,forearc,4.7,5.99863107460643
58022,2005-10-22T13:14:43,-68.482,-23.839,0.7193,4.7,mw,,,,,,,,,,,,,,,,,CSN-improved,,intraarc,4.7,5.99863107460643
58078,2005-10-25T07:40:19,-69.99,-19.322,46.1,5.3,mw,,,12.5,,,,,,,,,,,,,,CSN-improved,61.8786888123,forearc,4.7,5.99863107460643
58079,2005-10-25T07:40:20,-69.917,-19.271,45.8,4.8,mw,,,5.8,,,,,,,,,,,,,,USGS,66.8562011719,forearc,4.7,5.99863107460643
58222,2005-11-06T13:43:47,-70.393,-32.823,13,4.7,mw,,,6.1,,,,,,,,,,,,,,USGS,,intraarc,4.7,5.99863107460643
58525,2005-12-01T10:50:07,-71.02,-17.195,31.5,4.7,mw,,,,,,,,,,,,,,,,,USGS,86.0496292114,forearc,4.7,5.99863107460643
59026,2006-01-08T05:22:33,-68.623,-33.83,23.4216,5.1,mw,,,,,,,,,,,,,,,,,CSN-improved,,unclassified,4.7,5.99863107460643
59062,2006-01-09T23:56:53,-69.274,-54.292,8.7,5,mw,,,12.4,,,,,,,,,,,,,,USGS,,unclassified,4.7,5.99863107460643
59264,2006-01-23T05:22:42,-67.055,-24.322,-3.6601,5.2,mw,,,,,,,,,,,,,,,,,CSN-improved,,intraarc,4.7,5.99863107460643
59391,2006-02-02T12:02:13,-70.297,-16.785,32,4.9,mw,,,,,289,82,-177,198,87,-8,-2.93e+16,-5.41e+16,8.34e+16,4.1e+15,1.34e+16,-9.07e+16,ISC,122.556968689,forearc,4.7,5.99863107460643
59413,2006-02-04T08:33:05,-70.591,-16.723,9.2,5,mw,,,14.1,,,,,,,,,,,,,,USGS,119.43901825,forearc,4.7,5.99863107460643
59475,2006-02-08T19:39:47,-70.622,-16.85,15.4,4.9,mw,,,18.5,,,,,,,,,,,,,,USGS,112.242469788,forearc,4.7,5.99863107460643
59540,2006-02-11T11:49:40,-67.625,-32.415,32.4,5.2,mw,,,,,,,,,,,,,,,,,USGS,,unclassified,4.7,5.99863107460643
60791,2006-05-02T05:34:00,-71.262,-27.302,2.4,4.9,mw,,,3.5,,,,,,,,,,,,,,CSN-improved,18.7279815674,forearc,4.7,5.99863107460643
60888,2006-05-05T08:06:41,-71.199,-27.291,1.8,5,mw,,,4.1,,,,,,,,,,,,,,CSN-improved,20.0244674683,forearc,4.7,5.99863107460643
61085,2006-05-13T09:42:51,-71.137,-18.383,10,4.8,mw,,,,,,,,,,,,,,,,,ISC,36.4218673706,forearc,4.7,5.99863107460643
61164,2006-05-17T23:40:32,-67.565,-28.425,20.5,5.2,mw,,,,,,,,,,,,,,,,,USGS,,unclassified,4.7,5.99863107460643
61213,2006-05-20T16:52:37,-68.982,-23.546,55.9416,4.8,mw,,,,,,,,,,,,,,,,,CSN-improved,76.7658462524,forearc,4.7,5.99863107460643
61507,2006-06-09T13:39:44,-69.418,-30.819,49.9,5.1,mw,,,13,,,,,,,,,,,,,,USGS,,intraarc,4.7,5.99863107460643
62082,2006-07-17T08:56:29,-72.262,-40.465,5,4.9,mw,,,0,,,,,,,,,,,,,,CSN-improved,,intraarc,4.7,5.99863107460643
62355,2006-08-05T14:03:50,-68.86,-33.2,32,5.6,mw,0.01,0.01,0.6,,137,39,44,10,64,120,1.74e+17,7.33e+16,-2.47e+17,5.01e+16,1.34e+17,9.02e+16,GCMT,,unclassified,4.7,5.99863107460643
62830,2006-09-05T13:03:17,-68.701,-26.195,47.179,4.9,mw,,,,,,,,,,,,,,,,,CSN-improved,,intraarc,4.7,5.99863107460643
62910,2006-09-11T09:08:48,-71.251,-17.782,37,4.9,mw,,,,,,,,,,,,,,,,,USGS,52.4630775452,forearc,4.7,5.99863107460643
63227,2006-09-28T20:37:34,-69.24,-19.52,45.8,4.7,mw,,,11,,,,,,,,,,,,,,USGS,87.8344802856,forearc,4.7,5.99863107460643
63246,2006-09-29T08:27:27,-67.271,-31.007,13.7,4.9,mw,,,,,,,,,,,,,,,,,USGS,,unclassified,4.7,5.99863107460643
63360,2006-10-06T17:21:15,-68.153,-29.128,48.5,4.8,mw,,,9.6,,,,,,,,,,,,,,USGS,,unclassified,4.7,5.99863107460643
63388,2006-10-08T18:43:18,-72.179,-36.466,42.3,4.8,mw,,,11.6,,,,,,,,,,,,,,CSN-improved,61.127571106,forearc,4.7,5.99863107460643
63750,2006-10-24T15:59:04,-69.974,-25.441,31.3152,4.7,mw,,,,,,,,,,,,,,,,,CSN-improved,58.9014053345,forearc,4.7,5.99863107460643
64539,2006-12-17T05:52:34,-72.471,-50.542,10,5,mw,,,,,,,,,,,,,,,,,USGS,,unclassified,4.7,5.99863107460643
64738,2006-12-31T14:55:06,-71.4,-38.04,17.7,5.5,mw,0.01,0.01,0.7,,31,86,178,121,88,4,1.64e+16,2.15e+17,-2.32e+17,1.71e+16,-600000000000000,1.16e+17,GCMT,,intraarc,4.7,5.99863107460643
65065,2007-01-23T20:40:16,-73.07,-45.46,12.8,5.3,mw,0.02,0.01,1.2,,264,89,-1,354,89,-179,-1.34e+16,-1.89e+16,3.22e+16,2.6e+15,-2.4e+15,1.26e+17,GCMT,,intraarc,4.7,3.00068446269678
65073,2007-01-24T02:51:04,-72.527,-45.302,35,5.1,mw,,,,,,,,,,,,,,,,,USGS,,intraarc,4.7,3.00068446269678
65126,2007-01-28T02:53:16,-73.69,-45.39,46.8,5.2,mw,0.04,0.02,2,,104,76,1,14,89,166,-1.27e+16,4e+16,-2.73e+16,1.05e+16,1.67e+16,6.67e+16,GCMT,,intraarc,4.7,3.00068446269678
65160,2007-01-31T08:06:11,-73.042,-45.379,6.0755,4.9,mw,,,,,,,,,,,,,,,,,CSN-improved,,intraarc,4.7,3.00068446269678
65159,2007-01-31T08:06:15,-72.327,-45.194,15,5.2,mw,,,,,,,,,,,,,,,,,USGS,,intraarc,4.7,3.00068446269678
65205,2007-02-03T09:00:12,-73.09,-45.413,3.0505,5.2,mw,,,,,91,84,-6,182,84,-174,-3.42e+16,2.36e+16,1.06e+16,-7.2e+15,8.3e+15,1.24e+17,CSN-improved,,intraarc,4.7,3.00068446269678
65204,2007-02-03T09:00:19,-73.03,-45.51,12,5.3,mw,0.02,0.01,0,,91,84,-6,182,84,-174,-3.42e+16,2.36e+16,1.06e+16,-7.2e+15,8.3e+15,1.24e+17,GCMT,,intraarc,4.7,3.00068446269678
65239,2007-02-05T03:17:01,-68.641,-19.827,35,5.1,mw,,,,,,,,,,,,,,,,,USGS,,intraarc,4.7,3.00068446269678
65436,2007-02-21T00:23:24,-73.055,-45.398,3.4,5.2,mw,,,1.7,,,,,,,,,,,,,,CSN-improved,,intraarc,4.7,3.00068446269678
65450,2007-02-22T01:15:47,-68.721,-31.798,5,5.2,mw,,,6,,,,,,,,,,,,,,CSN-improved,,unclassified,4.7,3.00068446269678
65460,2007-02-23T19:55:50,-73.08,-45.51,16.6,5.7,mw,0.01,0.01,0.8,,87,70,-12,181,79,-160,-4.5e+16,1.53e+16,2.97e+16,-7.93e+16,1.35e+17,3.79e+17,GCMT,,intraarc,4.7,3.00068446269678
65461,2007-02-23T22:38:57,-72.588,-45.334,35,5,mw,,,,,,,,,,,,,,,,,USGS,,intraarc,4.7,3.00068446269678
65488,2007-02-25T01:42:05,-67.69,-29.588,35,4.7,mw,,,,,,,,,,,,,,,,,USGS,,unclassified,4.7,3.00068446269678
65631,2007-03-08T21:54:41,-73.05,-45.372,5.2,5,mw,,,2.4,,,,,,,,,,,,,,CSN-improved,,intraarc,4.7,3.00068446269678
65833,2007-03-23T19:26:48,-70.054,-34.163,20.2,5,mw,,,,,,,,,,,,,,,,,USGS,,intraarc,4.7,3.00068446269678
65834,2007-03-23T19:26:50,-70.14,-34.187,16,4.7,mw,,,,,,,,,,,,,,,,,ISC,,intraarc,4.7,3.00068446269678
65853,2007-03-24T00:45:35,-73.045,-45.379,6.1,4.8,mw,,,1.4,,,,,,,,,,,,,,CSN-improved,,intraarc,4.7,3.00068446269678
65851,2007-03-24T19:13:54,-70.48,-19.85,32.8,5.5,mw,0.01,0.01,0.3,,107,41,100,274,50,81,2e+17,-2.28e+17,2.76e+16,-4.06e+16,-1.28e+16,4.87e+16,CSN-improved,34.3866462708,forearc,4.7,3.00068446269678
65900,2007-03-27T01:01:29,-68.211,-56.827,35.3,4.9,mw,,,11.3,,,,,,,,,,,,,,USGS,,unclassified,4.7,3.00068446269678
65901,2007-03-27T01:59:25,-67.85,-23.208,86,4.8,mw,,,,,,,,,,,,,,,,,ISC,,intraarc,4.7,3.00068446269678
65970,2007-03-30T16:02:13,-71.996,-31.606,1.9,5,mw,,,6.1,,,,,,,,,,,,,,CSN-improved,19.8085346222,forearc,4.7,3.00068446269678
66033,2007-04-02T02:49:36,-73.06,-45.378,5.53,5.5,mw,,,,,53,43,-86,228,47,-94,-1.59e+18,1.14e+18,4.5e+17,1.15e+17,1.32e+17,1.71e+18,CSN-improved,,intraarc,4.7,3.00068446269678
66032,2007-04-02T02:49:42,-73.04,-45.41,30.4,6.1,mw,0.04,0.02,1.5,,53,43,-86,228,47,-94,-1.59e+18,1.14e+18,4.5e+17,1.15e+17,1.32e+17,1.71e+18,GCMT,,intraarc,4.7,3.00068446269678
66034,2007-04-02T09:04:45,-73.06,-45.461,9.3971,5,mw,,,,,,,,,,,,,,,,,CSN-improved,,intraarc,4.7,3.00068446269678
66035,2007-04-02T09:04:46,-73.136,-45.464,11,4.8,mw,,,,,,,,,,,,,,,,,ISC,,intraarc,4.7,3.00068446269678
66084,2007-04-05T10:42:29,-73.046,-45.394,5.4632,4.8,mw,,,,,,,,,,,,,,,,,CSN-improved,,intraarc,4.7,3.00068446269678
66182,2007-04-09T19:01:23,-71.897,-30.834,0,4.8,mw,,,3.3,,,,,,,,,,,,,,CSN-improved,21.1163101196,forearc,4.7,3.00068446269678
66220,2007-04-11T05:50:44,-72.914,-45.259,35,4.8,mw,,,,,,,,,,,,,,,,,ISC,,intraarc,4.7,3.00068446269678
66219,2007-04-11T05:50:46,-72.686,-45.24,54.9,5,mw,,,13.1,,,,,,,,,,,,,,USGS,,intraarc,4.7,3.00068446269678
66354,2007-04-19T14:36:21,-73.027,-45.468,4,5.2,mw,,,0,,,,,,,,,,,,,,CSN-improved,,intraarc,4.7,3.00068446269678
66356,2007-04-19T14:36:28,-72.591,-45.206,35,4.7,mw,,,,,,,,,,,,,,,,,ISC,,intraarc,4.7,3.00068446269678
66379,2007-04-21T17:53:48,-72.95,-45.48,12,6.24,mw,0.01,0,0,,84,86,2,354,88,176,-9.12e+17,-1.2e+17,1.03e+18,1.85e+17,2.8e+17,2.77e+18,CSN-improved,,intraarc,4.7,3.00068446269678
66395,2007-04-22T08:56:42,-68.713,-21.384,67,4.7,mw,,,,,,,,,,,,,,,,,ISC,,intraarc,4.7,3.00068446269678
66391,2007-04-22T10:22:03,-71.451,-32.404,20.9736,5.6,mw,,,,,,,,,,,,,,,,,CSN-improved,40.1264915466,forearc,4.7,3.00068446269678
66592,2007-05-06T22:57:55,-71.895,-40.486,35,4.7,mw,,,,,,,,,,,,,,,,,USGS,,intraarc,4.7,3.00068446269678
66898,2007-05-26T04:26:34,-74.088,-41.96,10,4.7,mw,,,,,,,,,,,,,,,,,USGS,27.3323974609,forearc,4.7,3.00068446269678
67574,2007-07-17T18:32:19,-67.478,-31.403,29,4.8,mw,,,,,,,,,,,,,,,,,ISC,,unclassified,4.7,3.00068446269678
67747,2007-07-30T08:20:30,-70.623,-17.185,33.8,5.3,mw,,,,,,,,,,,,,,,,,USGS,97.0350265503,forearc,4.7,3.00068446269678
68012,2007-08-17T23:05:59,-70.126,-17.008,43.8,4.8,mw,,,14,,,,,,,,,,,,,,USGS,117.391242981,forearc,4.7,3.00068446269678
68043,2007-08-19T07:42:22,-72.626,-45.759,15,5.2,mw,,,6.2,0.29,,,,,,,,,,,,,ISC-GEM,,intraarc,4.7,3.00068446269678
68055,2007-08-20T21:52:40,-71.913,-40.439,35,4.8,mw,,,,,,,,,,,,,,,,,ISC,,intraarc,4.7,3.00068446269678
68180,2007-09-02T23:53:30,-67.469,-31.869,35,5.3,mw,,,,,,,,,,,,,,,,,USGS,,unclassified,4.7,3.00068446269678
68300,2007-09-10T00:13:10,-69.98,-17.55,13.5,5.2,mw,0.01,0.02,1.1,,142,35,-144,21,70,-61,-5.04e+16,-1.02e+16,6.06e+16,-4.42e+16,-4.77e+16,-1.72e+16,GCMT,101.552047729,forearc,4.7,3.00068446269678
68487,2007-09-23T21:15:09,-69.825,-17.178,49.2,4.7,mw,,,5.8,,,,,,,,,,,,,,USGS,119.930130005,forearc,4.7,3.00068446269678
68503,2007-09-24T10:31:12,-70.007,-17.253,8.4,4.8,mw,,,38.2,,,,,,,,,,,,,,USGS,111.673599243,forearc,4.7,3.00068446269678
68505,2007-09-24T19:06:36,-68.477,-19.514,34,4.8,mw,,,,,83,67,-4,174,86,-157,3.34e+15,-1.19e+16,8.53e+15,-1e+16,2.13e+16,4.87e+16,ISC,,intraarc,4.7,3.00068446269678
68501,2007-09-24T19:06:39,-68.71,-19.46,64.2,5.1,mw,0.03,0.02,4.6,,83,67,-4,174,86,-157,3.34e+15,-1.19e+16,8.53e+15,-1e+16,2.13e+16,4.87e+16,GCMT,,intraarc,4.7,3.00068446269678
68623,2007-10-02T15:33:00,-70.311,-25.966,18,5.1,mw,,,6.3,,,,,,,,,,,,,,CSN-improved,47.6888008118,forearc,4.7,3.00068446269678
68651,2007-10-04T00:03:23,-70.261,-27.876,43.4,4.7,mw,,,4.2,,,,,,,,,,,,,,CSN-improved,64.6620330811,forearc,4.7,3.00068446269678
68783,2007-10-15T21:39:12,-74.958,-46.128,42.7,5.5,mw,,,14.2,,,,,,,,,,,,,,USGS,,unclassified,4.7,3.00068446269678
68975,2007-10-30T17:57:59,-68.995,-20.132,71,5,mw,,,,,,,,,,,,,,,,,ISC,,intraarc,4.7,3.00068446269678
69097,2007-11-10T11:48:31,-72.904,-45.874,15,4.7,mw,,,,,,,,,,,,,,,,,ISC,,intraarc,4.7,3.00068446269678
69096,2007-11-10T11:48:37,-72.267,-45.797,58.6,5,mw,,,17.4,,,,,,,,,,,,,,USGS,,intraarc,4.7,3.00068446269678
69140,2007-11-14T15:49:47,-70.241,-22.916,0,5,mw,,,,,,,,,,,,,,,,,ISC,35.0995407104,forearc,4.7,3.00068446269678
69147,2007-11-14T19:26:25,-69.62,-22.419,10,4.7,mw,,,,,,,,,,,,,,,,,ISC,58.9306182861,forearc,4.7,3.00068446269678
69256,2007-11-17T17:54:37,-70.92,-23.06,15,5.9,mw,0.01,0.01,0.5,,300,11,27,184,85,100,5.04e+16,1.84e+17,-2.35e+17,-1.81e+16,-7.25e+17,1.07e+17,GCMT,17.8720703125,forearc,4.7,3.00068446269678
69464,2007-11-21T17:39:51,-70.725,-22.672,2.7127,4.7,mw,,,,,,,,,,,,,,,,,CSN-improved,20.3062858582,forearc,4.7,3.00068446269678
69816,2007-12-04T19:56:58,-70.213,-17.563,46.4,5.5,mw,,,,,,,,,,,,,,,,,USGS,95.5661849976,forearc,4.7,3.00068446269678
69845,2007-12-05T15:23:09,-69.238,-20.174,34.439,4.8,mw,,,,,,,,,,,,,,,,,CSN-improved,80.7248764038,forearc,4.7,3.00068446269678
69925,2007-12-08T13:24:33,-72.791,-45.788,35,5.2,mw,,,,,,,,,,,,,,,,,USGS,,intraarc,4.7,3.00068446269678
70030,2007-12-13T05:34:03,-72.015,-40.528,4.6275,4.8,mw,,,,,,,,,,,,,,,,,CSN-improved,,intraarc,4.7,3.00068446269678
70685,2008-01-15T22:52:33,-69.75,-23.256,28.3,5,mw,,,6.5,,,,,,,,,,,,,,CSN-improved,53.9759674072,forearc,4.7,3.00068446269678
70712,2008-01-17T04:52:54,-70.562,-35.17,9.632,4.7,mw,,,,,,,,,,,,,,,,,CSN-improved,,intraarc,4.7,3.00068446269678
71292,2008-02-20T12:21:33,-71.774,-40.26,25,5,mw,,,0,,,,,,,,,,,,,,USGS,,intraarc,4.7,3.00068446269678
71955,2008-03-29T01:34:34,-74.069,-43.028,18,4.9,mw,,,,,5,32,90,184,58,90,5.34e+16,-8.84e+15,-4.45e+16,-1.68e+15,-2.46e+16,-2.78e+15,ISC,34.1668319702,forearc,4.7,3.00068446269678
71981,2008-03-30T18:13:57,-69.89,-25.892,37.4242,4.9,mw,,,,,,,,,,,,,,,,,CSN-improved,63.5062522888,forearc,4.7,3.00068446269678
72360,2008-04-18T02:17:15,-72.361,-35.989,33.5411,4.9,mw,,,,,,,,,,,,,,,,,CSN-improved,48.9878692627,forearc,4.7,3.00068446269678
72582,2008-05-02T01:34:23,-72.467,-42.834,10,4.8,mw,,,,,,,,,,,,,,,,,USGS,,intraarc,4.7,3.00068446269678
72581,2008-05-02T02:45:20,-72.567,-42.709,10,4.9,mw,,,,,,,,,,,,,,,,,USGS,,intraarc,4.7,3.00068446269678
72580,2008-05-02T03:55:27,-72.456,-42.707,10,5,mw,,,,,,,,,,,,,,,,,USGS,,intraarc,4.7,3.00068446269678
72579,2008-05-02T05:51:27,-72.65,-42.93,17.4,5.2,mw,0.03,0.01,1.2,,206,77,-177,115,87,-13,-3.55e+16,8.82e+16,-5.28e+16,-1.85e+16,1.5e+15,5.59e+16,GCMT,,intraarc,4.7,3.00068446269678
72584,2008-05-02T16:42:34,-72.587,-42.721,35,4.7,mw,,,,,,,,,,,,,,,,,ISC,,intraarc,4.7,3.00068446269678
72583,2008-05-02T22:13:33,-73.11,-42.804,10,4.8,mw,,,,,,,,,,,,,,,,,ISC,71.3066864014,forearc,4.7,3.00068446269678
72601,2008-05-03T02:36:16,-72.56,-42.82,12,5,mw,0.05,0.02,0,,280,52,-31,31,66,-137,-1.98e+16,2.9e+16,-9.16e+15,9.93e+15,-3.8e+16,1.66e+16,GCMT,,intraarc,4.7,3.00068446269678
72934,2008-05-24T02:43:42,-72.46,-42.17,12,5.4,mw,0.02,0.01,0,,84,57,-11,180,81,-146,-7e+16,4.5e+15,6.55e+16,3.03e+16,8.34e+16,1.57e+17,GCMT,,intraarc,4.7,3.00068446269678
72936,2008-05-24T06:26:23,-72.597,-42.106,0.1162,4.8,mw,,,,,,,,,,,,,,,,,CSN-improved,,intraarc,4.7,3.00068446269678
72935,2008-05-24T13:08:09,-72.621,-42.095,1.795,5.3,mw,,,,,,,,,,,,,,,,,CSN-improved,,intraarc,4.7,3.00068446269678
72999,2008-05-28T18:16:13,-72.508,-42.054,21.8,5.5,mw,,,3.6,,,,,,,,,,,,,,CSN-improved,,intraarc,4.7,3.00068446269678
73010,2008-05-29T05:08:08,-72.185,-41.945,9.7,5.2,mw,,,32.2,,,,,,,,,,,,,,CSN-improved,,intraarc,4.7,3.00068446269678
73030,2008-05-31T02:22:24,-72.197,-41.974,9.3,4.7,mw,,,13.1,,,,,,,,,,,,,,CSN-improved,,intraarc,4.7,3.00068446269678
73162,2008-06-07T13:04:52,-72.623,-35.975,14,4.9,mw,,,,,,,,,,,,,,,,,USGS,40.6377067566,forearc,4.7,3.00068446269678
73262,2008-06-15T01:27:49,-68.633,-22.224,71,4.8,mw,,,,,,,,,,,,,,,,,ISC,,intraarc,4.7,3.00068446269678
73694,2008-07-13T17:33:54,-68.214,-21.694,85.5,5.2,mw,,,7.7,,,,,,,,,,,,,,USGS,,intraarc,4.7,3.00068446269678
73734,2008-07-15T19:17:44,-70.228,-22.608,15.7787,5.1,mw,,,,,,,,,,,,,,,,,CSN-improved,34.4036712646,forearc,4.7,3.00068446269678
73780,2008-07-17T08:35:01,-68.812,-20.572,72.9445,4.9,mw,,,,,,,,,,,,,,,,,CSN-improved,,intraarc,4.7,3.00068446269678
74506,2008-09-03T04:34:06,-67.934,-31.954,0,4.9,mw,,,,,,,,,,,,,,,,,ISC,,unclassified,4.7,3.00068446269678
74662,2008-09-10T16:12:11,-69.56,-20.41,36.1,5.75,mw,0.01,0.01,0.6,,289,44,138,52,62,54,3.28e+17,-5.65e+17,2.37e+17,1.53e+17,1.21e+17,-1.83e+17,GCMT,67.7359085083,forearc,4.7,3.00068446269678
75847,2008-11-03T04:46:33,-69.279,-18.542,76.4375,4.9,mw,,,,,,,,,,,,,,,,,CSN-improved,,intraarc,4.7,3.00068446269678
75922,2008-11-07T11:26:27,-69.347,-31.652,10,4.9,mw,,,,,,,,,,,,,,,,,USGS,,intraarc,4.7,3.00068446269678
76111,2008-11-16T19:12:38,-72.656,-43.564,-0.5521,4.8,mw,,,,,,,,,,,,,,,,,CSN-improved,,intraarc,4.7,3.00068446269678
76110,2008-11-16T19:12:45,-72.439,-43.548,36,5.3,mw,,,11.3,,,,,,,,,,,,,,USGS,,intraarc,4.7,3.00068446269678
77010,2009-01-01T23:10:03,-66.695,-23.979,48.2,5.1,mw,,,999.9,,,,,,,,,,,,,,CSN-improved,,unclassified,4.7,3.00068446269678
77253,2009-01-20T03:45:36,-72.445,-42.085,18.8,5.2,mw,,,10.1,,,,,,,,,,,,,,USGS,,intraarc,4.7,3.00068446269678
77541,2009-02-06T08:58:32,-68.788,-28.459,58.1,4.8,mw,,,108,,,,,,,,,,,,,,CSN-improved,,intraarc,4.7,3.00068446269678
78039,2009-03-07T03:24:46,-72.39,-42.816,36.2,4.7,mw,,,35.6,,,,,,,,,,,,,,USGS,,intraarc,4.7,3.00068446269678
78095,2009-03-11T13:06:56,-69.29,-31.98,36.8,5.3,mw,0.01,0.01,0.5,,190,44,109,344,49,72,1.03e+17,1.97e+16,-1.23e+17,-2.14e+16,8e+15,7.8e+15,GCMT,,intraarc,4.7,3.00068446269678
78107,2009-03-12T08:57:14,-67.014,-32.526,15,5.1,mw,,,0,,,,,,,,,,,,,,CSN-improved,,unclassified,4.7,3.00068446269678
78761,2009-04-17T02:17:55,-70.408,-19.515,25.9,5.4,mw,,,,,,,,,,,,,,,,,USGS,42.348400116,forearc,4.7,3.00068446269678
79017,2009-05-01T10:43:37,-69.27,-19.568,13.9738,5.4,mw,,,,,,,,,,,,,,,,,CSN-improved,87.1651153564,forearc,4.7,3.00068446269678
79476,2009-05-24T12:52:12,-72.41,-42.82,10,5.1,mw,,,,,,,,,,,,,,,,,USGS,,intraarc,4.7,3.00068446269678
79496,2009-05-25T23:17:19,-72.494,-42.802,10,4.8,mw,,,,,,,,,,,,,,,,,USGS,,intraarc,4.7,3.00068446269678
79513,2009-05-26T16:45:16,-72.749,-42.845,10,5,mw,,,,,,,,,,,,,,,,,USGS,,intraarc,4.7,3.00068446269678
79573,2009-05-29T07:15:34,-72.244,-42.832,10,4.9,mw,,,,,,,,,,,,,,,,,USGS,,intraarc,4.7,3.00068446269678
79607,2009-05-31T10:58:29,-72.558,-42.776,10,4.8,mw,,,,,,,,,,,,,,,,,USGS,,intraarc,4.7,3.00068446269678
79617,2009-06-01T18:33:58,-72.354,-42.813,10,4.8,mw,,,,,,,,,,,,,,,,,USGS,,intraarc,4.7,3.00068446269678
79629,2009-06-02T03:52:21,-69.028,-32.772,22,5.2,mw,,,4.7,0.2,,,,,,,,,,,,,ISC-GEM,,unclassified,4.7,3.00068446269678
79632,2009-06-02T03:52:22,-69.129,-32.695,18.7,4.8,mw,,,2.3,,,,,,,,,,,,,,CSN-improved,,intraarc,4.7,3.00068446269678
79672,2009-06-04T00:41:56,-72.542,-42.804,10,4.7,mw,,,,,,,,,,,,,,,,,USGS,,intraarc,4.7,3.00068446269678
79671,2009-06-04T10:23:34,-72.386,-42.763,10,4.8,mw,,,,,,,,,,,,,,,,,USGS,,intraarc,4.7,3.00068446269678
79699,2009-06-05T17:50:47,-72.408,-42.788,10,4.8,mw,,,,,,,,,,,,,,,,,USGS,,intraarc,4.7,3.00068446269678
79716,2009-06-06T02:07:30,-72.564,-42.811,1.2,4.8,mw,,,10.4,,,,,,,,,,,,,,USGS,,intraarc,4.7,3.00068446269678
79714,2009-06-06T18:52:50,-72.393,-42.783,3.3,5,mw,,,11.1,,,,,,,,,,,,,,USGS,,intraarc,4.7,3.00068446269678
79717,2009-06-06T18:52:51,-72.338,-42.763,10,4.8,mw,,,,,,,,,,,,,,,,,ISC,,intraarc,4.7,3.00068446269678
79735,2009-06-07T13:54:17,-72.467,-42.78,1.6,4.7,mw,,,7.7,,,,,,,,,,,,,,USGS,,intraarc,4.7,3.00068446269678
79780,2009-06-10T19:02:41,-72.548,-42.852,10,5.1,mw,,,,,,,,,,,,,,,,,USGS,,intraarc,4.7,3.00068446269678
80115,2009-06-29T00:08:36,-73.616,-38.129,10,4.8,mw,,,,,,,,,,,,,,,,,ISC,26.8464355469,forearc,4.7,3.00068446269678
80471,2009-07-25T07:20:21,-73.006,-38.249,25,4.8,mw,,,,,,,,,,,,,,,,,ISC,44.4693412781,forearc,4.7,3.00068446269678
81092,2009-09-05T02:51:08,-67.857,-32.048,23.6,4.7,mw,,,9.3,,,,,,,,,,,,,,USGS,,unclassified,4.7,3.00068446269678
81852,2009-10-30T01:27:44,-71.901,-32.821,7.9926,4.8,mw,,,,,,,,,,,,,,,,,CSN-improved,24.2141895294,forearc,4.7,3.00068446269678
81968,2009-11-06T03:37:42,-69.534,-54.083,15.4,4.9,mw,,,13.2,,,,,,,,,,,,,,USGS,,unclassified,4.7,3.00068446269678
82169,2009-11-22T22:07:48,-74.967,-39.634,7,5.9,mw,,,,,355,65,-110,216,32,-54,-6.99e+17,-1.9e+16,7.19e+17,1.77e+17,-1.16e+17,6.7e+16,USGS,7.96626091003,forearc,4.7,3.00068446269678
82833,2010-01-12T08:02:23,-69.223,-19.076,1.9,4.9,mw,,,6.5,,,,,,,,,,,,,,CSN-improved,,intraarc,4.7,3.00068446269678
82908,2010-01-20T13:23:16,-69.394,-31.172,15,5.2,mw,,,4.6,,,,,,,,,,,,,,CSN-improved,,intraarc,4.7,3.00068446269678
82925,2010-01-21T06:03:03,-72.939,-36.252,16.1,4.9,mw,,,2.2,,,,,,,,,,,,,,CSN-improved,33.5498771667,forearc,4.7,3.00068446269678
83071,2010-02-03T18:03:00,-69.418,-21.53,20.9,4.9,mw,,,2.2,,,,,,,,,,,,,,CSN-improved,68.2726364136,forearc,4.7,3.00068446269678
83400,2010-02-27T06:51:14,-69.211,-31.68,15,6.1,mw,,,9.9,0.49,,,,,,,,,,,,,ISC-GEM,,intraarc,4.7,3.00068446269678
83476,2010-02-27T07:14:46,-72.136,-36.72,35,5.3,mw,,,,,,,,,,,,,,,,,USGS,66.0637054443,forearc,4.7,3.00068446269678
83567,2010-02-27T08:40:28,-72.713,-38.276,35,4.8,mw,,,,,,,,,,,,,,,,,ISC,56.326171875,forearc,4.7,3.00068446269678
83487,2010-02-27T08:52:05,-71.745,-35.003,21.8,5.2,mw,,,8.1,,,,,,,,,,,,,,CSN-improved,52.3915023804,forearc,4.7,3.00068446269678
83517,2010-02-27T09:21:16,-72,-33.566,2.246,5,mw,,,,,,,,,,,,,,,,,CSN-improved,23.7322387695,forearc,4.7,3.00068446269678
83479,2010-02-27T09:25:19,-71.837,-37.701,35,5.3,mw,,,,,,,,,,,,,,,,,USGS,,intraarc,4.7,3.00068446269678
83525,2010-02-27T09:34:10,-71.829,-35.816,35,5,mw,,,,,,,,,,,,,,,,,USGS,64.3328552246,forearc,4.7,3.00068446269678
83569,2010-02-27T09:34:32,-71.715,-35.95,35,4.8,mw,,,,,,,,,,,,,,,,,USGS,72.8832321167,forearc,4.7,3.00068446269678
83592,2010-02-27T09:34:54,-71.105,-35.714,35,4.7,mw,,,,,,,,,,,,,,,,,USGS,,intraarc,4.7,3.00068446269678
83587,2010-02-27T10:53:18,-71.888,-33.626,0.3367,4.8,mw,,,,,,,,,,,,,,,,,CSN-improved,27.3459835052,forearc,4.7,3.00068446269678
83542,2010-02-27T11:16:45,-71.876,-35.64,35,4.9,mw,,,,,,,,,,,,,,,,,USGS,59.4692802429,forearc,4.7,3.00068446269678
83596,2010-02-27T12:29:34,-72.365,-38.449,35,4.7,mw,,,,,,,,,,,,,,,,,ISC,72.8858184814,forearc,4.7,3.00068446269678
83489,2010-02-27T12:41:45,-70.048,-31.231,28.1,5.2,mw,,,203.5,,,,,,,,,,,,,,CSN-improved,,intraarc,4.7,3.00068446269678
83548,2010-02-27T12:41:48,-69.331,-31.678,26,4.9,mw,,,,,,,,,,,,,,,,,ISC,,intraarc,4.7,3.00068446269678
83531,2010-02-27T13:07:39,-72.921,-38.362,25,5,mw,,,,,,,,,,,,,,,,,ISC,48.9674682617,forearc,4.7,3.00068446269678
83549,2010-02-27T13:26:52,-71.223,-35.064,35,4.9,mw,,,,,,,,,,,,,,,,,USGS,76.8645324707,forearc,4.7,3.00068446269678
83472,2010-02-27T13:54:02,-71.843,-33.481,2.5,5.4,mw,,,3.2,,,,,,,,,,,,,,CSN-improved,27.878030777,forearc,4.7,3.00068446269678
83589,2010-02-27T14:00:39,-72.351,-34.081,1.136,4.8,mw,,,,,,,,,,,,,,,,,CSN-improved,19.4335155487,forearc,4.7,3.00068446269678
83481,2010-02-27T14:06:45,-72.656,-37.162,23.7,5.3,mw,,,3.9,0.2,,,,,,,,,,,,,ISC-GEM,49.8960533142,forearc,4.7,3.00068446269678
83496,2010-02-27T14:19:57,-73.204,-37.381,15.2,5.2,mw,,,4.5,0.24,,,,,,,,,,,,,ISC-GEM,33.1279258728,forearc,4.7,3.00068446269678
83468,2010-02-27T15:22:54,-71.529,-35.455,35,5.4,mw,,,,,,,,,,,,,,,,,USGS,69.7686309814,forearc,4.7,3.00068446269678
83398,2010-02-27T17:24:31,-73.144,-36.451,20,6.2,mw,,,5.9,0.2,226,63,51,107,46,141,9.4e+17,-1.34e+18,3.9e+17,-2.1e+17,-7.4e+17,-4.5e+17,ISC-GEM,29.9707660675,forearc,4.7,3.00068446269678
83424,2010-02-27T17:56:52,-71.541,-34.793,35,5.7,mw,,,,,,,,,,,,,,,,,USGS,56.8737068176,forearc,4.7,3.00068446269678
83425,2010-02-27T17:57:06,-71.701,-34.81,35,5.7,mw,,,,,,,,,,,,,,,,,USGS,50.5527381897,forearc,4.7,3.00068446269678
83561,2010-02-27T23:46:10,-70.285,-35.467,35,4.9,mw,,,,,,,,,,,,,,,,,USGS,,intraarc,4.7,3.00068446269678
83799,2010-02-28T00:46:40,-72.345,-37.322,35,5,mw,,,,,,,,,,,,,,,,,USGS,63.3197746277,forearc,4.7,3.00068446269678
83879,2010-02-28T01:32:09,-72.163,-33.907,1.1506,4.7,mw,,,,,,,,,,,,,,,,,CSN-improved,22.3957328796,forearc,4.7,3.00068446269678
83826,2010-02-28T02:35:16,-70.703,-31.36,35,4.9,mw,,,,,,,,,,,,,,,,,USGS,75.5817718506,forearc,4.7,3.00068446269678
83777,2010-02-28T07:36:28,-72.965,-37.775,26,5.2,mw,,,4.6,0.2,,,,,,,,,,,,,ISC-GEM,42.8188591003,forearc,4.7,3.00068446269678
83778,2010-02-28T08:15:03,-68.506,-33.61,9.3,5.2,mw,,,9.4,0.25,,,,,,,,,,,,,ISC-GEM,,unclassified,4.7,3.00068446269678
83849,2010-02-28T09:31:54,-72.545,-37.058,35,4.8,mw,,,,,,,,,,,,,,,,,USGS,53.1448326111,forearc,4.7,3.00068446269678
83872,2010-02-28T11:05:38,-71.799,-36.046,35,4.7,mw,,,,,,,,,,,,,,,,,USGS,70.6801071167,forearc,4.7,3.00068446269678
83852,2010-02-28T11:13:47,-71.76,-35.174,35,4.8,mw,,,,,,,,,,,,,,,,,USGS,55.4140892029,forearc,4.7,3.00068446269678
83743,2010-02-28T15:46:21,-72.215,-34.796,16.2,5.6,mw,,,,,,,,,,,,,,,,,USGS,32.1985855103,forearc,4.7,3.00068446269678
83837,2010-02-28T16:49:54,-72.031,-35.827,35,4.9,mw,,,,,,,,,,,,,,,,,USGS,57.4418029785,forearc,4.7,3.00068446269678
83798,2010-02-28T22:03:03,-72.151,-34.07,0.2075,5,mw,,,,,,,,,,,,,,,,,CSN-improved,23.832901001,forearc,4.7,3.00068446269678
84119,2010-03-01T00:49:10,-71.891,-35.1,2.3865,4.7,mw,,,,,,,,,,,,,,,,,CSN-improved,48.3404159546,forearc,4.7,3.00068446269678
84045,2010-03-01T02:44:45,-72.75,-35.22,18.9,5.6,mw,0.01,0.01,0.8,,302,29,32,183,75,115,1.4e+17,4.03e+16,-1.8e+17,-3.08e+16,-2.55e+17,1.3e+17,GCMT,23.5354042053,forearc,4.7,3.00068446269678
84082,2010-03-01T03:53:14,-73.099,-38.647,25,4.9,mw,,,,,,,,,,,,,,,,,ISC,44.7356719971,forearc,4.7,3.00068446269678
84110,2010-03-01T07:01:37,-70.492,-33.751,35,4.7,mw,,,,,,,,,,,,,,,,,USGS,,intraarc,4.7,3.00068446269678
84054,2010-03-01T08:46:53,-72.658,-35.574,15,5.3,mw,,,3.5,0.1,26,17,98,197,73,87,5.61e+16,2.5e+15,-5.86e+16,-2.67e+16,-9.1e+16,-2.63e+16,ISC-GEM,31.6843185425,forearc,4.7,3.00068446269678
84085,2010-03-01T09:22:58,-71.954,-35.743,35,4.9,mw,,,,,,,,,,,,,,,,,ISC,59.4409332275,forearc,4.7,3.00068446269678
84066,2010-03-01T10:17:25,-71.367,-37.071,35,5.2,mw,,,,,,,,,,,,,,,,,USGS,,intraarc,4.7,3.00068446269678
84061,2010-03-01T15:42:57,-72.167,-36.041,16,5.2,mw,,,5.1,,,,,,,,,,,,,,CSN-improved,57.1599998474,forearc,4.7,3.00068446269678
84114,2010-03-01T16:46:17,-72.536,-36.976,35,4.7,mw,,,,,,,,,,,,,,,,,USGS,52.8035850525,forearc,4.7,3.00068446269678
84287,2010-03-02T00:16:37,-72.355,-35.389,8.2,4.9,mw,,,7.5,,,,,,,,,,,,,,CSN-improved,37.9780960083,forearc,4.7,3.00068446269678
84268,2010-03-02T02:09:37,-71.47,-39.86,15.6,5.1,mw,0.02,0.01,1.4,,176,65,-168,80,79,-25,470000000000000,-1.52e+16,1.47e+16,-3.2e+16,1.53e+16,5.28e+16,GCMT,,intraarc,4.7,3.00068446269678
84285,2010-03-02T05:05:19,-72.208,-36.743,35,4.9,mw,,,,,,,,,,,,,,,,,USGS,64.6003341675,forearc,4.7,3.00068446269678
84275,2010-03-02T11:30:29,-72.99,-35.45,12,5,mw,0.03,0.01,0,,198,67,-163,101,74,-24,-1.85e+16,2.81e+16,-9.51e+15,-8.52e+15,3e+15,3.22e+16,GCMT,21.6655521393,forearc,4.7,3.00068446269678
84257,2010-03-02T11:42:35,-71.6,-35.079,35,5.3,mw,,,,,,,,,,,,,,,,,USGS,60.6928901672,forearc,4.7,3.00068446269678
84265,2010-03-02T16:28:12,-72.014,-35.61,35,5.2,mw,,,,,,,,,,,,,,,,,USGS,54.5409851074,forearc,4.7,3.00068446269678
84281,2010-03-02T16:40:22,-71.874,-35.371,39.4,5,mw,,,14.9,,,,,,,,,,,,,,USGS,55.4140319824,forearc,4.7,3.00068446269678
84252,2010-03-02T21:56:42,-69.148,-30.358,31.5,5.4,mw,,,4.7,0.29,,,,,,,,,,,,,ISC-GEM,,intraarc,4.7,3.00068446269678
84450,2010-03-03T01:49:12,-71.194,-38.372,35,4.7,mw,,,,,,,,,,,,,,,,,ISC,,intraarc,4.7,3.00068446269678
84439,2010-03-03T05:48:53,-72.279,-36.263,35,4.8,mw,,,,,,,,,,,,,,,,,USGS,54.6516418457,forearc,4.7,3.00068446269678
84446,2010-03-03T06:21:34,-71.969,-33.676,6.1657,4.8,mw,,,,,,,,,,,,,,,,,CSN-improved,26.2245254517,forearc,4.7,3.00068446269678
84434,2010-03-03T06:31:33,-71.977,-35.463,35,4.9,mw,,,,,,,,,,,,,,,,,USGS,51.5134162903,forearc,4.7,3.00068446269678
84454,2010-03-03T06:40:01,-72.367,-36.34,35,4.7,mw,,,,,,,,,,,,,,,,,USGS,54.1658172607,forearc,4.7,3.00068446269678
84436,2010-03-03T12:49:59,-72.443,-34.728,4.3066,4.9,mw,,,,,,,,,,,,,,,,,CSN-improved,24.4165973663,forearc,4.7,3.00068446269678
84586,2010-03-04T07:50:23,-72.248,-35.139,17,4.7,mw,,,,,,,,,,,,,,,,,ISC,36.5921592712,forearc,4.7,3.00068446269678
84568,2010-03-04T10:53:50,-70.034,-35.982,15,5.2,mw,,,25,0.2,,,,,,,,,,,,,ISC-GEM,,intraarc,4.7,3.00068446269678
84561,2010-03-04T10:53:54,-69.919,-35.869,35,5.4,mw,,,,,,,,,,,,,,,,,USGS,,intraarc,4.7,3.00068446269678
84574,2010-03-04T16:56:04,-72.64,-35.209,0.2544,5,mw,,,,,,,,,,,,,,,,,CSN-improved,25.9162769318,forearc,4.7,3.00068446269678
84709,2010-03-05T01:06:30,-70.67,-28.419,35,4.7,mw,,,,,,,,,,,,,,,,,USGS,52.8065643311,forearc,4.7,3.00068446269678
84678,2010-03-05T03:34:33,-71.729,-34.506,31,5.6,mw,,,,,1,38,-77,165,53,-100,-1.48e+17,-3.67e+16,1.85e+17,-2.24e+16,4.2e+16,-3.07e+16,ISC,43.1559524536,forearc,4.7,3.00068446269678
84681,2010-03-05T03:34:33,-71.94,-34.67,12,5.4,mw,0.01,0.01,0,,1,38,-77,165,53,-100,-1.48e+17,-3.67e+16,1.85e+17,-2.24e+16,4.2e+16,-3.07e+16,GCMT,38.1548614502,forearc,4.7,3.00068446269678
84682,2010-03-05T03:55:18,-71.95,-34.63,26.1,5.3,mw,0.02,0.01,1.1,,319,75,177,50,87,15,-600000000000000,-8.98e+16,9.04e+16,1.53e+16,2.09e+16,1.38e+16,GCMT,38.1548614502,forearc,4.7,3.00068446269678
84691,2010-03-05T04:16:19,-70.216,-34.994,15,5.1,mw,,,28.7,,,,,,,,,,,,,,CSN-improved,,intraarc,4.7,3.00068446269678
84694,2010-03-05T04:16:23,-71.66,-34.526,28,4.9,mw,,,,,,,,,,,,,,,,,ISC,48.0278739929,forearc,4.7,3.00068446269678
84696,2010-03-05T08:01:05,-71.456,-35.54,35,4.9,mw,,,,,,,,,,,,,,,,,USGS,75.7319717407,forearc,4.7,3.00068446269678
84702,2010-03-05T08:15:54,-71.207,-36.99,35,4.8,mw,,,,,,,,,,,,,,,,,USGS,,intraarc,4.7,3.00068446269678
84687,2010-03-05T12:21:36,-71.815,-35.091,35.7,5.2,mw,,,3.8,,,,,,,,,,,,,,CSN-improved,52.3479804993,forearc,4.7,3.00068446269678
84683,2010-03-05T12:28:57,-72.315,-35.029,13.1,5.3,mw,,,6,,,,,,,,,,,,,,CSN-improved,33.2178535461,forearc,4.7,3.00068446269678
84680,2010-03-05T16:46:52,-73.711,-36.845,4.131,5.5,mw,,,,,,,,,,,,,,,,,CSN-improved,19.892993927,forearc,4.7,3.00068446269678
84814,2010-03-06T00:12:26,-71.861,-36.238,35,4.7,mw,,,,,,,,,,,,,,,,,USGS,71.8879623413,forearc,4.7,3.00068446269678
84819,2010-03-06T09:49:31,-71.887,-34.64,14.4,4.7,mw,,,2.9,,,,,,,,,,,,,,CSN-improved,39.9769363403,forearc,4.7,3.00068446269678
84791,2010-03-06T10:48:13,-73.24,-38.331,16.1,5.2,mw,,,4.5,,,,,,,,,,,,,,CSN-improved,37.2192611694,forearc,4.7,3.00068446269678
84820,2010-03-06T14:37:30,-71.814,-32.72,9.3,4.7,mw,,,3.6,,,,,,,,,,,,,,CSN-improved,27.215423584,forearc,4.7,3.00068446269678
84918,2010-03-07T12:08:42,-71.311,-34.131,33.9,4.9,mw,,,25.6,,,,,,,,,,,,,,USGS,56.2973327637,forearc,4.7,3.00068446269678
84931,2010-03-07T12:31:14,-72.615,-35.717,12,4.7,mw,,,2,,,,,,,,,,,,,,CSN-improved,35.7036590576,forearc,4.7,3.00068446269678
84905,2010-03-07T17:16:24,-72.827,-38.405,11.7,5.2,mw,,,5,,,,,,,,,,,,,,CSN-improved,51.343082428,forearc,4.7,3.00068446269678
84899,2010-03-07T23:46:57,-73.171,-36.18,23.5,5.6,mw,,,3.5,,26,21,-119,237,72,-80,-2.82e+16,1.24e+16,1.58e+16,3.48e+16,1.98e+16,1.76e+16,CSN-improved,27.773771286,forearc,4.7,3.00068446269678
84903,2010-03-07T23:46:58,-73.142,-36.16,26,5.3,mw,,,,,26,21,-119,237,72,-80,-2.82e+16,1.24e+16,1.58e+16,3.48e+16,1.98e+16,1.76e+16,ISC,27.261800766,forearc,4.7,3.00068446269678
84914,2010-03-07T23:49:26,-70.915,-35.596,60.8686,5,mw,,,,,,,,,,,,,,,,,CSN-improved,,intraarc,4.7,3.00068446269678
85055,2010-03-08T05:25:12,-73.564,-38.558,15,4.7,mw,,,,,,,,,,,,,,,,,ISC,30.2558403015,forearc,4.7,3.00068446269678
85049,2010-03-08T08:37:01,-72.519,-35.318,14.6,4.8,mw,,,3,,,,,,,,,,,,,,CSN-improved,31.571149826,forearc,4.7,3.00068446269678
85028,2010-03-08T16:49:50,-71.764,-32.676,3.4834,5.1,mw,,,,,,,,,,,,,,,,,CSN-improved,28.8757305145,forearc,4.7,3.00068446269678
85007,2010-03-08T17:03:22,-66.84,-25.94,15.1,5.8,mw,0.01,0.01,0.6,,149,75,6,58,84,165,-1.74e+17,6.4e+17,-4.66e+17,2.42e+17,-2.19e+16,-2.68e+17,GCMT,,unclassified,4.7,3.00068446269678
85041,2010-03-08T17:50:44,-71.84,-32.717,4.7245,4.9,mw,,,,,360,28,108,159,63,81,9.06e+16,-3.3e+15,-8.73e+16,3.22e+16,-5.92e+16,1.57e+16,CSN-improved,25.6241493225,forearc,4.7,3.00068446269678
85029,2010-03-08T18:08:00,-71.851,-32.682,4.8969,5.1,mw,,,,,353,26,89,175,64,91,8.04e+16,-600000000000000,-7.98e+16,5.3e+15,-6.19e+16,8.7e+15,CSN-improved,25.6241493225,forearc,4.7,3.00068446269678
85034,2010-03-08T18:18:49,-71.867,-32.61,8.0848,5,mw,,,,,,,,,,,,,,,,,CSN-improved,25.5278663635,forearc,4.7,3.00068446269678
85053,2010-03-08T18:43:25,-71.841,-32.723,7.1858,4.8,mw,,,,,,,,,,,,,,,,,CSN-improved,25.6241493225,forearc,4.7,3.00068446269678
85035,2010-03-08T20:37:57,-72.761,-35.412,4.6,5,mw,,,5.2,,,,,,,,,,,,,,CSN-improved,26.5883674622,forearc,4.7,3.00068446269678
85142,2010-03-09T05:53:28,-73.321,-37.103,10.8,5.3,mw,,,3.6,,,,,,,,,,,,,,CSN-improved,29.4285392761,forearc,4.7,3.00068446269678
85224,2010-03-10T10:56:30,-73.223,-35.849,5.6,5.2,mw,,,2.9,,,,,,,,,,,,,,CSN-improved,22.6862602234,forearc,4.7,3.00068446269678
85332,2010-03-11T04:51:23,-71.942,-33.102,4.854,4.8,mw,,,,,,,,,,,,,,,,,CSN-improved,23.2792949677,forearc,4.7,3.00068446269678
85328,2010-03-11T10:51:34,-72.29,-34.41,16.8,4.9,mw,0.04,0.03,1.2,,319,31,-99,150,60,-85,,,,,,,GCMT,23.8058166504,forearc,4.7,3.00068446269678
85308,2010-03-11T14:55:35,-71.79,-34.32,16.3,7,mw,0.01,0.01,0.3,,16,6,-53,159,86,-93,-5.9e+18,2.4e+17,5.66e+18,-1.27e+19,3.2e+19,2.7e+17,CSN-improved,29.9671802521,forearc,4.7,3.00068446269678
85318,2010-03-11T15:54:36,-72.124,-34.507,12.7,5.2,mw,,,4.2,,,,,,,,,,,,,,CSN-improved,30.794500351,forearc,4.7,3.00068446269678
85333,2010-03-11T16:30:51,-71.987,-34.531,12.8767,4.8,mw,,,,,,,,,,,,,,,,,CSN-improved,34.8006668091,forearc,4.7,3.00068446269678
85322,2010-03-11T17:18:46,-72.19,-34.305,0.2898,5.1,mw,,,,,,,,,,,,,,,,,CSN-improved,25.2581272125,forearc,4.7,3.00068446269678
85310,2010-03-11T20:11:27,-72.08,-34.62,19.3,5.6,mw,0.01,0.02,0.7,,3,44,-61,146,52,-115,-3.27e+17,1.48e+16,3.12e+17,-1.41e+17,7.2e+15,-8.64e+16,GCMT,32.2626190186,forearc,4.7,3.00068446269678
85337,2010-03-11T21:31:06,-71.799,-34.454,1.799,4.8,mw,,,,,,,,,,,,,,,,,CSN-improved,40.4130020142,forearc,4.7,3.00068446269678
85324,2010-03-11T21:50:03,-72.029,-34.408,-0.0354,5,mw,,,,,,,,,,,,,,,,,CSN-improved,30.960111618,forearc,4.7,3.00068446269678
85462,2010-03-12T05:53:34,-72.076,-34.656,2.2546,4.8,mw,,,,,,,,,,,,,,,,,CSN-improved,33.0275382996,forearc,4.7,3.00068446269678
85438,2010-03-12T06:10:34,-71.842,-34.502,21.4129,5.2,mw,,,,,,,,,,,,,,,,,CSN-improved,39.3444519043,forearc,4.7,3.00068446269678
85450,2010-03-12T08:53:23,-71.848,-34.498,8.0352,5,mw,,,,,,,,,,,,,,,,,CSN-improved,39.3444519043,forearc,4.7,3.00068446269678
85458,2010-03-12T09:00:52,-71.958,-34.394,10.9,4.9,mw,,,3,,,,,,,,,,,,,,CSN-improved,34.2475318909,forearc,4.7,3.00068446269678
85455,2010-03-12T11:02:12,-72.223,-38.105,19,4.9,mw,,,,,,,,,,,,,,,,,ISC,76.4697570801,forearc,4.7,3.00068446269678
85443,2010-03-12T11:02:13,-72.385,-38.124,21.9,5.2,mw,,,,,,,,,,,,,,,,,USGS,67.4536590576,forearc,4.7,3.00068446269678
85434,2010-03-12T16:50:02,-72.068,-34.316,28.228,5.8,mw,,,,,342,40,-87,158,50,-92,-3.95e+17,2.49e+16,3.7e+17,-3.81e+16,6.83e+16,-1.47e+17,CSN-improved,29.6160202026,forearc,4.7,3.00068446269678
85433,2010-03-12T16:50:03,-71.896,-34.287,15,6.1,mw,,,,,342,40,-87,158,50,-92,-3.95e+17,2.49e+16,3.7e+17,-3.81e+16,6.83e+16,-1.47e+17,ISC,34.5272293091,forearc,4.7,3.00068446269678
85435,2010-03-12T16:50:04,-72.18,-34.41,12,5.7,mw,0.01,0.01,0,,342,40,-87,158,50,-92,-3.95e+17,2.49e+16,3.7e+17,-3.81e+16,6.83e+16,-1.47e+17,GCMT,26.4865703583,forearc,4.7,3.00068446269678
85453,2010-03-12T19:48:30,-71.898,-34.493,14.6,5,mw,,,6.3,,,,,,,,,,,,,,CSN-improved,37.5184631348,forearc,4.7,3.00068446269678
85594,2010-03-13T02:22:03,-71.924,-34.533,8.2,4.8,mw,,,3.4,,,,,,,,,,,,,,CSN-improved,38.3177680969,forearc,4.7,3.00068446269678
85595,2010-03-13T02:23:37,-71.989,-34.521,15.2499,4.8,mw,,,,,,,,,,,,,,,,,CSN-improved,34.0377044678,forearc,4.7,3.00068446269678
85582,2010-03-13T07:12:07,-71.97,-34.65,18.9,5.1,mw,0.02,0.02,0.9,,345,45,-81,152,46,-99,-4.51e+16,-2.57e+15,4.77e+16,-3.89e+15,-330000000000000,-2.33e+16,GCMT,38.1548614502,forearc,4.7,3.00068446269678
85578,2010-03-13T15:22:36,-72.07,-34.57,15.6,5.2,mw,0.02,0.02,1.1,,10,29,-75,172,62,-99,-6.98e+16,-6.1e+15,7.59e+16,-1.19e+16,4.63e+16,500000000000000,GCMT,33.1296272278,forearc,4.7,3.00068446269678
85575,2010-03-13T16:33:16,-69.708,-34.137,25.7,5.3,mw,,,21.2,,,,,,,,,,,,,,USGS,,intraarc,4.7,3.00068446269678
85593,2010-03-13T16:33:18,-69.686,-34.102,35,4.8,mw,,,,,,,,,,,,,,,,,ISC,,intraarc,4.7,3.00068446269678
85654,2010-03-14T07:31:21,-72.035,-34.275,21.8668,5.6,mw,,,,,341,34,-116,191,59,-73,-6.81e+16,-2.4e+15,7.05e+16,1.94e+16,3.38e+16,-5.6e+15,CSN-improved,28.9747676849,forearc,4.7,3.00068446269678
85660,2010-03-14T07:31:24,-72.1,-34.42,16.4,5.2,mw,0.02,0.02,1.1,,341,34,-116,191,59,-73,-6.81e+16,-2.4e+15,7.05e+16,1.94e+16,3.38e+16,-5.6e+15,GCMT,29.407875061,forearc,4.7,3.00068446269678
85656,2010-03-14T13:52:24,-73.85,-38.71,19.3,5.5,mw,0.03,0.02,1.1,,281,25,-26,35,79,-113,-6.99e+16,9.46e+16,-2.47e+16,-7.21e+16,-1.49e+17,4.25e+16,GCMT,23.708398819,forearc,4.7,3.00068446269678
85657,2010-03-14T14:59:29,-72.985,-36.604,10.1,5.4,mw,,,2.5,,,,,,,,,,,,,,CSN-improved,35.1284828186,forearc,4.7,3.00068446269678
85658,2010-03-14T20:04:57,-73.85,-38.68,13.3,5.4,mw,0.01,0.01,0.6,,228,23,-60,15,71,-102,-1.16e+17,3.47e+16,8.13e+16,-2.15e+16,-1.37e+17,5.31e+16,GCMT,23.708398819,forearc,4.7,3.00068446269678
85782,2010-03-15T01:58:16,-72.365,-35.09,11.2748,5,mw,,,,,,,,,,,,,,,,,CSN-improved,32.5400047302,forearc,4.7,3.00068446269678
85969,2010-03-17T00:55:21,-71.847,-34.507,9.7,4.7,mw,,,4.4,,,,,,,,,,,,,,CSN-improved,39.3444519043,forearc,4.7,3.00068446269678
85952,2010-03-17T17:38:34,-72.507,-43.999,15,5.4,mw,,,25,0.1,100,88,-22,191,68,-178,-9.3e+15,6.34e+16,-5.41e+16,-6.19e+16,1.26e+16,1.47e+17,ISC-GEM,,intraarc,4.7,3.00068446269678
85953,2010-03-17T17:38:37,-73.03,-44.36,12,5.4,mw,0.01,0.01,0,,191,68,-178,100,88,-22,-9.3e+15,6.34e+16,-5.41e+16,-6.19e+16,1.26e+16,1.47e+17,GCMT,,intraarc,4.7,3.00068446269678
85959,2010-03-17T20:04:07,-71.863,-34.532,12.9,5.1,mw,,,5.3,,,,,,,,,,,,,,CSN-improved,40.1604690552,forearc,4.7,3.00068446269678
86071,2010-03-18T09:32:21,-72.832,-44.179,4.4,4.8,mw,,,6.4,,186,72,171,279,81,18,-8.11e+15,2.69e+16,-1.88e+16,-3.39e+16,-1.66e+16,8.21e+16,CSN-improved,,intraarc,4.7,3.00068446269678
86060,2010-03-18T09:32:27,-73.01,-44.43,20.4,5.2,mw,0.03,0.01,1.4,,186,72,171,279,81,18,-8.11e+15,2.69e+16,-1.88e+16,-3.39e+16,-1.66e+16,8.21e+16,GCMT,,intraarc,4.7,3.00068446269678
86058,2010-03-18T20:16:19,-71.988,-34.255,9.9,5.3,mw,,,,,,,,,,,,,,,,,USGS,30.5320491791,forearc,4.7,3.00068446269678
86066,2010-03-18T20:16:20,-72.037,-34.257,9.9,5,mw,,,3.8,,,,,,,,,,,,,,CSN-improved,28.9747676849,forearc,4.7,3.00068446269678
86140,2010-03-19T17:57:10,-71.949,-34.467,14.9,4.8,mw,,,6.4,,,,,,,,,,,,,,CSN-improved,34.9879341125,forearc,4.7,3.00068446269678
86218,2010-03-20T01:41:07,-71.664,-37.825,35,4.9,mw,,,,,,,,,,,,,,,,,USGS,,intraarc,4.7,3.00068446269678
86220,2010-03-20T06:29:24,-73.471,-37.815,14.3,4.8,mw,,,2.3,,,,,,,,,,,,,,CSN-improved,28.6479530334,forearc,4.7,3.00068446269678
86295,2010-03-21T16:25:16,-72.017,-34.632,16.3,5.2,mw,,,,,,,,,,,,,,,,,USGS,36.3881912231,forearc,4.7,3.00068446269678
86303,2010-03-21T16:25:17,-72.017,-34.632,16.3,4.9,mw,,,5.2,,,,,,,,,,,,,,CSN-improved,36.3881912231,forearc,4.7,3.00068446269678
86311,2010-03-21T18:56:46,-71.998,-34.323,10.3,4.7,mw,,,6.4,,,,,,,,,,,,,,CSN-improved,31.1917381287,forearc,4.7,3.00068446269678
86393,2010-03-22T01:24:08,-72.615,-35.847,11.1,5.1,mw,,,5.1,,,,,,,,,,,,,,CSN-improved,38.245388031,forearc,4.7,3.00068446269678
86396,2010-03-22T14:34:59,-72.367,-35.29,10,4.8,mw,,,0,,,,,,,,,,,,,,CSN-improved,36.1109008789,forearc,4.7,3.00068446269678
86463,2010-03-23T14:45:38,-73.009,-36.927,15.1,5.1,mw,,,4.6,,,,,,,,,,,,,,CSN-improved,36.9791374207,forearc,4.7,3.00068446269678
86654,2010-03-26T01:36:37,-72.504,-36.616,35,4.7,mw,,,,,,,,,,,,,,,,,USGS,51.4799537659,forearc,4.7,3.00068446269678
86730,2010-03-27T06:37:04,-69.364,-32.418,13,4.8,mw,,,,,,,,,,,,,,,,,ISC,,intraarc,4.7,3.00068446269678
86724,2010-03-27T06:37:07,-69.192,-32.402,24.5,5.1,mw,,,16.9,,,,,,,,,,,,,,USGS,,intraarc,4.7,3.00068446269678
86872,2010-03-29T16:37:14,-71.892,-34.511,14.9,4.7,mw,,,2.3,,,,,,,,,,,,,,CSN-improved,37.5184631348,forearc,4.7,3.00068446269678
87052,2010-04-01T12:53:10,-72.22,-34.87,12,5.1,mw,0.03,0.02,0,,195,58,-142,82,59,-39,-3.24e+16,2.1e+16,1.15e+16,-2.36e+16,2.53e+16,4.05e+16,GCMT,33.0055999756,forearc,4.7,3.00068446269678
87098,2010-04-02T08:53:32,-72.757,-35.719,13.1,4.9,mw,,,5.1,,,,,,,,,,,,,,CSN-improved,31.4581737518,forearc,4.7,3.00068446269678
87104,2010-04-02T23:15:31,-72.919,-36.365,12.0497,4.7,mw,,,,,,,,,,,,,,,,,CSN-improved,35.9885597229,forearc,4.7,3.00068446269678
87185,2010-04-03T01:50:52,-72.187,-36.979,5,4.7,mw,,,13.3,,,,,,,,,,,,,,CSN-improved,67.1189117432,forearc,4.7,3.00068446269678
87182,2010-04-03T03:38:20,-70.339,-35.324,6.3,4.8,mw,,,,,,,,,,,,,,,,,USGS,,intraarc,4.7,3.00068446269678
87254,2010-04-04T13:34:25,-69.626,-19.644,9.6196,5,mw,,,,,,,,,,,,,,,,,CSN-improved,71.0697097778,forearc,4.7,3.00068446269678
87350,2010-04-05T04:09:27,-73.096,-35.71,0.2481,4.8,mw,,,,,,,,,,,,,,,,,CSN-improved,22.9522361755,forearc,4.7,3.00068446269678
87474,2010-04-07T16:25:31,-71.991,-34.666,8.3363,5.1,mw,,,,,,,,,,,,,,,,,CSN-improved,36.3881912231,forearc,4.7,3.00068446269678
87522,2010-04-08T08:03:01,-72.317,-35.161,14.3,5.2,mw,,,3.3,,,,,,,,,,,,,,CSN-improved,34.9725799561,forearc,4.7,3.00068446269678
87882,2010-04-15T10:13:11,-72.018,-34.698,8.9015,4.9,mw,,,,,,,,,,,,,,,,,CSN-improved,37.2125854492,forearc,4.7,3.00068446269678
88062,2010-04-19T07:21:31,-72.392,-35.719,14.2,4.8,mw,,,,,,,,,,,,,,,,,USGS,41.9808311462,forearc,4.7,3.00068446269678
88237,2010-04-23T15:05:50,-73.622,-36.575,4.0682,4.7,mw,,,,,,,,,,,,,,,,,CSN-improved,20.575050354,forearc,4.7,3.00068446269678
88392,2010-04-27T05:37:20,-71.857,-34.33,19,4.8,mw,,,,,,,,,,,,,,,,,ISC,37.0188140869,forearc,4.7,3.00068446269678
88420,2010-04-28T04:26:28,-72.783,-35.738,11,4.8,mw,,,,,,,,,,,,,,,,,ISC,30.9156684875,forearc,4.7,3.00068446269678
88570,2010-05-02T14:52:44,-72.22,-34.48,15.3,5.9,mw,0.01,0.01,0.4,,26,25,-36,149,76,-110,-4.18e+17,-1.93e+17,6.12e+17,-4.71e+17,6.57e+17,-4.5e+16,GCMT,27.7932167053,forearc,4.7,3.00068446269678
88623,2010-05-03T19:07:00,-72.761,-38.384,25,5.2,mw,,,9.4,0.2,,,,,,,,,,,,,ISC-GEM,55.2786369324,forearc,4.7,3.00068446269678
88669,2010-05-04T02:49:02,-71.502,-38.291,-1.1384,5,mw,,,,,,,,,,,,,,,,,CSN-improved,,intraarc,4.7,3.00068446269678
88880,2010-05-10T12:13:43,-71.133,-31.148,28.3838,4.8,mw,,,,,,,,,,,,,,,,,CSN-improved,53.9274749756,forearc,4.7,3.00068446269678
89202,2010-05-19T10:48:05,-72.444,-34.692,7.1,4.8,mw,,,1.3,,,,,,,,,,,,,,CSN-improved,23.7592144012,forearc,4.7,3.00068446269678
89201,2010-05-19T21:25:04,-71.8,-33.959,10,4.8,mw,,,,,,,,,,,,,,,,,ISC,33.4850769043,forearc,4.7,3.00068446269678
89271,2010-05-21T18:52:07,-71.926,-34.612,10.1,5.6,mw,,,1.6,,25,38,-91,206,52,-90,-1.13e+17,1.74e+16,9.58e+16,1.29e+16,2.53e+16,4.93e+16,CSN-improved,37.33253479,forearc,4.7,3.00068446269678
89272,2010-05-21T18:52:11,-72.09,-34.75,12,5.3,mw,0.01,0.01,0,,25,38,-91,206,52,-90,-1.13e+17,1.74e+16,9.58e+16,1.29e+16,2.53e+16,4.93e+16,GCMT,34.6194190979,forearc,4.7,3.00068446269678
89391,2010-05-24T09:14:58,-72.108,-40.39,35,5,mw,,,,,,,,,,,,,,,,,USGS,,intraarc,4.7,3.00068446269678
89619,2010-05-29T17:15:10,-70.378,-35.384,13.5739,4.8,mw,,,,,,,,,,,,,,,,,CSN-improved,,intraarc,4.7,3.00068446269678
89658,2010-05-30T00:00:31,-73.209,-36.618,6.1,4.8,mw,,,3.3,,,,,,,,,,,,,,CSN-improved,29.6906604767,forearc,4.7,3.00068446269678
89659,2010-05-30T00:41:14,-73.445,-36.645,4.7,4.8,mw,,,2.2,,,,,,,,,,,,,,CSN-improved,24.0002384186,forearc,4.7,3.00068446269678
89870,2010-06-05T15:18:17,-69.988,-21.562,28.0635,5.2,mw,,,,,,,,,,,,,,,,,CSN-improved,43.7879104614,forearc,4.7,3.00068446269678
89900,2010-06-06T08:26:48,-71.904,-34.779,0.393,5.1,mw,,,,,,,,,,,,,,,,,CSN-improved,42.6123313904,forearc,4.7,3.00068446269678
89903,2010-06-06T08:26:49,-71.865,-34.713,5,4.7,mw,,,,,,,,,,,,,,,,,ISC,42.7270889282,forearc,4.7,3.00068446269678
90011,2010-06-10T09:46:54,-68.162,-29.186,43.5,5.2,mw,,,4.6,,,,,,,,,,,,,,USGS,,unclassified,4.7,3.00068446269678
90039,2010-06-11T08:54:13,-72.081,-34.728,17.9,5.2,mw,,,3.6,,,,,,,,,,,,,,CSN-improved,34.6194190979,forearc,4.7,3.00068446269678
90536,2010-06-27T04:34:22,-68.549,-30.516,19.9,4.7,mw,,,3.8,,,,,,,,,,,,,,CSN-improved,,unclassified,4.7,3.00068446269678
90634,2010-06-30T12:04:07,-72.674,-35.115,1.6383,4.8,mw,,,,,,,,,,,,,,,,,CSN-improved,24.4122428894,forearc,4.7,3.00068446269678
90739,2010-07-04T18:58:03,-71.795,-36.52,31.5,4.8,mw,,,3.9,,,,,,,,,,,,,,CSN-improved,77.2977218628,forearc,4.7,3.00068446269678
90845,2010-07-08T05:49:39,-72.092,-34.499,1.2752,5.2,mw,,,,,,,,,,,,,,,,,CSN-improved,30.794500351,forearc,4.7,3.00068446269678
90872,2010-07-09T22:57:22,-75.229,-45.901,35,5.1,mw,,,,,79,59,-176,347,86,-31,-1.7e+15,3.74e+16,-3.57e+16,800000000000000,-5.37e+16,-7.7e+16,ISC,,unclassified,4.7,3.00068446269678
90896,2010-07-10T01:21:39,-73.116,-35.75,2.0251,5,mw,,,,,,,,,,,,,,,,,CSN-improved,23.6146354675,forearc,4.7,3.00068446269678
91208,2010-07-22T11:27:47,-72.644,-37.304,32.5789,4.7,mw,,,,,,,,,,,,,,,,,CSN-improved,50.7996788025,forearc,4.7,3.00068446269678
91244,2010-07-23T13:50:57,-73.546,-37.02,9.3,5.2,mw,,,2.8,,,,,,,,,,,,,,CSN-improved,23.4576301575,forearc,4.7,3.00068446269678
91376,2010-07-29T10:04:48,-73.078,-39.009,29,4.8,mw,,,,,,,,,,,,,,,,,ISC,48.5864524841,forearc,4.7,3.00068446269678
91582,2010-08-06T15:15:51,-72.553,-35.053,6.805,5,mw,,,,,,,,,,,,,,,,,CSN-improved,26.1429901123,forearc,4.7,3.00068446269678
91701,2010-08-10T12:17:00,-67.466,-31.748,13.425,5.1,mw,,,,,,,,,,,,,,,,,CSN-improved,,unclassified,4.7,3.00068446269678
91882,2010-08-15T07:50:37,-71.337,-36.975,32.7,5.6,mw,,,5.5,,290,58,-9,25,82,-148,-1.84e+16,6.08e+16,-4.24e+16,-1.49e+16,-4.18e+16,5.54e+16,CSN-improved,,intraarc,4.7,3.00068446269678
91883,2010-08-15T07:50:41,-71.47,-37.09,16.2,5.2,mw,0.02,0.01,0.9,,290,58,-9,25,82,-148,-1.84e+16,6.08e+16,-4.24e+16,-1.49e+16,-4.18e+16,5.54e+16,GCMT,,intraarc,4.7,3.00068446269678
91979,2010-08-17T07:53:13,-71.846,-34.579,11.6,4.8,mw,,,3.2,,,,,,,,,,,,,,CSN-improved,40.9964752197,forearc,4.7,3.00068446269678
92190,2010-08-25T22:34:56,-73.082,-38.011,15,5,mw,,,5.4,,,,,,,,,,,,,,CSN-improved,39.255317688,forearc,4.7,3.00068446269678
92333,2010-08-30T08:34:48,-72.115,-35.246,12.7306,4.8,mw,,,,,,,,,,,,,,,,,CSN-improved,43.7156181335,forearc,4.7,3.00068446269678
92377,2010-09-01T18:03:30,-72.288,-34.852,12.3,4.7,mw,,,3.5,,,,,,,,,,,,,,CSN-improved,29.9482440948,forearc,4.7,3.00068446269678
92394,2010-09-02T00:28:14,-68.493,-20.299,86.3,4.9,mw,,,10.4,,,,,,,,,,,,,,USGS,,intraarc,4.7,3.00068446269678
92425,2010-09-03T15:16:44,-70.602,-30.689,46.1,4.8,mw,,,,,,,,,,,,,,,,,USGS,77.0426101685,forearc,4.7,3.00068446269678
92510,2010-09-06T10:47:45,-70.491,-35.322,13.4,5.3,mw,,,8.1,,,,,,,,,,,,,,CSN-improved,,intraarc,4.7,3.00068446269678
92628,2010-09-11T17:53:52,-73.767,-37.363,5.8431,5.1,mw,,,,,,,,,,,,,,,,,CSN-improved,20.8533535004,forearc,4.7,3.00068446269678
93286,2010-10-03T06:41:21,-72.887,-35.158,0.9912,4.8,mw,,,,,,,,,,,,,,,,,CSN-improved,19.6666927338,forearc,4.7,3.00068446269678
93535,2010-10-13T20:42:49,-73.459,-37.556,8.6,4.9,mw,,,2.7,,,,,,,,,,,,,,CSN-improved,27.610124588,forearc,4.7,3.00068446269678
93647,2010-10-17T15:50:18,-68.582,-33.475,26,5.2,mw,,,,,,,,,,,,,,,,,ISC,,unclassified,4.7,3.00068446269678
93940,2010-10-29T01:23:29,-71.42,-36.788,18.7,4.8,mw,,,6.7,,,,,,,,,,,,,,CSN-improved,,intraarc,4.7,3.00068446269678
94180,2010-11-05T04:53:03,-72.562,-36.13,28.8,5.1,mw,,,4.1,,,,,,,,,,,,,,CSN-improved,44.4554519653,forearc,4.7,3.00068446269678
94770,2010-11-25T04:54:47,-69.793,-25.06,28.7,5.6,mw,,,4.2,,,,,,,,,,,,,,CSN-improved,61.5010681152,forearc,4.7,3.00068446269678
95179,2010-12-07T15:33:45,-73.448,-37.73,4.6,5,mw,,,3.1,,,,,,,,,,,,,,CSN-improved,28.4278125763,forearc,4.7,3.00068446269678
95409,2010-12-14T16:42:07,-72.108,-40.491,35,4.9,mw,,,,,,,,,,,,,,,,,USGS,,intraarc,4.7,3.00068446269678
95460,2010-12-16T05:59:52,-71.128,-29.689,19.4207,4.9,mw,,,,,,,,,,,,,,,,,CSN-improved,46.2100830078,forearc,4.7,3.00068446269678
95485,2010-12-17T20:34:20,-71.269,-17.548,26,4.8,mw,,,,,,,,,,,,,,,,,ISC,62.8375473022,forearc,4.7,3.00068446269678
95537,2010-12-18T00:01:03,-71.99,-34.687,14.7,4.8,mw,,,,,,,,,,,,,,,,,USGS,37.2125854492,forearc,4.7,3.00068446269678
95536,2010-12-18T00:01:04,-72.125,-34.689,11.0107,5,mw,,,,,,,,,,,,,,,,,CSN-improved,32.2007484436,forearc,4.7,3.00068446269678
95534,2010-12-18T19:08:53,-72.107,-34.183,10,5.2,mw,,,,,,,,,,,,,,,,,USGS,26.8772449493,forearc,4.7,3.00068446269678
95565,2010-12-19T17:23:03,-73.236,-36.497,6.3,5.1,mw,,,7.1,,,,,,,,,,,,,,CSN-improved,27.7908382416,forearc,4.7,3.00068446269678
96048,2011-01-02T20:20:11,-74.03,-38.373,2.7601,6.9,mw,,,,,175,80,90,355,10,90,2.84e+19,-4.9e+17,-2.79e+19,2.7e+18,-5.66e+19,-5.7e+17,CSN-improved,18.5187969208,forearc,4.7,3.00068446269678
96053,2011-01-02T23:27:04,-72.871,-38.756,8.2,5,mw,,,2.2,,,,,,,,,,,,,,CSN-improved,55.1964263916,forearc,4.7,3.00068446269678
96366,2011-01-11T05:33:53,-72.08,-35.33,12,5.1,mw,0.03,0.02,0,,138,15,60,349,77,98,1.97e+16,4.7e+15,-2.44e+16,-9.4e+15,4.85e+16,1.4e+16,GCMT,45.7009544373,forearc,4.7,3.00068446269678
96663,2011-01-21T10:25:22,-71.907,-37.692,17.5,5.2,mw,,,26.3,,,,,,,,,,,,,,USGS,86.6124191284,forearc,4.7,3.00068446269678
96863,2011-01-29T07:24:55,-67.738,-31.777,38,4.9,mw,,,6.8,,,,,,,,,,,,,,USGS,,unclassified,4.7,3.00068446269678
97044,2011-02-05T16:58:37,-70.557,-31.598,0,4.8,mw,,,,,,,,,,,,,,,,,ISC,81.348197937,forearc,4.7,3.00068446269678
97082,2011-02-06T15:30:47,-71.097,-36.854,63.5664,4.7,mw,,,,,,,,,,,,,,,,,CSN-improved,,intraarc,4.7,3.00068446269678
97193,2011-02-10T15:58:36,-71.783,-32.659,5,4.9,mw,,,,,,,,,,,,,,,,,ISC,27.1676826477,forearc,4.7,3.00068446269678
97218,2011-02-11T20:05:29,-73.155,-36.46,13,6,mw,,,,,,,,,,,,,,,,,ISC,29.9707660675,forearc,4.7,3.00068446269678
97381,2011-02-14T12:18:25,-71.54,-35.65,12.8,5.2,mw,0.02,0.02,1.9,,211,21,-33,331,79,-108,-2.81e+16,-1.74e+16,4.54e+16,3.79e+16,-6.42e+16,-1.6e+15,GCMT,73.5183181763,forearc,4.7,3.00068446269678
97383,2011-02-14T12:18:29,-72.078,-35.569,35,5.2,mw,,,30,0.1,211,21,-33,331,79,-108,-2.81e+16,-1.74e+16,4.54e+16,3.79e+16,-6.42e+16,-1.6e+15,ISC-GEM,49.7124290466,forearc,4.7,3.00068446269678
97385,2011-02-14T12:18:30,-71.893,-35.586,35,4.8,mw,,,,,211,21,-33,331,79,-108,-2.81e+16,-1.74e+16,4.54e+16,3.79e+16,-6.42e+16,-1.6e+15,ISC,58.4783782959,forearc,4.7,3.00068446269678
97488,2011-02-18T23:54:03,-70.39,-34.91,17.7,5,mw,,,3.2,,,,,,,,,,,,,,CSN-improved,,intraarc,4.7,3.00068446269678
97633,2011-02-21T05:38:50,-72.55,-46.02,17.6,5,mw,0.06,0.02,1.6,,271,32,-20,18,79,-121,-1.51e+16,1.94e+16,-4.4e+15,900000000000000,-3.72e+16,1.59e+16,GCMT,,intraarc,4.7,3.00068446269678
97653,2011-02-22T06:24:59,-72.601,-35.711,10,4.9,mw,,,,,,,,,,,,,,,,,ISC,35.7036590576,forearc,4.7,3.00068446269678
98332,2011-03-17T15:25:23,-71.822,-32.475,6,4.8,mw,,,,,,,,,,,,,,,,,ISC,27.0367126465,forearc,4.7,3.00068446269678
98493,2011-03-22T07:32:47,-71.753,-33.692,13,4.8,mw,,,,,,,,,,,,,,,,,ISC,32.6791725159,forearc,4.7,3.00068446269678
98609,2011-03-25T14:48:42,-71.835,-34.49,14.5,5,mw,,,,,,,,,,,,,,,,,USGS,39.3444519043,forearc,4.7,3.00068446269678
98610,2011-03-25T14:48:43,-71.837,-34.494,14.5,4.7,mw,,,7,,,,,,,,,,,,,,CSN-improved,39.3444519043,forearc,4.7,3.00068446269678
99403,2011-04-15T00:59:37,-73.255,-37.495,15,4.8,mw,,,2.8,,,,,,,,,,,,,,CSN-improved,32.2357635498,forearc,4.7,3.00068446269678
99656,2011-04-22T02:57:39,-71.544,-34.707,15,4.9,mw,,,7.5,,,,,,,,,,,,,,CSN-improved,54.9636497498,forearc,4.7,3.00068446269678
99763,2011-04-25T17:36:18,-67.596,-29.505,46.3813,5,mw,,,,,,,,,,,,,,,,,CSN-improved,,unclassified,4.7,3.00068446269678
99836,2011-04-27T06:56:16,-72.11,-40.452,35,4.9,mw,,,,,,,,,,,,,,,,,ISC,,intraarc,4.7,3.00068446269678
99832,2011-04-27T06:56:17,-71.733,-40.356,41.1,5.2,mw,,,11.1,,,,,,,,,,,,,,USGS,,intraarc,4.7,3.00068446269678
100096,2011-05-03T06:35:42,-69.229,-30.232,48.3,4.9,mw,,,5.8,,,,,,,,,,,,,,USGS,,intraarc,4.7,3.00068446269678
100349,2011-05-09T22:24:46,-68.61,-24.301,39.1,4.7,mw,,,10.8,,,,,,,,,,,,,,USGS,,intraarc,4.7,3.00068446269678
100388,2011-05-10T04:31:41,-72.043,-34.65,15.6,5,mw,,,,,,,,,,,,,,,,,USGS,34.6786689758,forearc,4.7,3.00068446269678
100868,2011-05-24T13:21:19,-71.784,-32.193,4,4.7,mw,,,,,,,,,,,,,,,,,ISC,26.7641677856,forearc,4.7,3.00068446269678
101280,2011-06-04T12:23:49,-72.093,-40.491,13.1,5.2,mw,,,,,,,,,,,,,,,,,USGS,,intraarc,4.7,3.00068446269678
101289,2011-06-04T12:23:50,-72.093,-40.491,13.1,4.7,mw,,,4.6,,,,,,,,,,,,,,CSN-improved,,intraarc,4.7,3.00068446269678
101290,2011-06-04T13:20:52,-72.065,-40.422,13.1,4.7,mw,,,4.5,,,,,,,,,,,,,,CSN-improved,,intraarc,4.7,3.00068446269678
101279,2011-06-04T13:58:56,-72.177,-40.444,12.7,5.3,mw,,,,,,,,,,,,,,,,,USGS,,intraarc,4.7,3.00068446269678
101285,2011-06-04T13:58:57,-72.177,-40.444,12.7,4.8,mw,,,3.9,,,,,,,,,,,,,,CSN-improved,,intraarc,4.7,3.00068446269678
101282,2011-06-04T15:05:40,-72.164,-40.537,7.2,4.9,mw,,,7.9,,,,,,,,,,,,,,CSN-improved,,intraarc,4.7,3.00068446269678
101283,2011-06-04T16:03:44,-72.166,-40.551,15.7,4.9,mw,,,9.8,,,,,,,,,,,,,,CSN-improved,,intraarc,4.7,3.00068446269678
101284,2011-06-04T16:24:38,-72.129,-40.483,13,4.9,mw,,,10.4,,,,,,,,,,,,,,CSN-improved,,intraarc,4.7,3.00068446269678
101291,2011-06-04T16:28:44,-72.29,-40.589,67.5764,4.7,mw,,,,,162,64,-165,65,77,-27,-1.19e+16,-1.95e+16,3.14e+16,-1.67e+16,-1.3e+15,2.84e+16,CSN-improved,,intraarc,4.7,3.00068446269678
101281,2011-06-04T16:28:48,-72.22,-40.59,21.2,5,mw,0.02,0.01,1.6,,162,64,-165,65,77,-27,-1.19e+16,-1.95e+16,3.14e+16,-1.67e+16,-1.3e+15,2.84e+16,GCMT,,intraarc,4.7,3.00068446269678
101286,2011-06-04T17:00:44,-72.186,-40.549,8.2,4.8,mw,,,6.5,,,,,,,,,,,,,,CSN-improved,,intraarc,4.7,3.00068446269678
101287,2011-06-04T18:26:38,-72.21,-40.516,8.6,4.8,mw,,,3.5,,,,,,,,,,,,,,CSN-improved,,intraarc,4.7,3.00068446269678
101435,2011-06-07T01:07:05,-71.883,-34.548,-0.1108,4.8,mw,,,,,,,,,,,,,,,,,CSN-improved,38.3177680969,forearc,4.7,3.00068446269678
101465,2011-06-08T04:41:31,-72.233,-34.027,4.5401,5.1,mw,,,,,,,,,,,,,,,,,CSN-improved,21.2884426117,forearc,4.7,3.00068446269678
101469,2011-06-08T05:26:58,-70.344,-23.89,20.2365,4.7,mw,,,,,,,,,,,,,,,,,CSN-improved,35.6327056885,forearc,4.7,3.00068446269678
101520,2011-06-10T14:45:26,-69.376,-23.981,46.5,5.2,mw,,,5.6,,,,,,,,,,,,,,CSN-improved,67.7786560059,forearc,4.7,3.00068446269678
101875,2011-06-21T19:43:04,-72.424,-34.277,5,4.8,mw,,,,,,,,,,,,,,,,,ISC,20.2832183838,forearc,4.7,3.00068446269678
101958,2011-06-24T09:58:38,-70.78,-26.708,10,4.9,mw,,,,,,,,,,,,,,,,,USGS,29.833366394,forearc,4.7,3.00068446269678
102361,2011-07-04T10:47:59,-67.967,-31.032,27.1,5,mw,,,24.5,,,,,,,,,,,,,,USGS,,unclassified,4.7,3.00068446269678
102444,2011-07-06T14:34:13,-68.791,-33.051,23.6,5,mw,,,17.9,,,,,,,,,,,,,,USGS,,unclassified,4.7,3.00068446269678
102540,2011-07-08T13:26:28,-69.964,-27.499,47.4885,4.8,mw,,,,,,,,,,,,,,,,,CSN-improved,73.113067627,forearc,4.7,3.00068446269678
103187,2011-07-26T04:49:49,-72.229,-36.835,30.8,4.8,mw,,,4.7,,,,,,,,,,,,,,CSN-improved,63.594291687,forearc,4.7,3.00068446269678
103591,2011-08-06T13:22:39,-73.46,-36.06,15,5.5,mw,0.02,0.01,0,,49,9,131,188,83,84,4.8e+16,-8e+15,-4.1e+16,-2.4e+16,-1.96e+17,-2.6e+16,GCMT,19.6029338837,forearc,4.7,3.00068446269678
105226,2011-09-17T17:41:07,-70.38,-28.864,48.5,4.9,mw,,,11.3,,,,,,,,,,,,,,CSN-improved,69.2669448853,forearc,4.7,3.00068446269678
105313,2011-09-20T07:36:40,-70.169,-25.536,36.8386,4.7,mw,,,,,,,,,,,,,,,,,CSN-improved,51.9458198547,forearc,4.7,3.00068446269678
105968,2011-10-11T20:17:07,-69.724,-26.327,2,4.8,mw,,,,,,,,,,,,,,,,,ISC,73.4178085327,forearc,4.7,3.00068446269678
105966,2011-10-11T20:17:12,-69.23,-26.542,20.8,5.4,mw,,,14.4,,,,,,,,,,,,,,USGS,,intraarc,4.7,3.00068446269678
106265,2011-10-25T22:08:40,-73.019,-45.883,21.7,4.7,mw,,,30.4,,,,,,,,,,,,,,CSN-improved,,intraarc,4.7,3.00068446269678
106264,2011-10-25T22:08:43,-72.779,-45.878,15,5.2,mw,,,25,0.2,,,,,,,,,,,,,ISC-GEM,,intraarc,4.7,3.00068446269678
106293,2011-10-26T01:50:04,-72.744,-45.887,30.3,5,mw,,,15.4,,,,,,,,,,,,,,USGS,,intraarc,4.7,3.00068446269678
106294,2011-10-26T03:05:27,-72.973,-45.845,10,5,mw,,,,,,,,,,,,,,,,,USGS,,intraarc,4.7,3.00068446269678
107218,2011-12-07T22:23:09,-71.195,-27.898,20,6.1,mw,,,4.9,0.1,260,78,-67,16,26,-151,1.12e+18,1.16e+17,-1.24e+18,1.61e+17,-1.09e+18,-1.29e+17,ISC-GEM,24.0675258636,forearc,4.7,3.00068446269678
107456,2011-12-13T10:59:16,-66.664,-27.587,31.4,5.1,mw,,,,,,,,,,,,,,,,,USGS,,unclassified,4.7,3.00068446269678
107900,2011-12-28T18:20:43,-69.27,-25.205,35.6,5.1,mw,,,7.7,,,,,,,,,,,,,,USGS,77.2915496826,forearc,4.7,3.00068446269678
108598,2012-01-18T11:35:54,-68.24,-31.81,13.7,5.1,mw,0.02,0.02,0.9,,215,42,130,346,59,60,3.67e+16,4.72e+15,-4.14e+16,-1.89e+16,1.58e+16,-9.31e+15,GCMT,,unclassified,4.7,3.00068446269678
108754,2012-01-21T13:27:11,-69.111,-31.865,29,4.9,mw,,,,,,,,,,,,,,,,,ISC,,intraarc,4.7,3.00068446269678
109137,2012-02-01T02:43:22,-71.359,-32.902,18,4.8,mw,,,,,,,,,,,,,,,,,ISC,44.5376739502,forearc,4.7,3.00068446269678
109544,2012-02-14T09:43:00,-71.659,-31.952,13,5,mw,,,,,,,,,,,,,,,,,ISC,31.8663787842,forearc,4.7,3.00068446269678
110072,2012-03-03T22:45:40,-72.966,-35.731,10,4.9,mw,,,0,,,,,,,,,,,,,,CSN-improved,27.0990657806,forearc,4.7,3.00068446269678
111113,2012-04-07T16:40:25,-70.221,-19.154,5.3354,4.7,mw,,,,,,,,,,,,,,,,,CSN-improved,56.1742248535,forearc,4.7,3.00068446269678
111339,2012-04-15T08:38:11,-70.517,-23.194,9,4.7,mw,,,8.2,,,,,,,,,,,,,,CSN-improved,28.3129730225,forearc,4.7,3.00068446269678
111477,2012-04-19T01:14:06,-71.169,-30.964,32.5857,5.2,mw,,,,,,,,,,,,,,,,,CSN-improved,53.3300285339,forearc,4.7,3.00068446269678
111615,2012-04-24T15:02:33,-70.238,-22.239,10,5,mw,,,,,,,,,,,,,,,,,USGS,33.9368667603,forearc,4.7,3.00068446269678
111800,2012-04-30T10:23:16,-70.489,-23.122,10,5.1,mw,,,,,,,,,,,,,,,,,USGS,28.0020980835,forearc,4.7,3.00068446269678
112189,2012-05-13T12:42:50,-71.82,-32.824,1.2233,5,mw,,,,,,,,,,,,,,,,,CSN-improved,27.3227825165,forearc,4.7,3.00068446269678
112507,2012-05-24T15:33:45,-71.085,-27.441,3,4.8,mw,,,,,,,,,,,,,,,,,ISC,23.8316364288,forearc,4.7,3.00068446269678
112694,2012-06-01T18:19:51,-68.746,-31.732,10,4.8,mw,,,,,,,,,,,,,,,,,ISC,,unclassified,4.7,3.00068446269678
112856,2012-06-07T04:05:10,-70.97,-36.23,16.8,6,mw,0.01,0.01,0.5,,2,69,-173,269,84,-21,-2.67e+17,1.78e+17,8.9e+16,3.92e+17,-1.6e+16,1.15e+18,GCMT,,intraarc,4.7,3.00068446269678
112859,2012-06-07T19:25:25,-70.91,-36.106,14.335,4.8,mw,,,,,,,,,,,,,,,,,CSN-improved,,intraarc,4.7,3.00068446269678
113183,2012-06-18T08:29:06,-68.6,-33.01,28.9,5,mw,0.04,0.03,1.5,,166,25,82,355,65,94,3.05e+16,-1.31e+15,-2.92e+16,-1.29e+15,2.56e+16,5.09e+15,GCMT,,unclassified,4.7,3.00068446269678
113283,2012-06-21T09:24:23,-72.223,-35.523,28.4,5.1,mw,,,2.9,,,,,,,,,,,,,,CSN-improved,45.0444412231,forearc,4.7,3.00068446269678
113454,2012-06-27T13:06:27,-67.362,-31.706,8.0918,5,mw,,,,,,,,,,,,,,,,,CSN-improved,,unclassified,4.7,3.00068446269678
113881,2012-07-14T22:34:39,-71.008,-36.094,8,4.9,mw,,,,,,,,,,,,,,,,,ISC,,intraarc,4.7,3.00068446269678
113880,2012-07-14T22:34:40,-71.05,-36.077,10.5,5.2,mw,,,5.5,,,,,,,,,,,,,,CSN-improved,,intraarc,4.7,3.00068446269678
114419,2012-08-04T13:11:46,-69.175,-32.835,33,4.7,mw,,,,,,,,,,,,,,,,,USGS,,intraarc,4.7,3.00068446269678
115678,2012-09-18T03:53:30,-69.262,-31.893,26,4.8,mw,,,,,,,,,,,,,,,,,USGS,,intraarc,4.7,3.00068446269678
115810,2012-09-22T08:36:19,-71.093,-17.397,49.6,4.8,mw,,,151.7,,,,,,,,,,,,,,CSN-improved,74.3274536133,forearc,4.7,3.00068446269678
116541,2012-10-14T03:37:30,-72.266,-34.605,0.9255,4.8,mw,,,,,,,,,,,,,,,,,CSN-improved,27.7276287079,forearc,4.7,3.00068446269678
116658,2012-10-17T02:35:09,-70.578,-19.603,14,5,mw,,,,,,,,,,,,,,,,,ISC,33.7085876465,forearc,4.7,3.00068446269678
116998,2012-10-25T14:26:22,-70.093,-25.925,24.3,4.9,mw,,,53.2,,,,,,,,,,,,,,CSN-improved,56.1258659363,forearc,4.7,3.00068446269678
117798,2012-11-16T00:38:08,-69.71,-21.51,40.7,5,mw,0.03,0.02,1.2,,285,39,137,51,65,59,2.37e+16,-3.15e+16,7.87e+15,1.09e+16,1.72e+16,-9.53e+15,GCMT,56.4117889404,forearc,4.7,3.00068446269678
117901,2012-11-19T16:34:26,-70.42,-17.844,57.4,5,mw,,,,,,,,,,,,,,,,,USGS,80.308013916,forearc,4.7,3.00068446269678
118303,2012-11-29T00:09:40,-69.05,-32.898,14.8,5.2,mw,,,15.7,0.23,,,,,,,,,,,,,ISC-GEM,,unclassified,4.7,3.00068446269678
118710,2012-12-10T15:25:47,-72.862,-38.932,32.7,5.2,mw,,,9.8,,,,,,,,,,,,,,USGS,57.7474327087,forearc,4.7,3.00068446269678
119033,2012-12-20T06:16:32,-70.742,-31.75,21.4,4.9,mw,,,,,,,,,,,,,,,,,USGS,72.8310317993,forearc,4.7,3.00068446269678
119641,2013-01-05T19:27:10,-68.4,-33.297,20,4,mw,,,,,,,,,,,,,,,,,ISC,,unclassified,,
119808,2013-01-09T15:57:22,-72.552,-34.755,6.3601,4,mw,,,,,,,,,,,,,,,,,CSN-improved,22.013999939,forearc,,
119907,2013-01-12T08:32:25,-71.121,-29.473,10,5.4,mw,,,,,,,,,,,,,,,,,ISC,46.4066467285,forearc,,
119912,2013-01-12T08:55:02,-67.709,-31.557,10,4.2,mw,,,0,,,,,,,,,,,,,,CSN-improved,,unclassified,,
119948,2013-01-13T23:28:31,-69.262,-32.901,20,4,mw,,,,,,,,,,,,,,,,,ISC,,intraarc,,
120040,2013-01-15T18:17:27,-72.767,-37.27,10,4.9,mw,,,,,,,,,,,,,,,,,USGS,46.7082443237,forearc,,
120080,2013-01-16T12:10:08,-67.888,-31.174,33,4,mw,,,0,,,,,,,,,,,,,,CSN-improved,,unclassified,,
120163,2013-01-18T05:05:31,-71.859,-35.932,44,4,mw,,,2,,,,,,,,,,,,,,CSN-improved,67.0412139893,forearc,,
120208,2013-01-19T03:50:46,-71.51,-31.031,16,4.2,mw,,,,,,,,,,,,,,,,,ISC,36.6357383728,forearc,,
120210,2013-01-19T20:03:54,-73.146,-39.03,2,4,mw,,,,,,,,,,,,,,,,,ISC,47.2779045105,forearc,,
120207,2013-01-19T20:03:57,-73.117,-39.056,11.5,4.4,mw,,,2.7,,,,,,,,,,,,,,CSN-improved,49.1730651855,forearc,,
120293,2013-01-21T08:14:55,-70.156,-20.628,0,4.1,mw,,,,,,,,,,,,,,,,,ISC,41.1142692566,forearc,,
120395,2013-01-24T12:03:05,-69.084,-26.096,6.4,4,mw,,,7.5,,,,,,,,,,,,,,CSN-improved,,intraarc,,
120617,2013-01-30T09:33:01,-69.305,-26.167,1,4.9,mw,,,,,,,,,,,,,,,,,ISC,,intraarc,,
120621,2013-01-30T09:33:02,-69.232,-26.187,4.7,4.7,mw,,,3.7,,,,,,,,,,,,,,CSN-improved,,intraarc,,
120615,2013-01-30T09:33:03,-69.223,-26.163,15,5.2,mw,,,8.3,0.2,,,,,,,,,,,,,ISC-GEM,,intraarc,,
120619,2013-01-30T20:55:42,-70.083,-28.305,29.8294,4.8,mw,,,,,,,,,,,,,,,,,CSN-improved,73.9134902954,forearc,,
120620,2013-01-30T21:13:58,-69.46,-29.896,8.8,4.8,mw,,,7.1,,,,,,,,,,,,,,CSN-improved,,intraarc,,
120623,2013-01-30T23:15:54,-70.02,-28.319,21.6627,4.5,mw,,,,,,,,,,,,,,,,,CSN-improved,76.8351287842,forearc,,
120712,2013-02-01T15:04:50,-69.319,-30.501,13,4.1,mw,,,,,,,,,,,,,,,,,ISC,,intraarc,,
120781,2013-02-03T05:22:08,-72.878,-35.576,4,4.5,mw,,,,,,,,,,,,,,,,,ISC,26.0747661591,forearc,,
120817,2013-02-04T09:03:16,-72.583,-36.156,9.1979,4.4,mw,,,,,,,,,,,,,,,,,CSN-improved,42.8221282959,forearc,,
120818,2013-02-04T18:07:02,-70.339,-28.171,41.3,4.4,mw,,,8,,,,,,,,,,,,,,CSN-improved,63.0361099243,forearc,,
120855,2013-02-05T03:08:39,-70.035,-28.208,37.6,4.4,mw,,,5,,,,,,,,,,,,,,CSN-improved,74.6734390259,forearc,,
120856,2013-02-05T17:45:57,-70.29,-19.839,0,4.1,mw,,,,,,,,,,,,,,,,,ISC,41.8643417358,forearc,,
120965,2013-02-08T15:57:40,-71.694,-34.96,13,4.4,mw,,,,,,,,,,,,,,,,,ISC,53.4689826965,forearc,,
120997,2013-02-09T16:27:22,-69.199,-26.174,10,4.1,mw,,,,,,,,,,,,,,,,,ISC,,intraarc,,
120995,2013-02-09T16:27:22,-69.08,-26.182,2.5,4.4,mw,,,4.8,,,,,,,,,,,,,,CSN-improved,,intraarc,,
121083,2013-02-11T11:04:02,-72.007,-34.311,6.2386,4.3,mw,,,,,,,,,,,,,,,,,CSN-improved,31.1917381287,forearc,,
121118,2013-02-12T11:26:15,-67.51,-29.067,16,4.1,mw,,,,,,,,,,,,,,,,,ISC,,unclassified,,
121113,2013-02-12T21:47:31,-67.279,-31.588,52.2,4.5,mw,,,7.6,,,,,,,,,,,,,,USGS,,unclassified,,
121178,2013-02-14T10:47:30,-71.901,-32.451,7,4.2,mw,,,,,,,,,,,,,,,,,ISC,23.8646678925,forearc,,
121180,2013-02-14T10:47:34,-71.747,-32.46,3.7029,4,mw,,,,,,,,,,,,,,,,,CSN-improved,28.6680717468,forearc,,
121309,2013-02-18T10:09:22,-72.151,-34.001,0.1963,4,mw,,,,,,,,,,,,,,,,,CSN-improved,23.3319301605,forearc,,
121307,2013-02-18T17:10:37,-69.372,-30.317,21,4,mw,,,,,,,,,,,,,,,,,ISC,,intraarc,,
121449,2013-02-23T21:07:36,-72.214,-34.008,3,4,mw,,,,,,,,,,,,,,,,,ISC,22.0461654663,forearc,,
121544,2013-02-26T15:59:23,-71.026,-31.284,4,4,mw,,,,,,,,,,,,,,,,,ISC,59.2292785645,forearc,,
121660,2013-03-02T01:52:57,-68.475,-33.657,7,4,mw,,,,,,,,,,,,,,,,,ISC,,unclassified,,
121661,2013-03-02T02:25:55,-70.764,-25.375,11.9828,4,mw,,,,,,,,,,,,,,,,,CSN-improved,28.987695694,forearc,,
121799,2013-03-06T01:52:05,-68.184,-31.668,27,5.1,mw,,,,,,,,,,,,,,,,,USGS,,unclassified,,
121845,2013-03-07T20:53:00,-71.787,-32.722,3.4773,4.4,mw,,,,,,,,,,,,,,,,,CSN-improved,27.215423584,forearc,,
122261,2013-03-18T09:55:11,-71.433,-33.947,25,4.1,mw,,,,,,,,,,,,,,,,,ISC,47.0254325867,forearc,,
122256,2013-03-18T19:17:55,-71.811,-32.459,5.0645,4.4,mw,,,,,,,,,,,,,,,,,CSN-improved,26.9944553375,forearc,,
122297,2013-03-19T11:41:55,-69.567,-27.873,8.5,4.9,mw,,,5.2,,,,,,,,,,,,,,CSN-improved,,intraarc,,
122298,2013-03-19T11:41:56,-69.471,-27.855,10,4.7,mw,,,,,,,,,,,,,,,,,ISC,,intraarc,,
122613,2013-03-28T14:28:03,-69.499,-30.282,16.7,4.9,mw,,,6.4,,,,,,,,,,,,,,CSN-improved,,intraarc,,
122615,2013-03-28T14:38:09,-71.573,-30.922,13,4.4,mw,,,,,,,,,,,,,,,,,ISC,34.018497467,forearc,,
122659,2013-03-29T21:37:23,-69.476,-30.465,10,4.2,mw,,,,,,,,,,,,,,,,,ISC,,intraarc,,
122684,2013-03-30T18:23:03,-71.482,-28.984,10,4.9,mw,,,,,,,,,,,,,,,,,ISC,25.4970569611,forearc,,
122716,2013-03-31T20:51:46,-70.572,-31.724,-3.0868,4,mw,,,,,,,,,,,,,,,,,CSN-improved,81.0429534912,forearc,,
122715,2013-03-31T20:51:48,-70.56,-31.755,10,4.3,mw,,,,,,,,,,,,,,,,,ISC,80.8592834473,forearc,,
122741,2013-04-01T08:02:06,-69.38,-30.334,21,4,mw,,,,,,,,,,,,,,,,,ISC,,intraarc,,
122744,2013-04-01T22:44:58,-69.53,-30.313,23.2,4,mw,,,5.2,,,,,,,,,,,,,,CSN-improved,,intraarc,,
122840,2013-04-04T23:27:52,-69.94,-36.43,26.6,4.6,mw,,,13.4,,,,,,,,,,,,,,USGS,,unclassified,,
123296,2013-04-19T06:28:19,-69.371,-30.241,25,4,mw,,,,,,,,,,,,,,,,,ISC,,intraarc,,
123295,2013-04-19T23:10:43,-71.01,-27.877,6,4.2,mw,,,,,,,,,,,,,,,,,ISC,31.0333786011,forearc,,
123333,2013-04-20T19:14:33,-68.543,-29.399,6,5,mw,,,,,,,,,,,,,,,,,USGS,,unclassified,,
123337,2013-04-20T19:37:14,-67.512,-32.622,21,4.2,mw,,,,,,,,,,,,,,,,,ISC,,unclassified,,
123370,2013-04-21T19:32:09,-66.408,-27.302,64,4,mw,,,,,,,,,,,,,,,,,ISC,,unclassified,,
123495,2013-04-25T14:39:31,-68.424,-30.161,25,4,mw,,,,,,,,,,,,,,,,,ISC,,unclassified,,
123693,2013-04-30T06:12:49,-71.398,-32.016,20.5545,4,mw,,,,,,,,,,,,,,,,,CSN-improved,42.365688324,forearc,,
123727,2013-05-01T11:26:31,-68.455,-33.699,6,4,mw,,,,,,,,,,,,,,,,,ISC,,unclassified,,
123919,2013-05-07T15:55:11,-71.786,-32.598,5,4,mw,,,,,,,,,,,,,,,,,ISC,27.1225585938,forearc,,
124055,2013-05-11T15:39:29,-69.4,-26.2,15.2,5.3,mw,0.01,0.01,0.5,,11,48,53,240,54,124,9.19e+16,-2.84e+16,-6.35e+16,-5.45e+16,2.71e+16,-4.53e+16,GCMT,,intraarc,,
124082,2013-05-12T12:59:16,-69.34,-26.23,13.5,5.2,mw,0.02,0.01,0.7,,21,46,61,240,51,117,7.1e+16,-2.68e+16,-4.42e+16,6.89e+16,9.34e+16,-4.07e+16,GCMT,,intraarc,,
124122,2013-05-13T04:38:04,-71.443,-32.112,13.6,4,mw,,,6.1,,,,,,,,,,,,,,CSN-improved,40.1519203186,forearc,,
124123,2013-05-13T12:29:34,-69.424,-26.177,-2.8779,4,mw,,,,,,,,,,,,,,,,,CSN-improved,,intraarc,,
124457,2013-05-23T23:39:36,-69.349,-26.155,-3.3871,4,mw,,,,,,,,,,,,,,,,,CSN-improved,,intraarc,,
124484,2013-05-24T10:41:17,-69.286,-26.209,2.7513,4.9,mw,,,,,,,,,,,,,,,,,CSN-improved,,intraarc,,
124487,2013-05-24T10:57:00,-69.117,-26.229,10.8,4.5,mw,,,12,,,,,,,,,,,,,,CSN-improved,,intraarc,,
124488,2013-05-24T10:57:01,-69.15,-26.22,10,4.2,mw,,,,,,,,,,,,,,,,,ISC,,intraarc,,
124485,2013-05-24T18:50:29,-69.322,-30.578,18,4.8,mw,,,,,,,,,,,,,,,,,ISC,,intraarc,,
124483,2013-05-24T18:50:32,-69.258,-30.51,42.7,5,mw,,,5.5,,,,,,,,,,,,,,USGS,,intraarc,,
124700,2013-06-01T16:50:51,-69.557,-26.184,10.9,4.4,mw,,,4.1,,,,,,,,,,,,,,CSN-improved,76.4009094238,forearc,,
124698,2013-06-01T16:50:51,-69.525,-26.174,11.6,5,mw,,,,,,,,,,,,,,,,,USGS,76.0504455566,forearc,,
124699,2013-06-01T16:50:53,-69.298,-26.148,26,4.7,mw,,,,,,,,,,,,,,,,,ISC,,intraarc,,
124723,2013-06-02T20:11:10,-68.434,-30.907,14,4,mw,,,,,,,,,,,,,,,,,ISC,,unclassified,,
124868,2013-06-07T06:28:12,-71.852,-32.689,4,4.8,mw,,,,,,,,,,,,,,,,,ISC,25.6241493225,forearc,,
124872,2013-06-07T06:45:21,-71.907,-32.727,8,4,mw,,,,,,,,,,,,,,,,,ISC,24.1559677124,forearc,,
124933,2013-06-09T01:22:39,-70.06,-19.113,44.6,4.4,mw,,,2.3,,,,,,,,,,,,,,CSN-improved,63.3311195374,forearc,,
125007,2013-06-11T10:58:52,-71.376,-28.81,6,4.1,mw,,,,,,,,,,,,,,,,,ISC,26.8432826996,forearc,,
125042,2013-06-12T20:19:03,-71.263,-27.785,1,4.5,mw,,,,,,,,,,,,,,,,,ISC,21.7796611786,forearc,,
125080,2013-06-13T04:30:29,-69.582,-17.386,0,4.1,mw,,,,,,,,,,,,,,,,,ISC,,intraarc,,
125165,2013-06-16T10:29:57,-72,-30.722,2,4,mw,,,,,,,,,,,,,,,,,ISC,18.0671749115,forearc,,
125242,2013-06-19T05:24:25,-71.864,-30.72,5,4.1,mw,,,,,,,,,,,,,,,,,ISC,22.2934761047,forearc,,
125275,2013-06-20T01:15:52,-67.403,-22.922,0,4.1,mw,,,,,,,,,,,,,,,,,ISC,,intraarc,,
125321,2013-06-22T14:12:17,-70.13,-17.058,17,4.3,mw,,,6,,,,,,,,,,,,,,CSN-improved,115.223510742,forearc,,
125323,2013-06-22T14:12:20,-69.958,-17.165,19,4.1,mw,,,,,,,,,,,,,,,,,ISC,117.067024231,forearc,,
125460,2013-06-27T23:22:49,-69.222,-26.145,16,5.1,mw,,,,,,,,,,,,,,,,,USGS,,intraarc,,
125465,2013-06-27T23:22:50,-69.146,-26.141,11.8,4.5,mw,,,6.9,,,,,,,,,,,,,,CSN-improved,,intraarc,,
125497,2013-06-28T01:13:47,-69.068,-26.181,11.1,4,mw,,,6.6,,,,,,,,,,,,,,CSN-improved,,intraarc,,
125493,2013-06-28T02:08:14,-71.598,-29.828,5.2,4.9,mw,,,1.7,,,,,,,,,,,,,,USGS,27.8185558319,forearc,,
125524,2013-06-29T14:13:58,-73.46,-41.247,25.3,4,mw,,,5.2,,,,,,,,,,,,,,CSN-improved,45.1540565491,forearc,,
125522,2013-06-29T16:10:52,-69.225,-31.905,26.7903,4.2,mw,,,,,,,,,,,,,,,,,CSN-improved,,intraarc,,
125762,2013-07-08T03:20:23,-71.684,-29.779,5.7463,4.1,mw,,,,,,,,,,,,,,,,,CSN-improved,24.1067199707,forearc,,
125765,2013-07-08T09:57:54,-72.786,-35.685,11.1,4,mw,,,3.6,,,,,,,,,,,,,,CSN-improved,30.1269512177,forearc,,
125798,2013-07-09T11:01:22,-72.58,-34.719,3,4.1,mw,,,,,,,,,,,,,,,,,ISC,20.2998104095,forearc,,
125854,2013-07-11T10:30:19,-69.156,-19.821,3.5951,4.1,mw,,,,,,,,,,,,,,,,,CSN-improved,,intraarc,,
125856,2013-07-11T10:30:20,-69.182,-19.821,5,4,mw,,,0,,,,,,,,,,,,,,CSN-improved,,intraarc,,
125890,2013-07-12T03:35:54,-71.571,-35.004,44.0522,4,mw,,,,,,,,,,,,,,,,,CSN-improved,60.8162155151,forearc,,
125912,2013-07-13T21:36:15,-67.02,-26.96,23.9,5.2,mw,0.02,0.01,1.2,,123,59,0,33,90,149,-1.25e+15,5.66e+16,-5.54e+16,2.18e+16,3.03e+16,2.51e+16,GCMT,,unclassified,,
126210,2013-07-22T13:54:45,-69.54,-26.771,8.8062,5.2,mw,,,,,,,,,,,,,,,,,CSN-improved,,intraarc,,
126241,2013-07-23T00:48:14,-69.933,-26.74,35,4.8,mw,,,,,,,,,,,,,,,,,ISC,68.1298980713,forearc,,
126386,2013-07-27T05:29:50,-71.617,-32.591,7,4,mw,,,,,,,,,,,,,,,,,ISC,34.1910362244,forearc,,
126589,2013-08-02T15:33:02,-69.356,-30.206,25,4.3,mw,,,,,,,,,,,,,,,,,ISC,,intraarc,,
126585,2013-08-02T15:33:03,-69.526,-30.202,15.8,4.6,mw,,,5.7,,,,,,,,,,,,,,CSN-improved,,intraarc,,
126651,2013-08-04T15:27:35,-71.976,-32.486,3,4.8,mw,,,,,,,,,,,,,,,,,ISC,21.0705337524,forearc,,
126751,2013-08-07T17:23:56,-70.161,-19.357,31.8,4.7,mw,,,7.9,0.097,,,,,,,,,,,,,USGS,54.7775230408,forearc,,
126780,2013-08-08T15:21:41,-71.152,-17.637,9.8,5.1,mw,,,3.1,0.079,,,,,,,,,,,,,USGS,62.0408401489,forearc,,
126784,2013-08-08T17:51:53,-71.869,-30.698,3,4,mw,,,,,,,,,,,,,,,,,ISC,22.2934761047,forearc,,
126858,2013-08-12T12:02:35,-68.824,-33.049,23.9,4,mw,,,9.4,0.291,,,,,,,,,,,,,USGS,,unclassified,,
126998,2013-08-17T11:43:30,-70.602,-30.382,33.6,4,mw,,,3.5,,,,,,,,,,,,,,CSN-improved,74.9706802368,forearc,,
127052,2013-08-19T19:21:55,-72.117,-34.707,11,4.7,mw,,,7,0.306,,,,,,,,,,,,,USGS,33.8131408691,forearc,,
127071,2013-08-20T17:10:18,-72.727,-35.23,6.1368,4.1,mw,,,,,,,,,,,,,,,,,CSN-improved,24.2731151581,forearc,,
127099,2013-08-21T16:01:14,-68.764,-33.997,10,4.1,mw,,,,,,,,,,,,,,,,,ISC,,unclassified,,
127194,2013-08-25T05:43:43,-70.85,-17.45,17,4.6,mw,,,5.6,0.527,,,,,,,,,,,,,USGS,80.0631256104,forearc,,
127363,2013-09-01T22:10:35,-70.586,-25.679,8.3231,4,mw,,,,,,,,,,,,,,,,,CSN-improved,34.5807914734,forearc,,
127528,2013-09-06T00:08:58,-66.545,-24.329,61.38,5.2,mw,,,8.1,0.143,,,,,,,,,,,,,USGS,,unclassified,,
127807,2013-09-14T06:08:49,-73.97,-37.337,1.507,4.8,mw,,,,,,,,,,,,,,,,,CSN-improved,17.4077301025,forearc,,
127864,2013-09-16T16:18:59,-73.596,-36.77,7.4,4.1,mw,,,2.4,,,,,,,,,,,,,,CSN-improved,21.3547954559,forearc,,
128153,2013-09-26T20:47:04,-71.645,-29.794,8.9653,4.1,mw,,,,,,,,,,,,,,,,,CSN-improved,25.7903175354,forearc,,
128218,2013-09-28T07:28:14,-71.048,-18.526,10.4117,4.2,mw,,,,,,,,,,,,,,,,,CSN-improved,36.1998062134,forearc,,
128294,2013-09-30T00:32:39,-73.678,-37.502,3.2559,4,mw,,,,,,,,,,,,,,,,,CSN-improved,22.2639827728,forearc,,
128339,2013-10-01T22:30:29,-70.787,-27.687,-0.1242,4,mw,,,,,,,,,,,,,,,,,CSN-improved,37.2303466797,forearc,,
128558,2013-10-07T16:24:19,-67.517,-30.272,6,4,mw,,,,,,,,,,,,,,,,,ISC,,unclassified,,
128865,2013-10-16T14:48:04,-71.705,-32.612,13.7386,4.2,mw,,,,,,,,,,,,,,,,,CSN-improved,30.5215587616,forearc,,
128936,2013-10-18T22:53:08,-67.861,-26.213,35,4.2,mw,,,,,,,,,,,,,,,,,ISC,,intraarc,,
128934,2013-10-18T22:53:10,-67.47,-26.042,49.57,4.7,mw,,,7.1,0.265,,,,,,,,,,,,,USGS,,intraarc,,
129071,2013-10-22T18:29:09,-74.195,-51.753,10,4.6,mw,,,0,,,,,,,,,,,,,,CSN-improved,,unclassified,,
129196,2013-10-25T14:18:10,-72.009,-30.681,2,4,mw,,,,,,,,,,,,,,,,,ISC,18.0671749115,forearc,,
129381,2013-10-30T21:34:14,-70.697,-18.711,29.7666,4.1,mw,,,,,,,,,,,,,,,,,CSN-improved,45.512802124,forearc,,
129513,2013-11-02T09:25:28,-71.953,-30.316,2,4,mw,,,,,,,,,,,,,,,,,ISC,18.4712123871,forearc,,
129612,2013-11-04T22:42:49,-71.629,-30.442,3,4.3,mw,,,,,,,,,,,,,,,,,ISC,28.494052887,forearc,,
129653,2013-11-05T16:04:05,-71.54,-30.446,1.0569,4.1,mw,,,,,,,,,,,,,,,,,CSN-improved,32.4838371277,forearc,,
129719,2013-11-07T12:47:49,-73.452,-38.661,10,4.7,mw,,,,,,,,,,,,,,,,,ISC,33.6428031921,forearc,,
129726,2013-11-07T18:02:48,-70.034,-24.622,29.4195,4,mw,,,,,,,,,,,,,,,,,CSN-improved,49.8359146118,forearc,,
129774,2013-11-08T11:19:12,-69.932,-23.404,26.1282,4.4,mw,,,,,,,,,,,,,,,,,CSN-improved,47.1685180664,forearc,,
129814,2013-11-09T05:33:56,-71.839,-30.35,4,4,mw,,,,,,,,,,,,,,,,,ISC,21.3840045929,forearc,,
129854,2013-11-10T11:40:12,-72.083,-34.391,14.47,4.7,mw,,,2.1,0.218,,,,,,,,,,,,,USGS,29.407875061,forearc,,
129907,2013-11-11T11:48:09,-68.788,-33.208,16.0235,4,mw,,,,,,,,,,,,,,,,,CSN-improved,,unclassified,,
129908,2013-11-11T16:16:55,-69.638,-31.836,14.3,4,mw,,,10.2,,,,,,,,,,,,,,CSN-improved,,intraarc,,
130042,2013-11-14T04:20:57,-71.202,-36.71,36.8932,4.4,mw,,,,,,,,,,,,,,,,,CSN-improved,,intraarc,,
130045,2013-11-14T05:55:14,-71.105,-36.737,19.4,4,mw,,,9,,,,,,,,,,,,,,CSN-improved,,intraarc,,
130041,2013-11-14T07:15:38,-72.436,-37.178,10,4.5,mw,,,1.9,0.166,,,,,,,,,,,,,USGS,58.2699012756,forearc,,
130080,2013-11-15T06:19:17,-67.54,-32.72,34.6,5.1,mw,0.02,0.02,0.8,,208,41,103,10,50,79,4.94e+16,-2.56e+15,-4.68e+16,-4.48e+15,1.01e+16,-1.69e+16,GCMT,,unclassified,,
130084,2013-11-15T10:03:39,-71.669,-30.542,1.3589,4.5,mw,,,,,,,,,,,,,,,,,CSN-improved,28.8380336761,forearc,,
130132,2013-11-16T04:56:05,-71.677,-30.446,9.9483,4.1,mw,,,,,,,,,,,,,,,,,CSN-improved,26.6384983063,forearc,,
130294,2013-11-20T15:06:33,-68.803,-31.466,10,4.6,mw,,,,,,,,,,,,,,,,,ISC,,unclassified,,
130383,2013-11-22T01:58:19,-70.155,-25.635,17,4,mw,,,,,,,,,,,,,,,,,ISC,52.4583358765,forearc,,
130382,2013-11-22T02:25:29,-70.564,-36.838,7.2139,4.1,mw,,,,,,,,,,,,,,,,,CSN-improved,,intraarc,,
130439,2013-11-23T08:40:21,-66.51,-28.463,10,4,mw,,,,,,,,,,,,,,,,,ISC,,unclassified,,
130911,2013-12-02T05:08:56,-68.174,-31.482,10.11,4.8,mw,,,4.5,0.22,,,,,,,,,,,,,USGS,,unclassified,,
131078,2013-12-06T03:31:58,-71.816,-32.234,1.0243,4,mw,,,,,,,,,,,,,,,,,CSN-improved,26.8146095276,forearc,,
131079,2013-12-06T03:57:29,-71.803,-32.237,2.4478,4,mw,,,,,,,,,,,,,,,,,CSN-improved,26.8146095276,forearc,,
131320,2013-12-12T09:48:01,-71.86,-34.875,13.1,4.3,mw,,,4,,,,,,,,,,,,,,CSN-improved,46.4070281982,forearc,,
131407,2013-12-15T09:37:51,-70.341,-33.998,10,4.1,mw,,,,,,,,,,,,,,,,,ISC,,intraarc,,
131782,2013-12-26T08:12:35,-71.684,-30.707,3.1786,4.5,mw,,,,,,,,,,,,,,,,,CSN-improved,27.4088420868,forearc,,
131810,2013-12-27T21:07:12,-67.913,-25.144,40,4,mw,,,,,,,,,,,,,,,,,ISC,,intraarc,,
131807,2013-12-27T22:38:58,-71.322,-33.939,36.5,4.7,mw,,,5.2,0.161,,,,,,,,,,,,,USGS,53.4509468079,forearc,,
131854,2013-12-29T20:21:10,-73.442,-36.933,9.1897,4,mw,,,,,,,,,,,,,,,,,CSN-improved,25.3846244812,forearc,,
132206,2014-01-09T18:53:11,-71.948,-33.629,8.6259,4.6,mw,,,,,,,,,,,,,,,,,CSN-improved,25.8404064178,forearc,4.4,1.99863107460643
132230,2014-01-10T20:52:12,-68.138,-33.876,23,4.4,mw,,,,,,,,,,,,,,,,,ISC,,unclassified,4.4,1.99863107460643
132438,2014-01-17T15:10:30,-66.783,-29.323,40.31,5,mw,,,6.4,0.244,,,,,,,,,,,,,USGS,,unclassified,4.4,1.99863107460643
133069,2014-02-05T11:51:07,-69.58,-21.48,38.6,5,mw,0.03,0.02,0.8,,244,51,52,115,53,127,3.461e+16,-2.629e+16,-8.32e+15,3.5e+15,-1.165e+16,-1.078e+16,GCMT,60.5607185364,forearc,4.4,1.99863107460643
133529,2014-02-20T22:22:46,-69.411,-30.239,8.2509,4.4,mw,,,,,,,,,,,,,,,,,CSN-improved,,intraarc,4.4,1.99863107460643
133625,2014-02-23T23:23:15,-71.49,-35.067,4,4.5,mw,,,,,,,,,,,,,,,,,ISC,63.9614562988,forearc,4.4,1.99863107460643
133624,2014-02-23T23:23:17,-71.283,-35.118,17.5993,4.8,mw,,,,,,,,,,,,,,,,,CSN-improved,73.5362625122,forearc,4.4,1.99863107460643
133891,2014-03-04T10:56:34,-72.015,-33.62,7.7832,4.7,mw,,,,,,,,,,,,,,,,,CSN-improved,24.0527954102,forearc,4.4,1.99863107460643
134035,2014-03-09T01:49:05,-72.122,-33.067,2,4.5,mw,,,,,,,,,,,,,,,,,ISC,19.2088432312,forearc,4.4,1.99863107460643
134033,2014-03-09T15:48:44,-71.67,-32.246,3.1254,4.8,mw,,,,,,,,,,,,,,,,,CSN-improved,32.1082077026,forearc,4.4,1.99863107460643
134097,2014-03-12T17:36:10,-71.422,-28.751,10,5,mw,,,1.6,0.315,,,,,,,,,,,,,USGS,26.302947998,forearc,4.4,1.99863107460643
134198,2014-03-16T21:16:37,-70.92,-19.94,12,6.7,mw,0,0,0,,284,26,54,144,69,106,8.96e+18,-7.37e+18,-1.59e+18,1.03e+19,-8.63e+18,2.03e+18,GCMT,21.237411499,forearc,4.4,1.99863107460643
134209,2014-03-16T22:54:05,-70.909,-19.877,5.6708,4.6,mw,,,,,,,,,,,,,,,,,CSN-improved,21.6376552582,forearc,4.4,1.99863107460643
134242,2014-03-17T05:11:33,-70.828,-20.06,5,5.9,mw,,,,,152,72,81,358,19,115,2.527e+18,-3.7e+16,-2.49e+18,1.857e+18,-3.079e+18,6.99e+17,ISC,21.7702121735,forearc,4.4,1.99863107460643
134250,2014-03-17T19:05:27,-70.756,-20.017,8,4.9,mw,,,1.7,0.071,,,,,,,,,,,,,USGS,24.9318218231,forearc,4.4,1.99863107460643
134574,2014-03-22T12:59:57,-70.944,-19.823,4,5.9,mw,,,,,164,75,88,352,15,98,1.308e+18,-1.92e+17,-1.115e+18,6.56e+17,-2.12e+18,1.9e+17,ISC,21.1916389465,forearc,4.4,1.99863107460643
134718,2014-03-24T11:26:40,-70.839,-19.879,5.8,5.5,mw,,,6.1,,164,69,87,354,21,99,3.378e+17,-3.2e+15,-3.346e+17,1.107e+17,-3.57e+17,6.73e+16,CSN-improved,22.9627532959,forearc,4.4,1.99863107460643
134944,2014-03-27T23:51:00,-68.74,-29.31,27.5,5.7,mw,0.01,0.01,0.7,,185,63,177,277,87,28,3.55e+16,-3.78e+16,2.3e+15,-7.39e+16,-2.623e+17,3.394e+17,GCMT,,intraarc,4.4,1.99863107460643
134985,2014-03-28T00:10:38,-68.767,-29.248,15,5.4,mw,,,19.9,0.2,,,,,,,,,,,,,ISC-GEM,,intraarc,4.4,1.99863107460643
135015,2014-03-29T05:54:47,-68.942,-29.12,8.1,4.5,mw,,,7,,,,,,,,,,,,,,CSN-improved,,intraarc,4.4,1.99863107460643
135018,2014-03-29T20:42:42,-70.449,-19.797,18.0791,4.4,mw,,,,,,,,,,,,,,,,,CSN-improved,36.7193336487,forearc,4.4,1.99863107460643
135183,2014-04-02T00:55:06,-70.462,-20.508,1,4.5,mw,,,5.2,0.303,,,,,,,,,,,,,USGS,30.8186130524,forearc,4.4,1.99863107460643
135175,2014-04-02T02:11:18,-71.005,-19.696,2.2,4.6,mw,,,5.7,,,,,,,,,,,,,,CSN-improved,20.8110980988,forearc,4.4,1.99863107460643
135155,2014-04-02T02:52:27,-70.812,-19.357,8.3666,4.9,mw,,,,,,,,,,,,,,,,,CSN-improved,30.3174972534,forearc,4.4,1.99863107460643
135160,2014-04-02T03:04:41,-69.973,-19.75,42.1,4.8,mw,,,3.6,,,,,,,,,,,,,,CSN-improved,57.4678573608,forearc,4.4,1.99863107460643
135145,2014-04-02T16:50:29,-70.111,-19.446,10,5.1,mw,,,1.9,0.318,,,,,,,,,,,,,USGS,55.2876052856,forearc,4.4,1.99863107460643
135315,2014-04-03T02:43:14,-70.491,-20.589,12,6.7,mw,,,,,,,,,,,,,,,,,ISC,28.5438365936,forearc,4.4,1.99863107460643
135318,2014-04-03T02:56:05,-70.531,-20.747,10,5.9,mw,,,1.8,0.068,,,,,,,,,,,,,USGS,26.1991004944,forearc,4.4,1.99863107460643
135319,2014-04-03T03:11:32,-70.534,-20.535,10,5.8,mw,,,1.8,0.08,,,,,,,,,,,,,USGS,27.1955394745,forearc,4.4,1.99863107460643
135331,2014-04-03T05:28:54,-70.597,-20.831,10.4,5,mw,,,2.1,,,,,,,,,,,,,,CSN-improved,24.2816543579,forearc,4.4,1.99863107460643
135508,2014-04-04T13:41:29,-69.323,-18.561,16.1,4.5,mw,,,4.6,,,,,,,,,,,,,,CSN-improved,,intraarc,4.4,1.99863107460643
135497,2014-04-04T16:02:48,-70.74,-20.42,13.2,4.9,mw,0.03,0.01,0.9,,96,34,72,297,58,101,,,,,,,GCMT,22.1141529083,forearc,4.4,1.99863107460643
135654,2014-04-05T11:52:53,-69.639,-33.237,10,4.4,mw,,,6,0.299,,,,,,,,,,,,,USGS,,intraarc,4.4,1.99863107460643
135808,2014-04-07T14:23:53,-70.996,-20.145,0,4.6,mw,,,,,,,,,,,,,,,,,ISC,17.4361763,forearc,4.4,1.99863107460643
136169,2014-04-13T21:10:22,-70.87,-20.253,3,4.7,mw,,,,,,,,,,,,,,,,,ISC,20.3863945007,forearc,4.4,1.99863107460643
136248,2014-04-15T16:21:22,-70.78,-20.2,13.1,5.1,mw,0.02,0.01,0.6,,76,36,73,276,55,102,4.94e+16,-4.854e+16,-850000000000000,-1.61e+15,1.782e+16,-9.18e+15,GCMT,22.0268878937,forearc,4.4,1.99863107460643
136289,2014-04-16T03:14:15,-70.84,-20.18,14.2,5,mw,0.02,0.01,0.6,,300,45,121,79,52,62,3.25e+16,-3.47e+16,2.19e+15,6.36e+15,1.29e+16,6.56e+15,GCMT,20.7109947205,forearc,4.4,1.99863107460643
136356,2014-04-18T03:33:18,-70.752,-20.47,6.52,4.5,mw,,,1.5,0.185,,,,,,,,,,,,,USGS,21.8284778595,forearc,4.4,1.99863107460643
136670,2014-04-28T16:53:19,-71.427,-29.8,5,4.6,mw,,,,,,,,,,,,,,,,,ISC,33.4401016235,forearc,4.4,1.99863107460643
136730,2014-04-30T11:12:56,-70.723,-20.492,5,4.4,mw,,,,,,,,,,,,,,,,,ISC,22.9441509247,forearc,4.4,1.99863107460643
136729,2014-04-30T17:54:26,-69.47,-20.45,26.9,4.5,mw,,,1.6,,,,,,,,,,,,,,CSN-improved,71.2595901489,forearc,4.4,1.99863107460643
137265,2014-05-20T10:37:28,-68.179,-31.229,25,4.6,mw,,,16.8,,,,,,,,,,,,,,CSN-improved,,unclassified,4.4,1.99863107460643
137494,2014-06-01T17:04:23,-69.543,-22.615,42.5781,4.4,mw,,,,,,,,,,,,,,,,,CSN-improved,60.6711845398,forearc,4.4,1.99863107460643
137640,2014-06-08T08:13:52,-71.77,-32.562,8.3843,4.7,mw,,,,,,,,,,,,,,,,,CSN-improved,28.7466583252,forearc,4.4,1.99863107460643
137685,2014-06-11T23:01:59,-70.859,-30.165,6.9073,4.4,mw,,,,,,,,,,,,,,,,,CSN-improved,63.1945075989,forearc,4.4,1.99863107460643
137696,2014-06-12T12:28:53,-70.564,-30.745,52.6,5.1,mw,,,6.6,,,,,,,,,,,,,,CSN-improved,79.2314987183,forearc,4.4,1.99863107460643
138028,2014-06-28T15:47:43,-69.681,-20.336,45.8,4.5,mw,,,3.2,,,,,,,,,,,,,,CSN-improved,62.0339546204,forearc,4.4,1.99863107460643
138281,2014-07-13T19:00:23,-70.446,-24.233,18.2936,4.4,mw,,,,,,,,,,,,,,,,,CSN-improved,34.2117614746,forearc,4.4,1.99863107460643
138478,2014-07-26T21:22:10,-74.096,-52.186,13.9,5,mw,,,12,,,,,,,,,,,,,,CSN-improved,,unclassified,4.4,1.99863107460643
138544,2014-07-30T13:41:55,-71.926,-32.372,5.1677,4.5,mw,,,,,,,,,,,,,,,,,CSN-improved,22.3111934662,forearc,4.4,1.99863107460643
138565,2014-07-31T09:28:02,-68.575,-29.22,62.77,4.6,mw,,,6.9,0.304,,,,,,,,,,,,,USGS,,intraarc,4.4,1.99863107460643
139210,2014-09-09T08:55:12,-68.643,-33.484,52.06,4.8,mw,,,7.7,0.13,,,,,,,,,,,,,USGS,,unclassified,4.4,1.99863107460643
139650,2014-10-08T08:27:59,-72.136,-36.001,29.6,4.4,mw,,,5.4,0.172,,,,,,,,,,,,,USGS,56.3130950928,forearc,4.4,1.99863107460643
139649,2014-10-08T08:28:00,-72.136,-36.002,29.4,4.6,mw,,,5.2,,,,,,,,,,,,,,CSN-improved,56.3130950928,forearc,4.4,1.99863107460643
139722,2014-10-13T19:22:49,-70.066,-23.759,26,4.4,mw,,,,,,,,,,,,,,,,,ISC,45.0337791443,forearc,4.4,1.99863107460643
139939,2014-10-25T20:21:47,-69.794,-33.297,8.1,4.5,mw,,,4.3,0.261,,,,,,,,,,,,,USGS,,intraarc,4.4,1.99863107460643
140006,2014-10-29T05:14:23,-70.538,-16.791,10,4.6,mw,,,,,,,,,,,,,,,,,ISC,115.90222168,forearc,4.4,1.99863107460643
140005,2014-10-29T05:14:25,-70.589,-16.924,22.55,5,mw,,,4.3,0.117,,,,,,,,,,,,,USGS,109.930915833,forearc,4.4,1.99863107460643
140045,2014-11-01T01:42:39,-70.643,-16.907,21.26,4.4,mw,,,5.6,0.518,,,,,,,,,,,,,USGS,108.648857117,forearc,4.4,1.99863107460643
140061,2014-11-02T01:26:45,-70.994,-27.44,11,4.4,mw,,,,,,,,,,,,,,,,,ISC,27.1670780182,forearc,4.4,1.99863107460643
140795,2014-12-17T01:54:03,-67.222,-24.189,110.7325,5,mw,,,,,,,,,,,,,,,,,CSN-improved,,intraarc,4.4,1.99863107460643
140953,2014-12-27T22:06:04,-71.713,-30.166,0,4.5,mw,,,,,,,,,,,,,,,,,ISC,25.5569763184,forearc,4.4,1.99863107460643
141133,2015-01-10T16:05:10,-73.959,-53.056,13.9,4.9,mw,,,67.8,,,,,,,,,,,,,,CSN-improved,,unclassified,4.4,1.99863107460643
141136,2015-01-10T16:05:14,-73.336,-53.177,10,4.6,mw,,,,,,,,,,,,,,,,,ISC,,unclassified,4.4,1.99863107460643
141675,2015-02-08T09:29:06,-70.22,-34.302,3.2089,4.4,mw,,,,,,,,,,,,,,,,,CSN-improved,,intraarc,4.4,1.99863107460643
141822,2015-02-17T08:25:11,-74.857,-47.978,14.46,5.3,mw,,,5.2,0.086,,,,,,,,,,,,,USGS,,unclassified,4.4,1.99863107460643
141885,2015-02-21T22:00:39,-66.847,-27.169,5,4.4,mw,,,,,,,,,,,,,,,,,ISC,,unclassified,4.4,1.99863107460643
142003,2015-02-28T03:30:48,-70.61,-21.751,6.8373,4.6,mw,,,,,,,,,,,,,,,,,CSN-improved,23.0046138763,forearc,4.4,1.99863107460643
142004,2015-02-28T12:01:39,-71.279,-27.243,2,4.4,mw,,,,,,,,,,,,,,,,,ISC,17.2819328308,forearc,4.4,1.99863107460643
142120,2015-03-05T02:08:49,-72.64,-34.234,8,4.9,mw,,,,,0.16,87.85,-73.13,97.22,17,-172.63,-4.967e+15,5.602e+15,-635000000000000,-3.179e+15,-3.3867e+16,-1.02e+16,ISC,14.8802785873,forearc,4.4,1.99863107460643
142173,2015-03-08T04:16:05,-70.866,-16.819,11.62,4.6,mw,,,5.4,0.374,,,,,,,,,,,,,USGS,107.988243103,forearc,4.4,1.99863107460643
142261,2015-03-13T19:16:08,-73.51,-44.79,25.4,5,mw,0.04,0.02,1.6,,99,61,4,7,86,151,-2.27e+15,8.81e+15,-6.54e+15,8.58e+15,1.62e+16,2.93e+16,GCMT,,intraarc,4.4,1.99863107460643
142277,2015-03-14T01:23:15,-70.169,-20.455,20.6,4.4,mw,,,2.6,,,,,,,,,,,,,,CSN-improved,42.456905365,forearc,4.4,1.99863107460643
142462,2015-03-24T17:31:00,-71.895,-32.204,4,4.8,mw,,,,,,,,,,,,,,,,,ISC,23.6096725464,forearc,4.4,1.99863107460643
142464,2015-03-24T23:18:45,-67.553,-32.502,48.39,4.5,mw,,,10.4,0.261,,,,,,,,,,,,,USGS,,unclassified,4.4,1.99863107460643
142592,2015-03-31T19:23:48,-69.226,-30.352,29.67,4.5,mw,,,3.7,0.061,,,,,,,,,,,,,USGS,,intraarc,4.4,1.99863107460643
142591,2015-03-31T19:23:49,-69.459,-30.328,21.2,4.9,mw,,,3.6,,,,,,,,,,,,,,CSN-improved,,intraarc,4.4,1.99863107460643
142947,2015-04-22T20:55:07,-72.726,-41.291,10,5,mw,,,1.9,0.193,,,,,,,,,,,,,USGS,75.6307144165,forearc,4.4,1.99863107460643
142948,2015-04-22T20:55:08,-72.683,-41.349,10,4.8,mw,,,,,,,,,,,,,,,,,ISC,78.2667007446,forearc,4.4,1.99863107460643
143188,2015-05-07T23:00:59,-68.196,-32.245,18.2,5.1,mw,,,10.6,,,,,,,,,,,,,,CSN-improved,,unclassified,4.4,1.99863107460643
143309,2015-05-15T06:05:22,-71.126,-29.549,26.7857,4.8,mw,,,,,,,,,,,,,,,,,CSN-improved,44.996257782,forearc,4.4,1.99863107460643
143347,2015-05-17T07:09:27,-68.167,-28.954,14,5,mw,,,,,,,,,,,,,,,,,ISC,,unclassified,4.4,1.99863107460643
143363,2015-05-18T14:34:25,-68.044,-33.221,13,4.4,mw,,,,,,,,,,,,,,,,,ISC,,unclassified,4.4,1.99863107460643
143577,2015-06-01T18:12:27,-70.307,-30.636,10.2,4.6,mw,,,3,,,,,,,,,,,,,,CSN-improved,86.5074920654,forearc,4.4,1.99863107460643
143653,2015-06-05T13:01:44,-69.335,-19.578,2.6,4.8,mw,,,2.5,,,,,,,,,,,,,,CSN-improved,82.9635848999,forearc,4.4,1.99863107460643
143675,2015-06-07T21:14:08,-67.513,-29.004,21,4.9,mw,,,,,,,,,,,,,,,,,ISC,,unclassified,4.4,1.99863107460643
143724,2015-06-10T15:17:59,-72.281,-50.622,16.97,4.6,mw,,,5.4,0.215,,,,,,,,,,,,,USGS,,unclassified,4.4,1.99863107460643
143810,2015-06-16T15:06:24,-70.019,-29.777,17.7,4.5,mw,,,4.6,,,,,,,,,,,,,,CSN-improved,,intraarc,4.4,1.99863107460643
143807,2015-06-16T15:06:26,-70.123,-29.73,10,5,mw,,,1.7,0.092,,,,,,,,,,,,,USGS,83.8427505493,forearc,4.4,1.99863107460643
143874,2015-06-20T07:27:26,-69.203,-25.843,8.741,4.4,mw,,,,,,,,,,,,,,,,,CSN-improved,,intraarc,4.4,1.99863107460643
143930,2015-06-23T14:17:59,-68.701,-17.861,0,4.5,mw,,,,,,,,,,,,,,,,,ISC,,intraarc,4.4,1.99863107460643
144000,2015-06-27T10:15:42,-71.879,-54.654,15,4.5,mw,,,11.8,,,,,,,,,,,,,,CSN-improved,,unclassified,4.4,1.99863107460643
144333,2015-07-20T09:27:15,-71.41,-18.412,13,4.7,mw,,,,,,,,,,,,,,,,,ISC,28.6492004395,forearc,4.4,1.99863107460643
144359,2015-07-22T00:04:20,-71.746,-32.224,3.335,4.4,mw,,,,,,,,,,,,,,,,,CSN-improved,28.4581375122,forearc,4.4,1.99863107460643
144511,2015-08-01T11:30:26,-68.44,-29.93,22.9,5.2,mw,0.01,0.01,0.5,,166,29,102,332,61,83,5.343e+16,-210000000000000,-5.322e+16,5.11e+15,3.689e+16,2.146e+16,GCMT,,unclassified,4.4,1.99863107460643
144641,2015-08-11T20:23:40,-70.513,-17.938,28.7433,4.4,mw,,,,,,,,,,,,,,,,,CSN-improved,73.9063720703,forearc,4.4,1.99863107460643
144660,2015-08-12T17:45:33,-70.445,-32.881,9.2057,4.4,mw,,,,,,,,,,,,,,,,,CSN-improved,,intraarc,4.4,1.99863107460643
144803,2015-08-22T22:41:25,-72.517,-38.583,50.9,4.5,mw,,,6.4,0.197,,,,,,,,,,,,,USGS,67.9421539307,forearc,4.4,1.99863107460643
144867,2015-08-25T07:53:30,-75.022,-52.929,35,4.4,mw,,,,,,,,,,,,,,,,,ISC,,unclassified,4.4,1.99863107460643
144947,2015-08-31T03:14:07,-69.444,-33.086,10,4.5,mw,,,1.8,0.197,,,,,,,,,,,,,USGS,,intraarc,4.4,1.99863107460643
144984,2015-09-02T17:39:22,-67.298,-22.538,47.12,5,mw,,,7.9,0.081,,,,,,,,,,,,,USGS,,intraarc,4.4,1.99863107460643
144985,2015-09-02T17:39:23,-67.301,-22.48,50,4.8,mw,,,,,,,,,,,,,,,,,ISC,,intraarc,4.4,1.99863107460643
145074,2015-09-08T16:02:43,-67.646,-31.352,15,5.2,mw,,,29.7,0.2,,,,,,,,,,,,,ISC-GEM,,unclassified,4.4,1.99863107460643
145096,2015-09-09T18:00:10,-70.477,-32.984,15.1,4.6,mw,,,4,0.216,,,,,,,,,,,,,USGS,,intraarc,4.4,1.99863107460643
145110,2015-09-10T05:47:07,-69.763,-25.689,38.2863,4.7,mw,,,,,,,,,,,,,,,,,CSN-improved,67.2863769531,forearc,4.4,1.99863107460643
145118,2015-09-11T00:44:18,-69.425,-30.578,6.2,4.6,mw,,,2.9,,,,,,,,,,,,,,CSN-improved,,intraarc,4.4,1.99863107460643
145133,2015-09-12T08:13:52,-68.673,-31.66,24.2,5.1,mw,,,7.8,0.2,,,,,,,,,,,,,ISC-GEM,,unclassified,4.4,1.99863107460643
145163,2015-09-14T13:38:53,-68.641,-33.31,23.98,4.9,mw,,,8.4,0.271,,,,,,,,,,,,,USGS,,unclassified,4.4,1.99863107460643
145198,2015-09-16T23:03:57,-71.728,-31.728,2.0565,6,mw,,,,,,,,,,,,,,,,,CSN-improved,27.8813152313,forearc,4.4,1.99863107460643
145202,2015-09-16T23:13:12,-71.197,-30.227,29.47,5.6,mw,,,5.7,0.132,,,,,,,,,,,,,USGS,47.4617156982,forearc,4.4,1.99863107460643
145206,2015-09-16T23:15:38,-71.221,-32.155,0,4.9,mw,,,,,,,,,,,,,,,,,ISC,51.3690338135,forearc,4.4,1.99863107460643
145196,2015-09-16T23:16:09,-71.932,-31.918,2.3968,6.1,mw,,,,,,,,,,,,,,,,,CSN-improved,21.7286491394,forearc,4.4,1.99863107460643
145343,2015-09-17T01:06:43,-71.732,-32.549,0,4.5,mw,,,,,,,,,,,,,,,,,ISC,28.7466583252,forearc,4.4,1.99863107460643
145246,2015-09-17T01:08:50,-71.515,-31.116,-0.7223,5.2,mw,,,,,,,,,,,,,,,,,CSN-improved,36.7625198364,forearc,4.4,1.99863107460643
145255,2015-09-17T01:13:33,-71.665,-31.143,7.1423,5.1,mw,,,,,,,,,,,,,,,,,CSN-improved,30.4878959656,forearc,4.4,1.99863107460643
145263,2015-09-17T01:21:50,-71.682,-31.725,9.4,5,mw,,,6,,,,,,,,,,,,,,CSN-improved,29.7088356018,forearc,4.4,1.99863107460643
145223,2015-09-17T01:41:06,-71.693,-31.172,12.8589,6.4,mw,,,,,172,55,92,348,35,86,5.179e+18,8e+15,-5.186e+18,1.45e+17,-1.957e+18,9.59e+17,CSN-improved,28.5390815735,forearc,4.4,1.99863107460643
145296,2015-09-17T01:46:27,-70.066,-31.484,35.7,4.8,mw,,,6.7,,,,,,,,,,,,,,CSN-improved,,intraarc,4.4,1.99863107460643
145270,2015-09-17T02:08:05,-71.938,-31.838,2.677,4.9,mw,,,,,,,,,,,,,,,,,CSN-improved,21.6454906464,forearc,4.4,1.99863107460643
145358,2015-09-17T02:29:20,-71.465,-29.703,0,4.4,mw,,,,,,,,,,,,,,,,,ISC,32.8310966492,forearc,4.4,1.99863107460643
145281,2015-09-17T02:44:26,-71.796,-31.259,1.5315,4.8,mw,,,,,,,,,,,,,,,,,CSN-improved,25.1542072296,forearc,4.4,1.99863107460643
145325,2015-09-17T03:34:52,-71.977,-31.871,2.962,4.6,mw,,,,,,,,,,,,,,,,,CSN-improved,20.2617931366,forearc,4.4,1.99863107460643
145224,2015-09-17T03:55:15,-71.735,-31.499,4.2775,6.2,mw,,,,,157,56,79,356,35,106,5.844e+18,2.56e+17,-6.1e+18,1.542e+18,-2.132e+18,1.719e+18,CSN-improved,27.4256629944,forearc,4.4,1.99863107460643
145327,2015-09-17T05:00:52,-71.667,-31.524,6.6283,4.6,mw,,,,,,,,,,,,,,,,,CSN-improved,31.2161540985,forearc,4.4,1.99863107460643
145264,2015-09-17T05:04:48,-71.686,-31.505,8.1701,5,mw,,,,,,,,,,,,,,,,,CSN-improved,29.273973465,forearc,4.4,1.99863107460643
145362,2015-09-17T06:17:12,-71.726,-31.554,0.5848,4.4,mw,,,,,,,,,,,,,,,,,CSN-improved,27.5229377747,forearc,4.4,1.99863107460643
145289,2015-09-17T06:20:30,-71.734,-31.456,4.6705,4.8,mw,,,,,,,,,,,,,,,,,CSN-improved,27.3259315491,forearc,4.4,1.99863107460643
145275,2015-09-17T06:35:30,-69.19,-18.546,10,4.9,mw,,,1.9,0.115,,,,,,,,,,,,,USGS,,intraarc,4.4,1.99863107460643
145313,2015-09-17T06:35:31,-69.141,-18.455,10,4.7,mw,,,0,,,,,,,,,,,,,,CSN-improved,,intraarc,4.4,1.99863107460643
145251,2015-09-17T06:36:32,-69.085,-18.408,10,5.2,mw,,,0,,340.83,71.68,-146.94,239.26,58.81,-21.56,-1.7074e+16,-2.4327e+16,4.14e+16,2.1191e+16,-1.7399e+16,2.7739e+16,CSN-improved,,intraarc,4.4,1.99863107460643
145259,2015-09-17T06:38:54,-71.801,-31.662,1.492,5.1,mw,,,,,,,,,,,,,,,,,CSN-improved,25.9636535645,forearc,4.4,1.99863107460643
145363,2015-09-17T08:24:01,-71.596,-31.066,1.0032,4.4,mw,,,,,,,,,,,,,,,,,CSN-improved,32.2919883728,forearc,4.4,1.99863107460643
145283,2015-09-17T08:32:44,-71.389,-31.625,15.8248,4.8,mw,,,,,,,,,,,,,,,,,CSN-improved,42.306968689,forearc,4.4,1.99863107460643
145347,2015-09-17T09:01:46,-71.756,-31.487,4.9633,4.5,mw,,,,,,,,,,,,,,,,,CSN-improved,27.4256629944,forearc,4.4,1.99863107460643
145284,2015-09-17T09:12:33,-71.741,-30.987,0.3856,4.8,mw,,,,,,,,,,,,,,,,,CSN-improved,26.3488082886,forearc,4.4,1.99863107460643
145318,2015-09-17T10:53:20,-71.784,-30.923,0.8095,4.7,mw,,,,,,,,,,,,,,,,,CSN-improved,24.3810920715,forearc,4.4,1.99863107460643
145366,2015-09-17T11:23:19,-71.684,-31.441,13.2302,4.4,mw,,,,,,,,,,,,,,,,,CSN-improved,29.1765441895,forearc,4.4,1.99863107460643
145301,2015-09-17T12:19:32,-72.004,-32.158,2.3077,4.8,mw,,,,,,,,,,,,,,,,,CSN-improved,20.703086853,forearc,4.4,1.99863107460643
145267,2015-09-17T12:24:29,-71.788,-31.408,5.4447,5,mw,,,,,,,,,,,,,,,,,CSN-improved,25.469455719,forearc,4.4,1.99863107460643
145242,2015-09-17T16:08:09,-70.376,-29.784,36.6387,5.3,mw,,,,,,,,,,,,,,,,,CSN-improved,77.3345336914,forearc,4.4,1.99863107460643
145332,2015-09-17T18:04:44,-71.727,-30.946,0.338,4.6,mw,,,,,,,,,,,,,,,,,CSN-improved,26.2315635681,forearc,4.4,1.99863107460643
145340,2015-09-17T20:48:46,-71.974,-31.359,3.1633,4.6,mw,,,,,,,,,,,,,,,,,CSN-improved,20.6909122467,forearc,4.4,1.99863107460643
145511,2015-09-18T03:00:41,-71.758,-31.486,0.842,4.4,mw,,,,,,,,,,,,,,,,,CSN-improved,27.4256629944,forearc,4.4,1.99863107460643
145485,2015-09-18T03:38:10,-71.99,-31.906,4.7294,4.6,mw,,,,,,,,,,,,,,,,,CSN-improved,20.3444480896,forearc,4.4,1.99863107460643
145479,2015-09-18T09:10:31,-69.047,-18.432,17.6,4.7,mw,,,3.1,,,,,,,,,,,,,,CSN-improved,,intraarc,4.4,1.99863107460643
145477,2015-09-18T19:54:44,-71.683,-30.03,8,4.7,mw,,,,,,,,,,,,,,,,,ISC,25.1629047394,forearc,4.4,1.99863107460643
145468,2015-09-18T19:54:47,-71.647,-30.057,11.0335,4.9,mw,,,,,,,,,,,,,,,,,CSN-improved,26.9179000854,forearc,4.4,1.99863107460643
145529,2015-09-18T23:30:57,-72.04,-31.842,3.0793,4.4,mw,,,,,,,,,,,,,,,,,CSN-improved,18.9600276947,forearc,4.4,1.99863107460643
145691,2015-09-19T08:40:30,-71.469,-30.941,9.2,4.4,mw,,,4.1,,,,,,,,,,,,,,CSN-improved,38.6464653015,forearc,4.4,1.99863107460643
145702,2015-09-19T22:35:30,-71.413,-30.823,16.3,4.4,mw,,,4.5,,,,,,,,,,,,,,CSN-improved,40.5048713684,forearc,4.4,1.99863107460643
145806,2015-09-20T04:22:04,-71.826,-32.085,5.33,4.5,mw,,,,,,,,,,,,,,,,,CSN-improved,25.0302066803,forearc,4.4,1.99863107460643
145961,2015-09-21T13:05:24,-71.751,-31.645,3.3888,4.6,mw,,,,,,,,,,,,,,,,,CSN-improved,27.7088794708,forearc,4.4,1.99863107460643
145978,2015-09-21T18:55:34,-71.66,-31.11,8.7554,4.4,mw,,,,,,,,,,,,,,,,,CSN-improved,30.3717575073,forearc,4.4,1.99863107460643
145980,2015-09-21T20:05:42,-71.886,-32.171,5.544,4.4,mw,,,,,,,,,,,,,,,,,CSN-improved,23.5502796173,forearc,4.4,1.99863107460643
146073,2015-09-22T10:41:26,-71.744,-30.893,8.4891,4.4,mw,,,,,,,,,,,,,,,,,CSN-improved,26.1119403839,forearc,4.4,1.99863107460643
146146,2015-09-23T14:47:29,-71.869,-31.434,10,4.7,mw,,,1.9,0.533,,,,,,,,,,,,,USGS,23.9156188965,forearc,4.4,1.99863107460643
146384,2015-09-26T20:19:45,-70.685,-16.996,10,4.7,mw,,,2,0.308,,,,,,,,,,,,,USGS,102.886817932,forearc,4.4,1.99863107460643
146539,2015-09-28T02:31:50,-70.58,-16.81,13,4.4,mw,,,9.9,0.516,,,,,,,,,,,,,USGS,114.599136353,forearc,4.4,1.99863107460643
146820,2015-10-03T07:43:00,-71.846,-32.276,9.7852,4.4,mw,,,,,,,,,,,,,,,,,CSN-improved,25.2527770996,forearc,4.4,1.99863107460643
146941,2015-10-06T10:47:33,-71.446,-31.515,15.1,5.2,mw,,,5.1,,,,,,,,,,,,,,CSN-improved,39.8345718384,forearc,4.4,1.99863107460643
146993,2015-10-07T08:00:39,-71.214,-30.323,7,4.7,mw,,,,,,,,,,,,,,,,,ISC,47.7527542114,forearc,4.4,1.99863107460643
146987,2015-10-07T08:00:40,-71.228,-30.298,24.5,5.3,mw,,,3.1,,,,,,,,,,,,,,CSN-improved,45.3543891907,forearc,4.4,1.99863107460643
147209,2015-10-13T04:02:40,-71.835,-31.471,6,4.7,mw,,,,,,,,,,,,,,,,,ISC,23.9156188965,forearc,4.4,1.99863107460643
147307,2015-10-15T13:21:13,-71.716,-31.521,8.0817,4.5,mw,,,,,,,,,,,,,,,,,CSN-improved,29.273973465,forearc,4.4,1.99863107460643
147437,2015-10-20T21:45:25,-71.575,-30.396,1.493,4.8,mw,,,,,,,,,,,,,,,,,CSN-improved,32.2808990479,forearc,4.4,1.99863107460643
147525,2015-10-23T13:34:48,-71.69,-31.195,10.994,4.4,mw,,,,,,,,,,,,,,,,,CSN-improved,28.6509056091,forearc,4.4,1.99863107460643
147578,2015-10-25T16:35:08,-67.955,-22.213,0,4.4,mw,,,,,,,,,,,,,,,,,ISC,,intraarc,4.4,1.99863107460643
147730,2015-10-30T07:55:09,-72.057,-31.831,2.31,4.7,mw,,,3.2,0.239,,,,,,,,,,,,,USGS,18.9600276947,forearc,4.4,1.99863107460643
147759,2015-10-31T02:19:11,-71.515,-18.501,10,4.6,mw,,,1.9,0.187,,,,,,,,,,,,,USGS,23.8940029144,forearc,4.4,1.99863107460643
147952,2015-11-08T01:33:34,-71.471,-30.884,19,4.5,mw,,,,,,,,,,,,,,,,,ISC,38.4965057373,forearc,4.4,1.99863107460643
148000,2015-11-09T14:16:12,-68.91,-22.27,36,4.4,mw,,,,,,,,,,,,,,,,,ISC,,intraarc,4.4,1.99863107460643
148090,2015-11-11T02:01:46,-71.532,-29.861,0,4.5,mw,,,,,,,,,,,,,,,,,ISC,29.7038936615,forearc,4.4,1.99863107460643
148229,2015-11-15T17:37:58,-69.26,-23.05,10,4.4,mw,,,,,,,,,,,,,,,,,ISC,70.3515319824,forearc,4.4,1.99863107460643
148303,2015-11-18T02:32:44,-70.103,-24.223,29.5,4.4,mw,,,2.6,,,,,,,,,,,,,,CSN-improved,45.6069107056,forearc,4.4,1.99863107460643
148405,2015-11-22T02:33:43,-68.37,-25.14,10,4.4,mw,,,,,,,,,,,,,,,,,ISC,,intraarc,4.4,1.99863107460643
148540,2015-11-26T16:07:34,-73.417,-38.808,18.9401,4.9,mw,,,,,,,,,,,,,,,,,CSN-improved,36.2672843933,forearc,4.4,1.99863107460643
148629,2015-11-29T00:47:50,-71.543,-30.342,17.4,4.5,mw,,,2.7,,,,,,,,,,,,,,CSN-improved,32.0719261169,forearc,4.4,1.99863107460643
148649,2015-11-30T01:10:59,-70,-29.47,10,4.5,mw,,,,,,,,,,,,,,,,,ISC,83.6334838867,forearc,4.4,1.99863107460643
148650,2015-11-30T01:14:06,-70.666,-35.084,11,4.4,mw,,,,,,,,,,,,,,,,,ISC,,intraarc,4.4,1.99863107460643
148766,2015-12-05T14:55:03,-71.319,-30.805,20.401,4.4,mw,,,,,,,,,,,,,,,,,CSN-improved,45.3198852539,forearc,4.4,1.99863107460643
148844,2015-12-09T01:11:42,-71.619,-30.869,14.6975,4.4,mw,,,,,,,,,,,,,,,,,CSN-improved,31.7618541718,forearc,4.4,1.99863107460643
149206,2015-12-25T04:02:25,-71.957,-32.324,3.12,4.5,mw,,,6.8,0.261,,,,,,,,,,,,,USGS,22.2597484589,forearc,4.4,1.99863107460643
149229,2015-12-26T11:42:18,-70.05,-18.438,43.6081,4.4,mw,,,,,,,,,,,,,,,,,CSN-improved,76.9083480835,forearc,4.4,1.99863107460643
149225,2015-12-26T11:42:18,-70.149,-18.408,52.04,5.1,mw,,,8.6,0.159,,,,,,,,,,,,,USGS,74.3694839478,forearc,4.4,1.99863107460643
149378,2016-01-01T05:46:17,-71.769,-30.901,7.13,4.8,mw,,,3.8,0.38,,,,,,,,,,,,,USGS,26.1119403839,forearc,4.4,6.99767517174944
149425,2016-01-03T11:04:31,-69.153,-33.086,4,4.6,mw,,,,,,,,,,,,,,,,,ISC,,unclassified,4.4,6.99767517174944
149422,2016-01-03T11:04:34,-69.275,-32.946,10,4.9,mw,,,1.7,0.145,,,,,,,,,,,,,USGS,,intraarc,4.4,6.99767517174944
149492,2016-01-06T05:10:21,-71.755,-32.204,11,5.3,mw,,,,,,,,,,,,,,,,,ISC,28.4581375122,forearc,4.4,6.99767517174944
149538,2016-01-08T17:53:30,-71.665,-30.86,5.743,4.4,mw,,,,,,,,,,,,,,,,,CSN-improved,29.7410545349,forearc,4.4,6.99767517174944
149646,2016-01-13T13:09:19,-68.802,-32.789,54.42,4.6,mw,,,8.7,0.215,,,,,,,,,,,,,USGS,,unclassified,4.4,6.99767517174944
149682,2016-01-15T20:32:55,-68.019,-28.419,21.2,5.1,mw,,,8.2,,,,,,,,,,,,,,CSN-improved,,unclassified,4.4,6.99767517174944
149836,2016-01-22T07:03:52,-67.526,-32.584,32,4.5,mw,,,,,,,,,,,,,,,,,ISC,,unclassified,4.4,6.99767517174944
149928,2016-01-26T00:19:10,-71.838,-32.587,7.75,4.9,mw,,,3.1,0.047,344,39,83,173,51,96,4.56e+16,1.04e+16,-5.61e+16,-540000000000000,-1.12e+16,1.4e+16,USGS,25.5278663635,forearc,4.4,6.99767517174944
150020,2016-01-30T15:36:32,-69.517,-21.355,5.8867,4.4,mw,,,,,,,,,,,,,,,,,CSN-improved,65.0423736572,forearc,4.4,6.99767517174944
150113,2016-02-03T09:07:15,-69.621,-21.272,44.5,4.5,mw,,,1.8,,,,,,,,,,,,,,CSN-improved,61.29895401,forearc,4.4,6.99767517174944
150144,2016-02-05T10:44:41,-72.389,-37.025,32.8,4.5,mw,,,49.4,,,,,,,,,,,,,,CSN-improved,59.2013168335,forearc,4.4,6.99767517174944
150524,2016-02-21T22:21:25,-68.369,-29.244,17.9,4.5,mw,,,6.8,,,,,,,,,,,,,,CSN-improved,,unclassified,4.4,6.99767517174944
150650,2016-02-25T11:49:08,-71.614,-30.965,12,4.4,mw,,,,,,,,,,,,,,,,,ISC,32.0359420776,forearc,4.4,6.99767517174944
150674,2016-02-26T08:52:53,-67.54,-31.75,35,5,mw,0.02,0.01,1.7,,231,44,151,343,70,50,2.14e+16,1.33e+16,-3.47e+16,-1.72e+16,2.17e+16,-1.59e+16,GCMT,,unclassified,4.4,6.99767517174944
150833,2016-03-05T17:31:50,-69.747,-20.737,38.22,4.9,mw,,,6,0.101,,,,,,,,,,,,,USGS,57.1962966919,forearc,4.4,6.99767517174944
150834,2016-03-05T17:31:51,-69.713,-20.741,38.4372,4.7,mw,,,,,,,,,,,,,,,,,CSN-improved,59.3027076721,forearc,4.4,6.99767517174944
150933,2016-03-10T23:47:46,-71.035,-24.678,2,4.5,mw,,,,,,,,,,,,,,,,,ISC,19.29936409,forearc,4.4,6.99767517174944
151066,2016-03-16T03:59:39,-71.904,-31.213,3,4.9,mw,,,,,,,,,,,,,,,,,ISC,21.8444843292,forearc,4.4,6.99767517174944
151069,2016-03-16T13:41:34,-71.373,-31.042,25.7728,4.4,mw,,,,,,,,,,,,,,,,,CSN-improved,43.6922607422,forearc,4.4,6.99767517174944
151065,2016-03-16T13:41:34,-71.331,-31.015,24.68,5,mw,,,7.7,0.207,,,,,,,,,,,,,USGS,43.5498313904,forearc,4.4,6.99767517174944
151376,2016-03-29T22:02:42,-71.892,-30.402,2.9109,4.6,mw,,,,,,,,,,,,,,,,,CSN-improved,20.0706443787,forearc,4.4,6.99767517174944
151396,2016-03-30T13:47:07,-70.724,-16.907,33.34,4.6,mw,,,6.2,0.136,,,,,,,,,,,,,USGS,107.361328125,forearc,4.4,6.99767517174944
151578,2016-04-07T04:01:20,-71.856,-31.961,8,4.7,mw,,,,,,,,,,,,,,,,,ISC,24.8246822357,forearc,4.4,6.99767517174944
151627,2016-04-09T05:49:17,-71.55,-30.314,5.2897,4.5,mw,,,,,,,,,,,,,,,,,CSN-improved,31.857219696,forearc,4.4,6.99767517174944
151760,2016-04-14T17:44:53,-71.827,-32.136,0,4.5,mw,,,,,,,,,,,,,,,,,ISC,25.0908946991,forearc,4.4,6.99767517174944
151836,2016-04-17T19:24:37,-71.781,-31.482,7,4.4,mw,,,,,,,,,,,,,,,,,ISC,25.6731529236,forearc,4.4,6.99767517174944
152171,2016-05-02T02:03:31,-69.134,-32.755,32.71,4.8,mw,,,6,0.135,,,,,,,,,,,,,USGS,,intraarc,4.4,6.99767517174944
152172,2016-05-02T06:02:51,-70.371,-17.817,46.7,4.4,mw,,,3.7,,,,,,,,,,,,,,CSN-improved,83.4150695801,forearc,4.4,6.99767517174944
152190,2016-05-03T09:17:18,-69.91,-17.42,12,4.5,mw,,,5.5,0.369,,,,,,,,,,,,,USGS,109.470687866,forearc,4.4,6.99767517174944
152527,2016-05-17T11:20:56,-68.451,-33.64,13.7,4.8,mw,,,8.9,,,,,,,,,,,,,,CSN-improved,,unclassified,4.4,6.99767517174944
152532,2016-05-17T11:34:03,-69.366,-18.929,3.5915,4.4,mw,,,,,,,,,,,,,,,,,CSN-improved,92.7248535156,forearc,4.4,6.99767517174944
152576,2016-05-19T18:28:35,-71.341,-30.691,25.9202,4.7,mw,,,,,,,,,,,,,,,,,CSN-improved,42.5069961548,forearc,4.4,6.99767517174944
152674,2016-05-23T12:39:36,-71.9,-32.072,10.54,4.8,mw,,,1.8,0.219,,,,,,,,,,,,,USGS,23.4203472137,forearc,4.4,6.99767517174944
152731,2016-05-26T20:36:51,-71.854,-29.973,4.0288,4.8,mw,,,,,,,,,,,,,,,,,CSN-improved,20.1476821899,forearc,4.4,6.99767517174944
152835,2016-05-31T01:53:09,-66.627,-27.559,12,4.8,mw,,,,,,,,,,,,,,,,,ISC,,unclassified,4.4,6.99767517174944
152872,2016-06-02T00:01:28,-70.423,-16.828,13.3,5,mw,,,3.1,0.058,,,,,,,,,,,,,USGS,117.443077087,forearc,4.4,6.99767517174944
152874,2016-06-02T11:16:58,-70.447,-16.76,33,4.6,mw,,,,,,,,,,,,,,,,,ISC,120.973701477,forearc,4.4,6.99767517174944
152873,2016-06-02T11:16:59,-70.442,-16.895,35.52,4.9,mw,,,7.6,0.1,,,,,,,,,,,,,USGS,113.789871216,forearc,4.4,6.99767517174944
152898,2016-06-03T04:12:24,-70.468,-16.835,33,4.5,mw,,,,,,,,,,,,,,,,,ISC,116.128456116,forearc,4.4,6.99767517174944
152895,2016-06-03T04:12:26,-70.399,-16.953,48.4,4.8,mw,,,11.1,0.112,,,,,,,,,,,,,USGS,112.809326172,forearc,4.4,6.99767517174944
152995,2016-06-06T05:39:15,-70.514,-16.781,9.4,4.4,mw,,,6.5,,,,,,,,,,,,,,CSN-improved,117.208976746,forearc,4.4,6.99767517174944
152996,2016-06-06T05:39:17,-70.6,-16.862,10,4.4,mw,,,0,,,,,,,,,,,,,,CSN-improved,112.242469788,forearc,4.4,6.99767517174944
153146,2016-06-14T11:43:20,-71.671,-30.186,7,4.4,mw,,,,,,,,,,,,,,,,,ISC,27.5430297852,forearc,4.4,6.99767517174944
153220,2016-06-17T03:48:39,-71.52,-30.138,4.9202,4.6,mw,,,,,,,,,,,,,,,,,CSN-improved,33.2340202332,forearc,4.4,6.99767517174944
153320,2016-06-21T10:25:53,-71.261,-17.507,41,4.6,mw,,,21.3,,,,,,,,,,,,,,CSN-improved,65.0098953247,forearc,4.4,6.99767517174944
153450,2016-06-28T05:56:53,-68.776,-32.685,54.8,4.7,mw,,,7.9,0.133,,,,,,,,,,,,,USGS,,unclassified,4.4,6.99767517174944
153640,2016-07-06T13:19:37,-71.815,-35.596,27.2673,4.4,mw,,,,,,,,,,,,,,,,,CSN-improved,62.4865989685,forearc,4.4,6.99767517174944
153635,2016-07-06T13:19:37,-71.891,-35.613,14.24,4.8,mw,,,3.7,0.269,,,,,,,,,,,,,USGS,58.4783782959,forearc,4.4,6.99767517174944
153858,2016-07-16T01:18:45,-69.35,-56.716,20,5,mw,,,0,,,,,,,,,,,,,,CSN-improved,,unclassified,4.4,6.99767517174944
153913,2016-07-18T23:05:37,-70.329,-34.604,19.1,4.5,mw,,,3.1,,,,,,,,,,,,,,CSN-improved,,intraarc,4.4,6.99767517174944
154003,2016-07-22T13:07:04,-68.479,-31.347,42.8,4.6,mw,,,14.6,0.372,,,,,,,,,,,,,USGS,,unclassified,4.4,6.99767517174944
154035,2016-07-23T22:17:58,-67.18,-22.42,20.3,5.1,mw,0.02,0.02,0.7,,346,48,-62,128,49,-117,-4.6e+16,1.16e+16,3.44e+16,-1.53e+16,-8.46e+15,-2.5e+16,GCMT,,intraarc,4.4,6.99767517174944
154124,2016-07-26T23:00:21,-71.774,-32.568,13,5.2,mw,,,,,159,39,69,5,54,106,3.1e+16,140000000000000,-3.11e+16,6.56e+15,9.81e+15,4.64e+15,ISC,28.7466583252,forearc,4.4,6.99767517174944
154300,2016-08-03T11:02:19,-71.739,-31.529,6,4.6,mw,,,,,,,,,,,,,,,,,ISC,27.5229377747,forearc,4.4,6.99767517174944
154395,2016-08-07T06:06:37,-70.449,-17.937,35.62,4.6,mw,,,11,0.527,,,,,,,,,,,,,USGS,75.636100769,forearc,4.4,6.99767517174944
154469,2016-08-10T02:33:48,-71.786,-32.018,5,4.4,mw,,,,,,,,,,,,,,,,,ISC,26.5280227661,forearc,4.4,6.99767517174944
154632,2016-08-16T17:50:45,-70.998,-19.773,2,5,mw,,,,,,,,,,,,,,,,,ISC,20.3739814758,forearc,4.4,6.99767517174944
155480,2016-09-21T22:04:49,-70.603,-31.713,1.2634,4.4,mw,,,,,,,,,,,,,,,,,CSN-improved,79.1285171509,forearc,4.4,6.99767517174944
155478,2016-09-21T22:04:50,-70.603,-31.744,10,4.8,mw,,,,,,,,,,,,,,,,,ISC,78.9516067505,forearc,4.4,6.99767517174944
155475,2016-09-21T22:04:51,-70.633,-31.753,10,5.1,mw,,,1.8,0.095,,,,,,,,,,,,,USGS,76.9760818481,forearc,4.4,6.99767517174944
155728,2016-10-01T11:25:11,-71.889,-32.049,5.1843,4.6,mw,,,,,,,,,,,,,,,,,CSN-improved,23.4203472137,forearc,4.4,6.99767517174944
155945,2016-10-11T05:46:38,-67.248,-31.33,47.18,5,mw,,,12.2,0.157,,,,,,,,,,,,,USGS,,unclassified,4.4,6.99767517174944
156282,2016-10-26T23:43:05,-68.586,-32.738,10,4.6,mw,,,1.8,0.305,,,,,,,,,,,,,USGS,,unclassified,4.4,6.99767517174944
156547,2016-11-05T08:21:15,-73.817,-39.729,11.3,4.4,mw,,,3,,,,,,,,,,,,,,CSN-improved,29.1343460083,forearc,4.4,6.99767517174944
156696,2016-11-11T00:11:07,-71.771,-32.137,11.6544,4.4,mw,,,,,,,,,,,,,,,,,CSN-improved,28.4094009399,forearc,4.4,6.99767517174944
157411,2016-12-05T07:33:19,-75.354,-47.173,35,5.2,mw,,,,,,,,,,,,,,,,,ISC,,unclassified,4.4,6.99767517174944
157492,2016-12-08T09:36:15,-69.002,-30.585,43,4.8,mw,,,,,,,,,,,,,,,,,ISC,,intraarc,4.4,6.99767517174944
157490,2016-12-08T09:36:16,-68.95,-30.528,25,5.1,mw,,,6,,,,,,,,,,,,,,CSN-improved,,intraarc,4.4,6.99767517174944
157611,2016-12-12T02:56:57,-68.006,-30.928,3,5.4,mw,,,,,338,69,84,175,21,106,1.863e+16,5.26e+15,-2.389e+16,-9.64e+15,2.353e+16,8.72e+15,ISC,,unclassified,4.4,6.99767517174944
157668,2016-12-14T19:32:52,-67.892,-19.311,65.35,4.7,mw,,,10.1,0.087,,,,,,,,,,,,,USGS,,unclassified,4.4,6.99767517174944
157723,2016-12-16T09:40:40,-67.689,-32.293,26,4.9,mw,,,,,,,,,,,,,,,,,ISC,,unclassified,4.4,6.99767517174944
158346,2017-01-05T21:26:35,-74.55,-47.68,35,4.7,mw,,,,,,,,,,,,,,,,,CSN-improved,,unclassified,4.4,6.99767517174944
158401,2017-01-07T17:33:05,-70.109,-19.521,32.1,4.4,mw,,,1.7,,,,,,,,,,,,,,CSN-improved,54.5360183716,forearc,4.4,6.99767517174944
158512,2017-01-12T19:23:58,-71.608,-30.398,9.8129,4.9,mw,,,,,,,,,,,,,,,,,CSN-improved,30.2524528503,forearc,4.4,6.99767517174944
158744,2017-01-21T09:30:37,-68.623,-33.813,16.6232,5,mw,,,,,,,,,,,,,,,,,CSN-improved,,unclassified,4.4,6.99767517174944
159114,2017-02-03T00:52:31,-69.51,-33.07,19.5,5.4,mw,0.01,0.01,0.6,,138,46,-15,238,79,-135,-6.798e+16,1.7209e+17,-1.0411e+17,4.469e+16,6.922e+16,-7.63e+15,GCMT,,intraarc,4.4,6.99767517174944
159115,2017-02-03T01:16:12,-69.622,-33.109,3,4.4,mw,,,,,,,,,,,,,,,,,ISC,,intraarc,4.4,6.99767517174944
159143,2017-02-04T19:25:15,-69.636,-33.105,9.01,4.5,mw,,,6.6,0.262,,,,,,,,,,,,,USGS,,intraarc,4.4,6.99767517174944
159221,2017-02-07T20:17:43,-71.815,-31.523,10,4.6,mw,,,,,,,,,,,,,,,,,ISC,25.6731529236,forearc,4.4,6.99767517174944
159371,2017-02-13T08:27:52,-69.648,-33.125,7,4.4,mw,,,,,,,,,,,,,,,,,ISC,,intraarc,4.4,6.99767517174944
159369,2017-02-13T08:27:53,-69.663,-33.145,10,4.9,mw,,,1.9,0.312,,,,,,,,,,,,,USGS,,intraarc,4.4,6.99767517174944
159421,2017-02-15T15:51:49,-69.593,-33.153,10,4.8,mw,,,,,,,,,,,,,,,,,ISC,,intraarc,4.4,6.99767517174944
159420,2017-02-15T15:51:50,-69.661,-33.187,21.39,5.1,mw,,,6.2,0.153,,,,,,,,,,,,,USGS,,intraarc,4.4,6.99767517174944
159645,2017-02-22T11:51:20,-70.71,-25.642,8.1487,4.4,mw,,,,,,,,,,,,,,,,,CSN-improved,30.8336353302,forearc,4.4,6.99767517174944
159699,2017-02-24T16:00:42,-69.598,-33.15,1,4.5,mw,,,,,,,,,,,,,,,,,ISC,,intraarc,4.4,6.99767517174944
159697,2017-02-24T16:00:44,-69.652,-33.149,10,4.8,mw,,,1.6,0.203,,,,,,,,,,,,,USGS,,intraarc,4.4,6.99767517174944
159786,2017-02-27T11:39:21,-72.201,-37.431,10,4.4,mw,,,5.6,,,,,,,,,,,,,,CSN-improved,71.2236633301,forearc,4.4,6.99767517174944
159963,2017-03-06T05:26:12,-74.374,-52.694,12.34,4.8,mw,,,6.2,0.149,,,,,,,,,,,,,USGS,,unclassified,4.4,6.99767517174944
160218,2017-03-16T07:05:11,-72.202,-33.969,5.1693,4.6,mw,,,,,,,,,,,,,,,,,CSN-improved,21.5826873779,forearc,4.4,6.99767517174944
160695,2017-04-02T23:29:35,-70.125,-19.876,35,4.7,mw,,,2,0.216,,,,,,,,,,,,,USGS,49.4251823425,forearc,4.4,6.99767517174944
161001,2017-04-14T12:02:01,-69.379,-30.559,27,4.6,mw,,,4,,,,,,,,,,,,,,CSN-improved,,intraarc,4.4,6.99767517174944
161103,2017-04-17T11:53:34,-71.905,-32.071,6.8048,4.4,mw,,,,,,,,,,,,,,,,,CSN-improved,23.4203472137,forearc,4.4,6.99767517174944
161284,2017-04-23T10:41:05,-67.922,-33.293,32.71,4.9,mw,,,7.4,0.22,,,,,,,,,,,,,USGS,,unclassified,4.4,6.99767517174944
161406,2017-04-24T03:54:45,-71.27,-33.47,24,4.8,mw,,,,,,,,,,,,,,,,,CSN-improved,50.7028617859,forearc,4.4,6.99767517174944
162294,2017-05-03T19:08:23,-71.078,-18.615,18.0592,4.5,mw,,,,,,,,,,,,,,,,,CSN-improved,33.417049408,forearc,4.4,6.99767517174944
162731,2017-05-16T13:56:33,-70.163,-18.91,31.6091,4.5,mw,,,,,,,,,,,,,,,,,CSN-improved,63.1496734619,forearc,4.4,6.99767517174944
162733,2017-05-16T20:41:39,-72.019,-32.131,4,4.4,mw,,,,,,,,,,,,,,,,,ISC,20.703086853,forearc,4.4,6.99767517174944
162869,2017-05-20T14:13:01,-73.429,-38.955,4,4.4,mw,,,,,,,,,,,,,,,,,ISC,35.8955841064,forearc,4.4,6.99767517174944
162863,2017-05-20T14:13:04,-73.47,-38.981,11.1,4.8,mw,,,3.6,,,,,,,,,,,,,,CSN-improved,36.2890052795,forearc,4.4,6.99767517174944
163000,2017-05-25T12:10:58,-67.205,-30.194,36.77,4.9,mw,,,21.7,0.312,,,,,,,,,,,,,USGS,,unclassified,4.4,6.99767517174944
163133,2017-05-30T22:57:07,-69.519,-31.624,34.8,4.6,mw,,,4.1,,,,,,,,,,,,,,CSN-improved,,intraarc,4.4,6.99767517174944
163891,2017-06-25T22:08:26,-72.148,-42.301,4.5658,4.9,mw,,,,,172,17,118,322,75,82,3.63e+16,-5.47e+15,-3.08e+16,-4.04e+16,4.65e+16,1.14e+16,CSN-improved,,intraarc,4.4,6.99767517174944
163890,2017-06-25T22:08:43,-71.66,-42.09,12,5.2,mw,0.03,0.02,0,,172,17,118,322,75,82,3.63e+16,-5.47e+15,-3.08e+16,-4.04e+16,4.65e+16,1.14e+16,GCMT,,intraarc,4.4,6.99767517174944
164016,2017-06-30T04:23:50,-74.233,-40.253,0,4.5,mw,,,,,,,,,,,,,,,,,ISC,18.5641841888,forearc,4.4,6.99767517174944
164120,2017-07-03T16:45:35,-73.441,-39.091,20.1568,4.5,mw,,,,,,,,,,,,,,,,,CSN-improved,37.0839080811,forearc,4.4,6.99767517174944
164232,2017-07-07T12:17:24,-72.008,-32.792,1,4.9,mw,,,,,,,,,,,,,,,,,ISC,21.3783550262,forearc,4.4,6.99767517174944
164266,2017-07-08T20:49:52,-70.627,-35.204,20.3,4.4,mw,,,3.2,,,,,,,,,,,,,,CSN-improved,,intraarc,4.4,6.99767517174944
164417,2017-07-13T14:30:41,-69.055,-30.136,19.1,4.4,mw,,,4.6,,,,,,,,,,,,,,CSN-improved,,intraarc,4.4,6.99767517174944
164679,2017-07-22T06:29:56,-69.25,-21.37,56.5,5.2,mw,0.01,0.01,1.4,,314,32,-35,75,72,-117,-4.011e+16,4.312e+16,-3.01e+15,-7.73e+16,-5.15e+16,850000000000000,GCMT,74.3251342773,forearc,4.4,6.99767517174944
164798,2017-07-26T02:18:48,-68.547,-31.411,8.65,5.2,mw,,,4,0.058,,,,,,,,,,,,,USGS,,unclassified,4.4,6.99767517174944
165202,2017-08-09T04:58:47,-70.593,-23.126,4,4.6,mw,,,,,,,,,,,,,,,,,ISC,25.3801364899,forearc,4.4,6.99767517174944
165369,2017-08-14T11:51:45,-69.957,-33.406,10,4.4,mw,,,,,,,,,,,,,,,,,ISC,,intraarc,4.4,6.99767517174944
165365,2017-08-14T11:51:46,-70.069,-33.433,7.52,4.9,mw,,,2.3,0.22,,,,,,,,,,,,,USGS,,intraarc,4.4,6.99767517174944
165751,2017-08-26T14:08:45,-71.391,-18.475,10,4.6,mw,,,1.9,0.2,,,,,,,,,,,,,USGS,26.4989528656,forearc,4.4,6.99767517174944
166431,2017-09-18T13:48:56,-71.866,-31.878,1.905,4.8,mw,,,,,,,,,,,,,,,,,CSN-improved,24.7481441498,forearc,4.4,6.99767517174944
166435,2017-09-18T15:35:19,-72.101,-31.775,2,4.4,mw,,,,,,,,,,,,,,,,,ISC,17.5720443726,forearc,4.4,6.99767517174944
167090,2017-10-08T00:03:27,-72.078,-32.969,2,4.5,mw,,,,,,,,,,,,,,,,,ISC,19.0230369568,forearc,4.4,6.99767517174944
167430,2017-10-18T20:43:55,-68.101,-32.858,36.36,4.8,mw,,,5.3,0.109,,,,,,,,,,,,,USGS,,unclassified,4.4,6.99767517174944
167654,2017-10-26T03:04:24,-68.097,-29.158,41.55,4.7,mw,,,12.8,0.177,,,,,,,,,,,,,USGS,,unclassified,4.4,6.99767517174944
167830,2017-11-01T22:26:52,-69.604,-33.181,10,4.5,mw,,,1.9,0.198,,,,,,,,,,,,,USGS,,intraarc,4.4,6.99767517174944
168053,2017-11-08T18:49:24,-70.247,-25.517,30,4.4,mw,,,,,,,,,,,,,,,,,ISC,47.7801246643,forearc,4.4,6.99767517174944
168887,2017-12-07T11:40:27,-71.544,-32.303,10,4.4,mw,,,2,0.365,,,,,,,,,,,,,USGS,36.0118865967,forearc,4.4,6.99767517174944
168980,2017-12-10T02:09:28,-72.962,-36.008,15,5.1,mw,,,,,,,,,,,,,,,,,ISC,30.5739250183,forearc,4.4,6.99767517174944
169095,2017-12-14T18:10:33,-70.241,-19.808,3,5.2,mw,,,,,,,,,,,,,,,,,ISC,44.4114341736,forearc,4.4,6.99767517174944
169096,2017-12-14T18:10:34,-70.257,-19.845,8.291,4.8,mw,,,,,,,,,,,,,,,,,CSN-improved,43.8450202942,forearc,4.4,6.99767517174944
169322,2017-12-22T08:44:34,-68.968,-33.312,18,5,mw,,,,,,,,,,,,,,,,,ISC,,unclassified,4.4,6.99767517174944
169369,2017-12-24T12:04:25,-68.115,-29.997,53.88,4.9,mw,,,8.8,0.181,,,,,,,,,,,,,USGS,,unclassified,4.4,6.99767517174944
169371,2017-12-24T14:09:48,-69.486,-34.879,5.73,4.7,mw,,,6.8,0.188,,,,,,,,,,,,,USGS,,unclassified,4.4,6.99767517174944
169553,2017-12-31T10:21:59,-71.654,-31.997,14.3972,4.4,mw,,,,,,,,,,,,,,,,,CSN-improved,31.9155330658,forearc,4.4,6.99767517174944
170256,2018-01-25T11:53:52,-69.15,-18.36,22.8,5,mw,0.02,0.02,2,,189,25,-73,351,66,-98,-1.76e+16,-1.92e+16,3.67e+16,2.37e+15,-2.37e+16,-3.12e+15,GCMT,,intraarc,4.4,6.99767517174944
170262,2018-01-25T16:22:20,-69.183,-18.316,10.7,4.4,mw,,,3.2,,,,,,,,,,,,,,CSN-improved,,intraarc,4.4,6.99767517174944
170551,2018-02-04T21:47:27,-70.855,-17.286,34,4.8,mw,,,2.9,,,,,,,,,,,,,,CSN-improved,86.1512374878,forearc,4.4,6.99767517174944
170549,2018-02-04T21:47:29,-70.81,-17.398,40.45,5.1,mw,,,6.5,0.05,,,,,,,,,,,,,USGS,83.5510864258,forearc,4.4,6.99767517174944
170550,2018-02-04T21:47:31,-70.97,-17.38,45.5,4.9,mw,0.03,0.02,1.5,,13,67,23,273,69,155,,,,,,,GCMT,79.0426025391,forearc,4.4,6.99767517174944
171059,2018-02-20T15:37:08,-70.474,-25.315,17.5985,4.5,mw,,,,,,,,,,,,,,,,,CSN-improved,39.3201599121,forearc,4.4,6.99767517174944
171210,2018-02-25T11:19:00,-67.64,-31.477,53.41,4.9,mw,,,9,0.171,,,,,,,,,,,,,USGS,,unclassified,4.4,6.99767517174944
171212,2018-02-25T19:58:47,-73.095,-37.698,10,4.8,mw,,,1.9,0.126,,,,,,,,,,,,,USGS,37.404586792,forearc,4.4,6.99767517174944
171440,2018-03-05T02:54:04,-71.497,-18.27,10,4.8,mw,,,,,,,,,,,,,,,,,ISC,29.458650589,forearc,4.4,6.99767517174944
171791,2018-03-18T09:46:59,-69.616,-21.535,26.36,4.6,mw,,,6.8,0.187,,,,,,,,,,,,,USGS,60.4276885986,forearc,4.4,6.99767517174944
171793,2018-03-18T09:47:00,-69.572,-21.562,17.6,4.4,mw,,,4.2,,,,,,,,,,,,,,CSN-improved,62.4532241821,forearc,4.4,6.99767517174944
171912,2018-03-22T04:30:48,-69.006,-31.976,5,4.8,mw,,,,,,,,,,,,,,,,,ISC,,intraarc,4.4,6.99767517174944
171916,2018-03-22T04:30:51,-68.93,-32.003,24.73,4.4,mw,,,4.6,0.038,,,,,,,,,,,,,USGS,,unclassified,4.4,6.99767517174944
172191,2018-04-02T22:37:10,-71.735,-31.65,11,4.9,mw,,,,,,,,,,,,,,,,,ISC,27.7088794708,forearc,4.4,6.99767517174944
172219,2018-04-03T22:14:55,-67.927,-28.744,31,4.8,mw,,,,,,,,,,,,,,,,,ISC,,unclassified,4.4,6.99767517174944
172466,2018-04-11T10:31:30,-67.427,-30.312,38.43,5,mw,,,5.5,0.064,,,,,,,,,,,,,USGS,,unclassified,4.4,6.99767517174944
172504,2018-04-12T22:13:51,-67.235,-31.766,46.81,4.8,mw,,,9.4,0.24,,,,,,,,,,,,,USGS,,unclassified,4.4,6.99767517174944
172971,2018-04-28T03:21:12,-69.372,-25.563,6.6546,4.6,mw,,,,,,,,,,,,,,,,,CSN-improved,77.0457229614,forearc,4.4,6.99767517174944
172974,2018-04-28T03:32:39,-69.453,-25.534,11,4.4,mw,,,2.8,,,,,,,,,,,,,,CSN-improved,74.7537002563,forearc,4.4,6.99767517174944
172969,2018-04-28T03:32:40,-69.429,-25.563,10,4.8,mw,,,1.9,0.203,,,,,,,,,,,,,USGS,74.7537002563,forearc,4.4,6.99767517174944
173123,2018-05-03T10:52:48,-67.953,-26.357,26.2,4.7,mw,,,2.4,,,,,,,,,,,,,,CSN-improved,,intraarc,4.4,6.99767517174944
173122,2018-05-03T10:52:51,-67.983,-26.306,35.98,5.1,mw,,,7,0.042,,,,,,,,,,,,,USGS,,intraarc,4.4,6.99767517174944
173800,2018-05-23T23:21:14,-69.222,-33.359,10,4.6,mw,,,1.9,0.236,,,,,,,,,,,,,USGS,,intraarc,4.4,6.99767517174944
173941,2018-05-28T21:00:46,-66.92,-24.42,10,5.3,mw,,,,,,,,,,,,,,,,,ISC,,intraarc,4.4,6.99767517174944
174336,2018-06-11T03:49:08,-71.823,-32.522,2.7008,4.4,mw,,,,,,,,,,,,,,,,,CSN-improved,27.0367126465,forearc,4.4,6.99767517174944
174476,2018-06-16T11:35:25,-70.492,-33.993,10,5.3,mw,,,1.9,0.108,,,,,,,,,,,,,USGS,,intraarc,4.4,6.99767517174944
174635,2018-06-22T04:41:00,-70.717,-28.773,-1.0596,4.7,mw,,,,,,,,,,,,,,,,,CSN-improved,55.6673583984,forearc,4.4,6.99767517174944
174636,2018-06-22T04:41:02,-70.812,-28.732,10,4.4,mw,,,1.9,0.041,,,,,,,,,,,,,USGS,51.1426010132,forearc,4.4,6.99767517174944
174736,2018-06-26T02:05:16,-71.907,-32.094,7,4.9,mw,,,,,,,,,,,,,,,,,ISC,23.4872379303,forearc,4.4,6.99767517174944
174735,2018-06-26T04:32:08,-71.72,-30.376,7,5.2,mw,,,,,,,,,,,,,,,,,ISC,26.4696769714,forearc,4.4,6.99767517174944
174882,2018-07-01T03:02:49,-67.439,-32.384,45,4.8,mw,,,,,,,,,,,,,,,,,ISC,,unclassified,4.4,6.99767517174944
174934,2018-07-03T04:28:46,-73,-37.549,25,4.4,mw,,,3.3,,,,,,,,,,,,,,CSN-improved,39.6843261719,forearc,4.4,6.99767517174944
175000,2018-07-05T19:48:37,-71.07,-36.444,2.1,4.4,mw,,,2.8,,,,,,,,,,,,,,CSN-improved,,intraarc,4.4,6.99767517174944
175153,2018-07-11T07:22:40,-69.623,-19.912,15.5,4.4,mw,,,7.5,,,,,,,,,,,,,,CSN-improved,70.1575469971,forearc,4.4,6.99767517174944
175154,2018-07-11T07:22:41,-69.626,-19.903,10.3141,4.4,mw,,,,,,,,,,,,,,,,,CSN-improved,68.1709136963,forearc,4.4,6.99767517174944
175643,2018-07-30T02:43:34,-68.651,-34.49,11.14,4.4,mw,,,4.2,0.258,,,,,,,,,,,,,USGS,,unclassified,4.4,6.99767517174944
175674,2018-07-31T20:35:21,-68.467,-24.402,68.87,4.9,mw,,,4.8,0.093,,,,,,,,,,,,,USGS,,intraarc,4.4,6.99767517174944
176155,2018-08-20T06:40:56,-68.139,-33.493,37.87,5,mw,,,9.8,0.146,,,,,,,,,,,,,USGS,,unclassified,4.4,6.99767517174944
176729,2018-09-14T06:58:16,-68.921,-33.291,10,4.7,mw,,,1.9,0.265,,,,,,,,,,,,,USGS,,unclassified,4.4,6.99767517174944
176727,2018-09-14T18:15:09,-71.701,-32.487,14,4.8,mw,,,,,,,,,,,,,,,,,ISC,30.4482765198,forearc,4.4,6.99767517174944
176920,2018-09-23T12:30:02,-69.65,-19.758,12,4.4,mw,,,,,,,,,,,,,,,,,ISC,69.8473587036,forearc,4.4,6.99767517174944
177441,2018-10-15T16:21:00,-69.313,-27.802,12.5,4.6,mw,,,3.6,,,,,,,,,,,,,,CSN-improved,,intraarc,4.4,6.99767517174944
177440,2018-10-15T16:21:06,-69.639,-27.74,52.71,4.7,mw,,,13.1,0.376,,,,,,,,,,,,,USGS,,intraarc,4.4,6.99767517174944
177743,2018-10-26T01:59:02,-69.77,-33.356,19.5,4.6,mw,,,1.7,,,,,,,,,,,,,,CSN-improved,,intraarc,4.4,6.99767517174944
177969,2018-11-02T08:20:22,-67.589,-30.23,29,5.2,mw,,,,,99,49,47,334,57,128,3.06e+16,-2.29e+16,-7.69e+15,7.57e+15,1.87e+16,2.41e+16,ISC,,unclassified,4.4,6.99767517174944
178311,2018-11-08T11:57:32,-70.518,-18.62,39.3,4.4,mw,,,2.3,,,,,,,,,,,,,,CSN-improved,55.7915344238,forearc,4.4,6.99767517174944
178566,2018-11-12T19:54:10,-69.926,-21.308,27,4.4,mw,,,,,,,,,,,,,,,,,CSN-improved,46.4096374512,forearc,4.4,6.99767517174944
180214,2018-12-12T00:31:03,-74.323,-50.63,37.6,5.1,mw,,,18.4,,,,,,,,,,,,,,CSN-improved,,unclassified,4.4,6.99767517174944
180379,2018-12-15T11:08:26,-69.735,-17.617,10,4.6,mw,,,1.9,0.175,,,,,,,,,,,,,USGS,108.013618469,forearc,4.4,6.99767517174944
180564,2018-12-18T21:29:44,-68.411,-33.857,12,4.7,mw,,,,,,,,,,,,,,,,,ISC,,unclassified,4.4,6.99767517174944
181776,2019-01-07T15:17:27,-67.733,-31.545,10,4.8,mw,,,1.9,0.31,,,,,,,,,,,,,USGS,,unclassified,4.4,6.99767517174944
181845,2019-01-08T22:32:56,-69.788,-20.59,24.4,4.6,mw,,,4.8,,,,,,,,,,,,,,CSN-improved,56.020149231,forearc,4.4,6.99767517174944
182424,2019-01-17T10:14:55,-71.846,-32.229,10,4.7,mw,,,2,0.375,,,,,,,,,,,,,USGS,25.2018260956,forearc,4.4,6.99767517174944
182468,2019-01-18T20:33:12,-68.78,-21.06,60,4.7,mw,,,,,,,,,,,,,,,,,ISC,,intraarc,4.4,6.99767517174944
182863,2019-01-22T11:37:48,-72.006,-32.105,5,4.7,mw,,,,,,,,,,,,,,,,,ISC,20.6389331818,forearc,4.4,6.99767517174944
182951,2019-01-23T06:53:06,-71.04,-18.626,10.42,4.5,mw,,,8.3,0.213,,,,,,,,,,,,,USGS,34.0066871643,forearc,4.4,6.99767517174944
183662,2019-02-03T02:56:40,-71.769,-31.42,10,5.3,mw,,,,,,,,,,,,,,,,,ISC,27.224029541,forearc,4.4,6.99767517174944
183798,2019-02-05T06:04:29,-71.063,-17.072,19.6,4.4,mw,,,3.5,,,,,,,,,,,,,,CSN-improved,91.1773834229,forearc,4.4,6.99767517174944
184096,2019-02-09T02:37:42,-71.223,-52.897,10,4.8,mw,,,1.8,0.18,,,,,,,,,,,,,USGS,,unclassified,4.4,6.99767517174944
186034,2019-03-27T20:27:29,-70.37,-36.613,15,4.5,mw,,,7.2,,,,,,,,,,,,,,CSN-improved,,intraarc,4.4,6.99767517174944
186032,2019-03-27T20:27:31,-70.54,-36.612,10,4.8,mw,,,2,0.219,,,,,,,,,,,,,USGS,,intraarc,4.4,6.99767517174944
186158,2019-04-01T08:48:01,-67.169,-33.06,4,4.6,mw,,,,,,,,,,,,,,,,,ISC,,unclassified,4.4,6.99767517174944
186198,2019-04-02T13:17:38,-72.223,-51.273,7,5,mw,,,11.3,,,,,,,,,,,,,,CSN-improved,,unclassified,4.4,6.99767517174944
186307,2019-04-05T16:58:45,-71.008,-18.41,24.7,4.8,mw,,,5.6,,,,,,,,,,,,,,CSN-improved,41.6784477234,forearc,4.4,6.99767517174944
186420,2019-04-09T02:21:03,-71.337,-32.337,7,4.6,mw,,,,,,,,,,,,,,,,,ISC,44.427936554,forearc,4.4,6.99767517174944
186971,2019-04-27T12:39:56,-68.417,-30.728,13.1,4.5,mw,,,6.9,,,,,,,,,,,,,,CSN-improved,,unclassified,4.4,6.99767517174944
187497,2019-05-16T01:34:10,-71.971,-34.46,17,4.6,mw,,,,,,,,,,,,,,,,,ISC,34.9879341125,forearc,4.4,6.99767517174944
187919,2019-05-31T12:22:20,-75.498,-47.527,3,4.5,mw,,,,,,,,,,,,,,,,,ISC,,unclassified,4.4,6.99767517174944
188036,2019-06-04T12:13:08,-71.828,-30.339,6.5,4.4,mw,,,2,,,,,,,,,,,,,,CSN-improved,21.3840045929,forearc,4.4,6.99767517174944
188719,2019-06-27T02:34:23,-69.799,-32.792,10,4.5,mw,,,,,,,,,,,,,,,,,ISC,,intraarc,4.4,6.99767517174944
188934,2019-07-06T03:58:18,-66.725,-27.468,34.13,5.2,mw,,,7.5,0.248,,,,,,,,,,,,,USGS,,unclassified,4.4,6.99767517174944
188935,2019-07-06T08:54:08,-71.527,-30.296,16,4.4,mw,,,,,,,,,,,,,,,,,ISC,31.857219696,forearc,4.4,6.99767517174944
189659,2019-08-01T20:01:33,-72.08,-34.35,14.7,5.9,mw,0.03,0.03,2,,358,13,87,181,77,91,1.4289e+17,2.493e+16,-1.6782e+17,3.68e+15,-2.3598e+17,-4.582e+16,GCMT,28.7448730469,forearc,4.4,6.99767517174944
190519,2019-08-28T08:24:23,-68.259,-31.342,22.78,4.9,mw,,,7.1,0.156,,,,,,,,,,,,,USGS,,unclassified,4.4,6.99767517174944
191194,2019-09-21T18:48:16,-67.779,-30.335,60.1,5,mw,,,4.7,0.157,,,,,,,,,,,,,USGS,,unclassified,4.4,6.99767517174944
191410,2019-09-29T20:11:57,-72.948,-35.503,4,5.4,mw,,,,,3.74,31.22,-127.54,225.68,65.73,-69.73,-2.5149e+16,923000000000000,2.4227e+16,1.9287e+16,1.2727e+16,1.4451e+16,ISC,23.4461135864,forearc,4.4,6.99767517174944
191411,2019-09-29T20:12:00,-72.894,-35.542,23.9302,5,mw,,,,,3.74,31.22,-127.54,225.68,65.73,-69.73,-2.5149e+16,923000000000000,2.4227e+16,1.9287e+16,1.2727e+16,1.4451e+16,CSN-improved,25.3206348419,forearc,4.4,6.99767517174944
191529,2019-10-01T09:46:41,-68.047,-32.016,10,5,mw,,,1.8,0.192,,,,,,,,,,,,,USGS,,unclassified,4.4,6.99767517174944
192112,2019-10-23T18:43:49,-71.687,-31.474,11.0641,4.8,mw,,,,,,,,,,,,,,,,,CSN-improved,29.1765441895,forearc,4.4,6.99767517174944
192246,2019-10-28T03:55:08,-69,-30.244,29,5.2,mw,,,,,47.77,41.25,150.3,160.98,70.93,52.7,2.2862e+16,1.4639e+16,-3.7501e+16,1.7319e+16,-2.4622e+16,-1.3848e+16,ISC,,intraarc,4.4,6.99767517174944
192248,2019-10-28T03:55:11,-69.158,-30.234,28.2,4.9,mw,,,4,,47.77,41.25,150.3,160.98,70.93,52.7,2.2862e+16,1.4639e+16,-3.7501e+16,1.7319e+16,-2.4622e+16,-1.3848e+16,CSN-improved,,intraarc,4.4,6.99767517174944
192247,2019-10-28T03:55:14,-68.97,-30.25,39,5.1,mw,0.02,0.01,1.5,,59,39,145,178,69,57,2.2862e+16,1.4639e+16,-3.7501e+16,1.7319e+16,-2.4622e+16,-1.3848e+16,GCMT,,intraarc,4.4,6.99767517174944
192280,2019-10-29T08:15:41,-70.578,-23.15,8,4.9,mw,,,,,,,,,,,,,,,,,ISC,25.3801364899,forearc,4.4,6.99767517174944
193317,2019-12-05T03:30:03,-71.834,-32.089,5,4.6,mw,,,,,,,,,,,,,,,,,ISC,25.0302066803,forearc,4.4,6.99767517174944
193803,2019-12-21T20:34:49,-67.338,-56.97,10,5.6,mw,,,1.7,0.066,323,34,85,149,57,93,3.84e+16,-1.56e+16,-2.28e+16,6.19e+15,-1.33e+16,9.77e+15,USGS,,unclassified,4.4,6.99767517174944
194519,2020-01-15T14:39:32,-68.77,-32.987,-0.7954,5,mw,,,,,,,,,,,,,,,,,CSN-improved,,unclassified,4.4,6.99767517174944
195349,2020-02-13T05:50:43,-70.83,-20.92,15.4,5.2,mw,0.03,0.02,0.9,,45,7,158,156,87,84,1.723e+15,3.177e+15,-4.901e+15,1.5755e+16,-3.478e+16,-2.628e+15,GCMT,17.5301055908,forearc,4.4,6.99767517174944
195479,2020-02-18T06:16:55,-73.198,-35.665,0.5017,4.5,mw,,,,,,,,,,,,,,,,,CSN-improved,20.2349033356,forearc,4.4,6.99767517174944
195482,2020-02-18T11:52:57,-73.154,-35.684,3.7732,4.4,mw,,,,,,,,,,,,,,,,,CSN-improved,21.88463974,forearc,4.4,6.99767517174944
195690,2020-02-25T08:53:53,-72.234,-51.015,18.1,4.6,mw,,,5.4,0.264,,,,,,,,,,,,,USGS,,unclassified,4.4,6.99767517174944
196355,2020-03-21T09:34:26,-68.947,-29.132,17.8,4.5,mw,,,5,,,,,,,,,,,,,,CSN-improved,,intraarc,4.4,6.99767517174944
196583,2020-03-28T16:42:06,-73.488,-35.834,1.2994,4.6,mw,,,,,,,,,,,,,,,,,CSN-improved,16.8051834106,forearc,4.4,6.99767517174944
196658,2020-03-30T10:01:09,-69.468,-21.419,26.8,4.8,mw,,,3,,,,,,,,,,,,,,CSN-improved,66.8471679688,forearc,4.4,6.99767517174944
196747,2020-04-02T10:21:40,-70.67,-18.545,35,4.7,mw,,,2,0.308,,,,,,,,,,,,,USGS,51.0893478394,forearc,4.4,6.99767517174944
196748,2020-04-02T10:21:42,-70.461,-18.522,38.1,4.4,mw,,,2.5,,,,,,,,,,,,,,CSN-improved,60.3034210205,forearc,4.4,6.99767517174944
196884,2020-04-07T08:01:06,-68.131,-31.781,8.7,4.8,mw,,,4.7,0.203,,,,,,,,,,,,,USGS,,unclassified,4.4,6.99767517174944
197002,2020-04-12T05:03:07,-70.105,-19.257,34.5,4.4,mw,,,2.1,,,,,,,,,,,,,,CSN-improved,58.5510826111,forearc,4.4,6.99767517174944
197061,2020-04-14T12:04:31,-69.353,-25.813,25,5.1,mw,,,6,,,,,,,,,,,,,,CSN-improved,78.4355697632,forearc,4.4,6.99767517174944
197063,2020-04-14T12:04:33,-69.49,-25.8,17.5,4.9,mw,0.02,0.03,1.1,,10,28,94,186,62,88,,,,,,,GCMT,75.0140380859,forearc,4.4,6.99767517174944
197106,2020-04-16T15:13:10,-73.65,-38.06,22,5.1,mw,0.02,0.01,0.6,,219,46,-72,15,47,-107,-4.7925e+16,1.1476e+16,3.6448e+16,5.753e+15,-3.566e+15,2.1159e+16,GCMT,25.2815170288,forearc,4.4,6.99767517174944
197272,2020-04-22T15:51:26,-71.681,-30.349,8,4.4,mw,,,,,,,,,,,,,,,,,ISC,26.2960624695,forearc,4.4,6.99767517174944
197314,2020-04-24T21:29:45,-68.161,-31.025,10,4.8,mw,,,1.8,0.378,,,,,,,,,,,,,USGS,,unclassified,4.4,6.99767517174944
197337,2020-04-25T05:54:04,-71.02,-27.96,15,5.3,mw,0.03,0.02,0,,318,10,29,199,85,99,6.1e+15,2.6e+16,-3.21e+16,-2.88e+16,-9.52e+16,-3e+15,GCMT,31.5492572784,forearc,4.4,6.99767517174944
197684,2020-05-06T14:40:04,-71.49,-28.644,7,4.4,mw,,,,,,,,,,,,,,,,,ISC,22.1770648956,forearc,4.4,6.99767517174944
198053,2020-05-20T10:42:09,-66.88,-26.15,18.3,4.9,mw,0.02,0.01,1,,42,74,176,133,86,16,,,,,,,GCMT,,unclassified,4.4,6.99767517174944
198123,2020-05-22T04:52:51,-67.37,-31.38,10,4.9,mw,,,1.8,0.132,,,,,,,,,,,,,USGS,,unclassified,4.4,6.99767517174944
198394,2020-05-31T10:22:02,-70.961,-17.2,15,4.4,mw,,,3.7,,,,,,,,,,,,,,CSN-improved,87.5000991821,forearc,4.4,6.99767517174944
198605,2020-06-08T16:46:08,-71.449,-37.575,1.3221,4.4,mw,,,,,,,,,,,,,,,,,CSN-improved,,intraarc,4.4,6.99767517174944
198998,2020-06-23T05:26:47,-72.143,-50.944,10,4.8,mw,,,1.5,0.117,,,,,,,,,,,,,USGS,,unclassified,4.4,6.99767517174944
199185,2020-06-30T21:14:32,-69.356,-25.558,3.1,4.5,mw,,,4.6,,,,,,,,,,,,,,CSN-improved,77.0457229614,forearc,4.4,6.99767517174944
199179,2020-06-30T21:21:46,-69.303,-25.491,3,5,mw,,,,,,,,,,,,,,,,,ISC,77.8339538574,forearc,4.4,6.99767517174944
199181,2020-06-30T21:21:47,-69.351,-25.579,32.2,4.7,mw,,,2.8,,,,,,,,,,,,,,CSN-improved,77.3201370239,forearc,4.4,6.99767517174944
199418,2020-07-08T23:30:11,-69.915,-17.298,15,4.5,mw,,,10.4,,,,,,,,,,,,,,CSN-improved,112.951530457,forearc,4.4,6.99767517174944
199553,2020-07-13T04:20:13,-70.926,-17.374,56,4.5,mw,,,,,,,,,,,,,,,,,ISC,81.130821228,forearc,4.4,6.99767517174944
199865,2020-07-25T16:31:12,-69.928,-17.335,6.5,4.8,mw,,,6,,13,32,-30,129,74,-119,-2.01e+16,-3.47e+15,2.35e+16,-3.29e+16,5.02e+15,530000000000000,CSN-improved,109.614303589,forearc,4.4,6.99767517174944
199864,2020-07-25T16:31:21,-69.82,-17.44,16.6,5,mw,0.02,0.03,1.1,,13,32,-30,129,74,-119,-2.01e+16,-3.47e+15,2.35e+16,-3.29e+16,5.02e+15,530000000000000,GCMT,111.034828186,forearc,4.4,6.99767517174944
199866,2020-07-25T19:11:37,-69.892,-17.507,10,4.5,mw,,,1.8,0.302,,,,,,,,,,,,,USGS,106.213394165,forearc,4.4,6.99767517174944
199912,2020-07-26T10:03:58,-69.866,-17.314,15,4.4,mw,,,0,,,,,,,,,,,,,,CSN-improved,114.553527832,forearc,4.4,6.99767517174944
199910,2020-07-26T10:07:12,-69.867,-17.323,14.1,4.6,mw,,,9.9,,,,,,,,,,,,,,CSN-improved,114.553527832,forearc,4.4,6.99767517174944
199913,2020-07-26T11:06:22,-69.88,-17.28,10,4.4,mw,,,14.6,,,,,,,,,,,,,,CSN-improved,112.951530457,forearc,4.4,6.99767517174944
199904,2020-07-26T11:28:46,-69.856,-17.299,13.4,4.8,mw,,,27.1,,21,46,-37,138,64,-130,-2.76e+16,-4.35e+15,3.19e+16,-4.18e+16,1.04e+15,-1.22e+15,CSN-improved,114.553527832,forearc,4.4,6.99767517174944
199902,2020-07-26T11:28:51,-69.92,-17.67,17.4,5,mw,0.01,0.02,1,,21,46,-37,138,64,-130,-2.76e+16,-4.35e+15,3.19e+16,-4.18e+16,1.04e+15,-1.22e+15,GCMT,101.696205139,forearc,4.4,6.99767517174944
199909,2020-07-26T13:56:22,-69.326,-25.767,15,4.7,mw,,,9.1,,,,,,,,,,,,,,CSN-improved,78.1529388428,forearc,4.4,6.99767517174944
199901,2020-07-26T13:56:27,-69.584,-25.752,35,5,mw,,,1.9,0.103,,,,,,,,,,,,,USGS,72.0754394531,forearc,4.4,6.99767517174944
200331,2020-08-10T18:56:11,-68.465,-33.939,10.9,4.7,mw,,,5.1,0.306,,,,,,,,,,,,,USGS,,unclassified,4.4,6.99767517174944
200460,2020-08-15T11:11:57,-70.072,-33.199,10,4.8,mw,,,2.8,,,,,,,,,,,,,,CSN-improved,,intraarc,4.4,6.99767517174944
200458,2020-08-15T11:12:00,-70.14,-33.2,12,4.9,mw,0.02,0.01,0,,234,72,-172,141,82,-18,,,,,,,GCMT,,intraarc,4.4,6.99767517174944
200540,2020-08-17T03:28:14,-70.101,-33.226,10,4.5,mw,,,1.9,0.234,,,,,,,,,,,,,USGS,,intraarc,4.4,6.99767517174944
200758,2020-08-25T22:44:30,-69.482,-26.168,15.8,4.9,mw,,,4.4,,,,,,,,,,,,,,CSN-improved,77.276260376,forearc,4.4,6.99767517174944
200757,2020-08-25T22:44:31,-69.527,-26.22,10,5.2,mw,,,1.5,0.079,,,,,,,,,,,,,USGS,76.4009094238,forearc,4.4,6.99767517174944
200877,2020-08-29T01:10:28,-68.256,-32.727,16.35,4.8,mw,,,4.8,0.178,,,,,,,,,,,,,USGS,,unclassified,4.4,6.99767517174944
200946,2020-09-01T05:04:21,-70.923,-27.463,0,5,mw,,,,,,,,,,,,,,,,,ISC,30.8810195923,forearc,4.4,6.99767517174944
201328,2020-09-06T19:58:59,-68.2,-30.925,10,4.8,mw,,,1.9,0.17,,,,,,,,,,,,,USGS,,unclassified,4.4,6.99767517174944
202605,2020-10-16T18:06:06,-72.057,-56.186,10,4.9,mw,,,1.9,0.14,,,,,,,,,,,,,USGS,,unclassified,4.4,6.99767517174944
202609,2020-10-16T23:36:55,-71.078,-26.709,2,4.4,mw,,,,,,,,,,,,,,,,,ISC,19.8732089996,forearc,4.4,6.99767517174944
202704,2020-10-19T21:59:05,-70.611,-31.734,10,4.5,mw,,,1.9,0.234,,,,,,,,,,,,,USGS,78.9516067505,forearc,4.4,6.99767517174944
202767,2020-10-21T01:01:46,-69.983,-19.513,8.6,4.5,mw,,,2.8,,,,,,,,,,,,,,CSN-improved,58.7363739014,forearc,4.4,6.99767517174944
203597,2020-11-18T05:31:38,-71.133,-29.839,28.8,4.4,mw,,,5,,,,,,,,,,,,,,CSN-improved,47.2980232239,forearc,4.4,6.99767517174944
203769,2020-11-23T09:54:25,-67.922,-56.831,10,4.7,mw,,,0,,,,,,,,,,,,,,CSN-improved,,unclassified,4.4,6.99767517174944
204232,2020-12-09T04:15:38,-71.747,-31.992,11,4.6,mw,,,,,,,,,,,,,,,,,ISC,28.2420578003,forearc,4.4,6.99767517174944
204309,2020-12-12T07:13:07,-71.828,-32.243,5,4.9,mw,,,,,,,,,,,,,,,,,ISC,25.2018260956,forearc,4.4,6.99767517174944
204420,2020-12-16T11:52:15,-73.525,-38.326,9.3,4.5,mw,,,7.3,,,,,,,,,,,,,,CSN-improved,29.0801696777,forearc,4.4,6.99767517174944
205471,2021-01-19T02:46:00,-68.86,-31.85,26,6.5,mw,,,,,223,61,164,321,76,30,5.964e+17,4.5685e+18,-5.1649e+18,-2.2109e+18,2.2255e+18,-5.427e+17,GCMT,,unclassified,4.4,6.99767517174944
205472,2021-01-19T02:46:22,-69.031,-31.833,5.3,6.3,mw,,,3.7,,226.96,57.09,174.66,319.87,85.52,33.02,5.964e+17,4.5685e+18,-5.1649e+18,-2.2109e+18,2.2255e+18,-5.427e+17,CSN-improved,,intraarc,4.4,6.99767517174944
205476,2021-01-19T03:37:47,-68.955,-31.796,5.8,5,mw,,,5.4,,,,,,,,,,,,,,CSN-improved,,intraarc,4.4,6.99767517174944
205518,2021-01-20T04:07:48,-68.997,-31.858,10,4.8,mw,,,1.9,0.219,,,,,,,,,,,,,USGS,,intraarc,4.4,6.99767517174944
205571,2021-01-23T22:37:49,-68.991,-32.907,10,4.7,mw,,,1.9,0.189,,,,,,,,,,,,,USGS,,unclassified,4.4,6.99767517174944
205661,2021-01-26T13:50:06,-70.932,-25.879,6,5.2,mw,,,,,,,,,,,,,,,,,ISC,22.5013961792,forearc,4.4,6.99767517174944
205772,2021-01-31T23:20:49,-68.979,-31.802,8.8,4.9,mw,,,4.1,,,,,,,,,,,,,,CSN-improved,,intraarc,4.4,6.99767517174944
205986,2021-02-08T23:10:30,-66.87,-54.814,10,4.6,mw,,,1.9,0.146,,,,,,,,,,,,,USGS,,unclassified,4.4,6.99767517174944
206080,2021-02-11T14:01:00,-71.96,-39.87,21,5,mw,,,,,78,82,-7,169,83,-172,-3.56e+15,-1.39e+16,1.74e+16,-5.37e+15,4.03e+15,3.64e+16,GCMT,,intraarc,4.4,6.99767517174944
206081,2021-02-11T14:01:29,-71.947,-39.796,4.6,4.8,mw,,,2.6,,78,82,-7,169,83,-172,-3.56e+15,-1.39e+16,1.74e+16,-5.37e+15,4.03e+15,3.64e+16,CSN-improved,,intraarc,4.4,6.99767517174944
206083,2021-02-11T14:51:45,-71.935,-39.8,4.8,4.5,mw,,,3.8,,,,,,,,,,,,,,CSN-improved,,intraarc,4.4,6.99767517174944
206201,2021-02-15T13:44:19,-69.823,-17.583,10,4.8,mw,,,1.9,0.268,,,,,,,,,,,,,USGS,106.367225647,forearc,4.4,6.99767517174944
206252,2021-02-17T03:25:29,-70.826,-25.049,6,4.8,mw,,,,,,,,,,,,,,,,,ISC,25.4149494171,forearc,4.4,6.99767517174944
206563,2021-03-01T01:34:44,-72.936,-45.891,7.6,4.7,mw,,,1.3,,,,,,,,,,,,,,CSN-improved,,intraarc,4.4,6.99767517174944
206687,2021-03-07T06:49:32,-69.807,-17.425,6.4,4.6,mw,,,9.3,,,,,,,,,,,,,,CSN-improved,111.034828186,forearc,4.4,6.99767517174944
206686,2021-03-07T06:49:35,-69.844,-17.559,10,4.9,mw,,,1.4,0.094,,,,,,,,,,,,,USGS,106.253494263,forearc,4.4,6.99767517174944
206860,2021-03-14T04:45:51,-69.8,-17.239,7.8,4.4,mw,,,5.2,,,,,,,,,,,,,,CSN-improved,118.027229309,forearc,4.4,6.99767517174944
206889,2021-03-15T07:02:44,-69.883,-17.461,10,4.6,mw,,,1.9,0.121,,,,,,,,,,,,,USGS,107.815559387,forearc,4.4,6.99767517174944
206919,2021-03-16T19:52:54,-69.77,-17.326,0,4.5,mw,,,,,,,,,,,,,,,,,ISC,116.077293396,forearc,4.4,6.99767517174944
207737,2021-04-19T00:27:33,-70.549,-17.762,27.78,4.6,mw,,,3.4,0.062,,,,,,,,,,,,,USGS,78.5607223511,forearc,4.4,6.99767517174944
207733,2021-04-19T00:27:34,-70.677,-17.738,24.4,5,mw,,,5,,,,,,,,,,,,,,CSN-improved,73.6081542969,forearc,4.4,6.99767517174944
207963,2021-04-25T12:56:20,-69.911,-17.39,10,4.7,mw,,,1.9,0.188,,,,,,,,,,,,,USGS,109.470687866,forearc,4.4,6.99767517174944
208067,2021-04-29T02:49:00,-69.9,-17.24,20,4.9,mw,,,,,206,74,-8,298,83,-164,,,,,,,GCMT,114.783149719,forearc,4.4,6.99767517174944
208095,2021-04-30T09:09:37,-69.941,-17.261,10,4.5,mw,,,2,0.158,,,,,,,,,,,,,USGS,113.211837769,forearc,4.4,6.99767517174944
208094,2021-04-30T10:02:36,-69.748,-17.35,10,4.7,mw,,,1.9,0.126,,,,,,,,,,,,,USGS,116.077293396,forearc,4.4,6.99767517174944
208096,2021-04-30T10:08:13,-69.942,-17.42,10,4.5,mw,,,1.9,0.185,,,,,,,,,,,,,USGS,107.904602051,forearc,4.4,6.99767517174944
208218,2021-05-04T13:15:44,-67.617,-26.774,12,4.4,mw,,,,,,,,,,,,,,,,,ISC,,intraarc,4.4,6.99767517174944
208213,2021-05-04T13:15:46,-67.602,-26.771,10,4.9,mw,,,1.9,0.313,,,,,,,,,,,,,USGS,,intraarc,4.4,6.99767517174944
208376,2021-05-10T07:34:52,-69.8,-17.34,10,4.6,mw,,,1.8,0.186,,,,,,,,,,,,,USGS,114.412490845,forearc,4.4,6.99767517174944
208377,2021-05-10T17:04:32,-69.965,-17.341,9.1,4.4,mw,,,,,,,,,,,,,,,,,CSN-improved,109.614303589,forearc,4.4,6.99767517174944
208432,2021-05-12T00:27:35,-69.902,-17.333,7,4.4,mw,,,,,,,,,,,,,,,,,CSN-improved,111.181694031,forearc,4.4,6.99767517174944
208433,2021-05-12T00:27:36,-69.875,-17.335,4,4.4,mw,,,8.3,,,,,,,,,,,,,,CSN-improved,111.181694031,forearc,4.4,6.99767517174944
208430,2021-05-12T00:27:40,-69.853,-17.477,10,4.8,mw,,,1.8,0.135,,,,,,,,,,,,,USGS,107.80632019,forearc,4.4,6.99767517174944
208429,2021-05-12T07:53:00,-70.02,-17.24,21,5.4,mw,,,,,5,65,-22,105,70,-153,-5.991e+16,1.314e+16,4.678e+16,3.069e+16,1.6094e+17,-6.385e+16,GCMT,111.673599243,forearc,4.4,6.99767517174944
208470,2021-05-14T20:29:53,-69.854,-17.462,10,4.6,mw,,,1.4,0.159,,,,,,,,,,,,,USGS,109.409988403,forearc,4.4,6.99767517174944
208520,2021-05-16T13:28:21,-69.873,-17.518,10,4.6,mw,,,1.8,0.176,,,,,,,,,,,,,USGS,107.80632019,forearc,4.4,6.99767517174944
208599,2021-05-18T03:54:35,-69.996,-17.351,10,4.5,mw,,,2,0.301,,,,,,,,,,,,,USGS,108.077545166,forearc,4.4,6.99767517174944
208634,2021-05-19T02:13:53,-70.048,-17.214,20.3,4.5,mw,,,4.3,,,,,,,,,,,,,,CSN-improved,112.059532166,forearc,4.4,6.99767517174944
208630,2021-05-19T02:13:55,-69.825,-17.41,10,4.8,mw,,,1.8,0.148,,,,,,,,,,,,,USGS,112.695343018,forearc,4.4,6.99767517174944
208692,2021-05-22T07:42:00,-69.8,-17.51,20,5.1,mw,,,,,118,58,-145,8,61,-38,,,,,,,GCMT,109.428329468,forearc,4.4,6.99767517174944
208694,2021-05-22T07:42:21,-69.761,-17.391,10,4.8,mw,,,,,,,,,,,,,,,,,ISC,114.355857849,forearc,4.4,6.99767517174944
208697,2021-05-22T22:09:05,-69.817,-17.555,10,4.6,mw,,,2,0.159,,,,,,,,,,,,,USGS,107.873306274,forearc,4.4,6.99767517174944
208882,2021-05-29T09:04:15,-69.807,-17.355,10,4.8,mw,,,0,,,,,,,,,,,,,,CSN-improved,114.412490845,forearc,4.4,6.99767517174944
208931,2021-05-31T11:15:53,-69.918,-17.49,10,4.7,mw,,,,,,,,,,,,,,,,,ISC,106.213394165,forearc,4.4,6.99767517174944
208930,2021-05-31T11:15:54,-69.918,-17.444,17.03,4.9,mw,,,3.6,0.074,,,,,,,,,,,,,USGS,107.815559387,forearc,4.4,6.99767517174944
208958,2021-06-01T02:48:44,-67.937,-30.486,19.1,5,mw,,,4.7,,,,,,,,,,,,,,CSN-improved,,unclassified,4.4,6.99767517174944
209229,2021-06-11T17:04:41,-66.713,-29.123,26.42,5,mw,,,4.9,0.096,,,,,,,,,,,,,USGS,,unclassified,4.4,6.99767517174944
209368,2021-06-17T07:20:45,-67.559,-22.149,106,4.7,mw,,,,,,,,,,,,,,,,,ISC,,intraarc,4.4,6.99767517174944
209370,2021-06-17T08:49:38,-72.405,-40.072,15.6,4.4,mw,,,7,,,,,,,,,,,,,,CSN-improved,89.4666061401,forearc,4.4,6.99767517174944
209395,2021-06-18T03:51:08,-69.666,-21.52,16,4.4,mw,,,,,,,,,,,,,,,,,ISC,58.4977760315,forearc,4.4,6.99767517174944
209393,2021-06-18T03:51:08,-69.685,-21.524,13.01,4.7,mw,,,4.1,0.202,,,,,,,,,,,,,USGS,56.4117889404,forearc,4.4,6.99767517174944
209527,2021-06-23T23:19:48,-69.15,-32.873,10,4.6,mw,,,1.9,0.263,,,,,,,,,,,,,USGS,,intraarc,4.4,6.99767517174944
209526,2021-06-23T23:20:38,-69.112,-32.887,19.03,4.7,mw,,,4,0.033,,,,,,,,,,,,,USGS,,unclassified,4.4,6.99767517174944
209616,2021-06-26T03:56:19,-68.491,-30.646,8,4.4,mw,,,,,,,,,,,,,,,,,ISC,,unclassified,4.4,6.99767517174944
209680,2021-06-28T03:33:48,-69.77,-17.595,10,4.9,mw,,,1.9,0.091,,,,,,,,,,,,,USGS,108.013618469,forearc,4.4,6.99767517174944
210244,2021-07-11T19:53:37,-70.453,-17.613,5.1,4.4,mw,,,3.3,,,,,,,,,,,,,,CSN-improved,86.6034164429,forearc,4.4,6.99767517174944
210927,2021-08-04T00:27:09,-71.807,-30.037,4,4.8,mw,,,,,,,,,,,,,,,,,ISC,21.9423027039,forearc,4.4,6.99767517174944
210925,2021-08-04T17:51:36,-70.438,-17.039,20.33,5,mw,,,6.7,0.192,,,,,,,,,,,,,USGS,107.123031616,forearc,4.4,6.99767517174944
210994,2021-08-06T04:18:47,-70.999,-27.142,10,4.7,mw,,,1.9,0.218,,,,,,,,,,,,,USGS,25.1765727997,forearc,4.4,6.99767517174944
211495,2021-08-22T13:45:16,-67.165,-32.902,10,4.6,mw,,,1.9,0.187,,,,,,,,,,,,,USGS,,unclassified,4.4,6.99767517174944
211494,2021-08-22T20:19:58,-68.801,-18.677,26,5.4,mw,,,,,,,,,,,,,,,,,ISC,,intraarc,4.4,6.99767517174944
212915,2021-09-29T07:53:57,-68.199,-33.213,19,5.3,mw,,,,,200,27,106,2,64,82,3.06e+16,-1.45e+15,-2.91e+16,-1.84e+15,2.36e+16,-5.56e+15,ISC,,unclassified,4.4,6.99767517174944
212952,2021-09-30T20:19:56,-70.24,-19.33,23.1,4.8,mw,,,5.3,,,,,,,,,,,,,,CSN-improved,50.6331329346,forearc,4.4,6.99767517174944
212998,2021-10-01T17:54:25,-71.661,-44.232,20,5.6,mw,,,,,,,,,,,,,,,,,CSN-improved,,intraarc,4.4,6.99767517174944
213233,2021-10-07T03:23:08,-71.111,-27.465,5,4.7,mw,,,,,,,,,,,,,,,,,ISC,23.8316364288,forearc,4.4,6.99767517174944
213278,2021-10-08T18:06:14,-69.131,-56.573,10,4.8,mw,,,1.8,0.139,,,,,,,,,,,,,USGS,,unclassified,4.4,6.99767517174944
213339,2021-10-09T20:37:00,-67.305,-27.317,5,4.4,mw,,,,,,,,,,,,,,,,,ISC,,unclassified,4.4,6.99767517174944
213495,2021-10-13T07:55:00,-72.33,-50.4,12,5.5,mw,,,,,48,53,140,165,59,44,1.2e+17,6.35e+16,-1.83e+17,6.31e+16,-3.59e+16,-7.68e+16,GCMT,,unclassified,4.4,6.99767517174944
213583,2021-10-15T05:41:40,-71.921,-31.709,8.4,4.4,mw,,,3,,,,,,,,,,,,,,CSN-improved,22.8462810516,forearc,4.4,6.99767517174944
213581,2021-10-15T10:57:36,-71.084,-27.689,1,4.5,mw,,,,,,,,,,,,,,,,,CSN-improved,25.6448707581,forearc,4.4,6.99767517174944
213648,2021-10-16T18:45:00,-72.042,-31.653,1,4.8,mw,,,,,,,,,,,,,,,,,ISC,18.6093788147,forearc,4.4,6.99767517174944
213726,2021-10-17T16:14:20,-73.944,-50.48,10,4.6,mw,,,0,,,,,,,,,,,,,,CSN-improved,,unclassified,4.4,6.99767517174944
213934,2021-10-22T11:06:09,-69.265,-17.92,3.38,5,mw,,,5.6,0.086,,,,,,,,,,,,,USGS,,intraarc,4.4,6.99767517174944
214007,2021-10-23T01:45:27,-72.733,-37.01,19.4,4.8,mw,,,6.2,,,,,,,,,,,,,,CSN-improved,45.3673858643,forearc,4.4,6.99767517174944
214770,2021-11-08T12:35:55,-69.008,-26.583,15,5,mw,,,,,,,,,,,,,,,,,CSN-improved,,intraarc,4.4,6.99767517174944
215434,2021-11-22T15:58:23,-68.775,-29.936,10,4.8,mw,,,1.8,0.13,,,,,,,,,,,,,USGS,,intraarc,4.4,6.99767517174944
215768,2021-12-01T04:39:00,-73.66,-38.02,22,5.2,mw,,,,,152,24,-107,350,67,-83,-5.0784e+16,9.291e+15,4.1493e+16,-1.2098e+16,-3.4276e+16,-9.646e+15,GCMT,25.0667304993,forearc,4.4,6.99767517174944
216336,2021-12-14T12:42:17,-71.433,-29.558,15,4.4,mw,,,,,,,,,,,,,,,,,ISC,31.8427753448,forearc,4.4,6.99767517174944
216998,2022-01-01T12:17:52,-71.979,-32.033,5,4.4,mw,,,,,,,,,,,,,,,,,ISC,20.5709953308,forearc,4.4,6.99767517174944
217020,2022-01-02T09:17:53,-67.539,-30.295,15,4.7,mw,,,,,,,,,,,,,,,,,ISC,,unclassified,4.4,6.99767517174944
217203,2022-01-07T06:04:45,-69.755,-17.499,10,4.8,mw,,,,,,,,,,,,,,,,,ISC,111.080856323,forearc,4.4,6.99767517174944
217201,2022-01-07T06:04:47,-69.686,-17.528,10.31,5.1,mw,,,5.2,0.102,,,,,,,,,,,,,USGS,111.202476501,forearc,4.4,6.99767517174944
217229,2022-01-08T02:13:16,-69.726,-17.429,23.51,4.6,mw,,,6.7,0.216,,,,,,,,,,,,,USGS,112.691192627,forearc,4.4,6.99767517174944
217535,2022-01-15T02:55:52,-67.488,-22.4,113,4.4,mw,,,,,,,,,,,,,,,,,ISC,,intraarc,4.4,6.99767517174944
217788,2022-01-22T20:00:13,-68.491,-22.756,15,4.9,mw,,,,,,,,,,,,,,,,,ISC,,intraarc,4.4,6.99767517174944
217791,2022-01-22T20:00:14,-68.506,-22.768,16.2,4.7,mw,,,3.2,,,,,,,,,,,,,,CSN-improved,,intraarc,4.4,6.99767517174944
217794,2022-01-22T20:03:47,-68.5,-22.798,16.7,4.4,mw,,,3.7,,,,,,,,,,,,,,CSN-improved,,intraarc,4.4,6.99767517174944
217906,2022-01-26T19:42:53,-68.508,-22.764,10,4.9,mw,,,1.8,0.081,,,,,,,,,,,,,USGS,,intraarc,4.4,6.99767517174944
217911,2022-01-26T19:42:54,-68.511,-22.798,7.9,4.6,mw,,,6.7,,,,,,,,,,,,,,CSN-improved,,intraarc,4.4,6.99767517174944
218201,2022-02-03T11:19:44,-67.947,-31.744,10,4.6,mw,,,1.9,0.237,,,,,,,,,,,,,USGS,,unclassified,4.4,6.99767517174944
218785,2022-02-20T23:24:26,-71.446,-18.459,11,4.6,mw,,,,,,,,,,,,,,,,,ISC,26.1829051971,forearc,4.4,6.99767517174944
218953,2022-02-23T21:37:45,-69.492,-21.266,6.2,4.6,mw,,,2.5,,,,,,,,,,,,,,CSN-improved,65.3658981323,forearc,4.4,6.99767517174944
219620,2022-03-15T17:31:20,-69.602,-21.426,7.5,4.4,mw,,,3.1,,,,,,,,,,,,,,CSN-improved,60.6980056763,forearc,4.4,6.99767517174944
219660,2022-03-16T02:52:55,-71.871,-31.545,6,4.4,mw,,,,,,,,,,,,,,,,,ISC,24.1170310974,forearc,4.4,6.99767517174944
220267,2022-04-03T04:41:07,-71.319,-29.57,5,4.7,mw,,,,,,,,,,,,,,,,,ISC,38.1791725159,forearc,4.4,6.99767517174944
220718,2022-04-16T17:10:33,-72.416,-33.986,5,5.3,mw,,,,,34.61,28.87,130.72,170.1,68.53,70.22,2.3903e+16,3.609e+15,-2.7512e+16,8.847e+15,-2.4661e+16,-7.024e+15,ISC,17.4872264862,forearc,4.4,6.99767517174944
221230,2022-04-29T15:14:45,-72.087,-32.443,2,4.8,mw,,,,,,,,,,,,,,,,,ISC,18.4640445709,forearc,4.4,6.99767517174944
221510,2022-05-06T12:44:49,-68.225,-29.185,56.48,5,mw,,,5.5,0.055,,,,,,,,,,,,,USGS,,unclassified,4.4,6.99767517174944
221802,2022-05-15T13:00:01,-69.825,-23.783,10,4.8,mw,,,,,,,,,,,,,,,,,ISC,54.0697822571,forearc,4.4,6.99767517174944
221869,2022-05-17T07:19:32,-71.381,-36.859,16.6,4.4,mw,,,7.4,,,,,,,,,,,,,,CSN-improved,,intraarc,4.4,6.99767517174944
221866,2022-05-17T07:19:35,-71.611,-36.758,10,5,mw,,,1.7,0.126,,,,,,,,,,,,,USGS,87.9734191895,forearc,4.4,6.99767517174944
221929,2022-05-19T10:06:52,-68.693,-29.579,10,4.8,mw,,,1.3,0.268,,,,,,,,,,,,,USGS,,intraarc,4.4,6.99767517174944
222029,2022-05-22T19:23:53,-67.949,-31.297,57.85,4.9,mw,,,7.8,0.093,,,,,,,,,,,,,USGS,,unclassified,4.4,6.99767517174944
222437,2022-06-05T06:12:21,-68.976,-31.845,9,4.4,mw,,,,,,,,,,,,,,,,,ISC,,intraarc,4.4,6.99767517174944
222608,2022-06-11T13:40:08,-67.09,-32.391,10,4.9,mw,,,1.9,0.157,,,,,,,,,,,,,USGS,,unclassified,4.4,6.99767517174944
222857,2022-06-18T15:18:26,-67.573,-22.192,112,4.9,mw,,,,,,,,,,,,,,,,,ISC,,intraarc,4.4,6.99767517174944
222982,2022-06-21T08:09:00,-69.11,-28.11,22,5.1,mw,,,,,106,66,14,10,77,155,3.22e+15,1.84e+16,-2.16e+16,2e+16,1.98e+16,4.21e+16,GCMT,,intraarc,4.4,6.99767517174944
222983,2022-06-21T08:09:56,-69.136,-28.169,23.4,4.9,mw,,,7.9,,106,66,14,10,77,155,3.22e+15,1.84e+16,-2.16e+16,2e+16,1.98e+16,4.21e+16,CSN-improved,,intraarc,4.4,6.99767517174944
223079,2022-06-23T14:52:55,-70.02,-32.729,20,4.4,mw,,,,,,,,,,,,,,,,,ISC,,intraarc,4.4,6.99767517174944
223121,2022-06-24T06:24:33,-66.612,-28.863,10,4.8,mw,,,1.9,0.169,,,,,,,,,,,,,USGS,,unclassified,4.4,6.99767517174944
224950,2022-08-13T22:32:25,-67.376,-22.256,34,4.9,mw,,,,,,,,,,,,,,,,,ISC,,intraarc,4.4,6.99767517174944
225057,2022-08-16T04:47:14,-70.59,-16.835,10.699,4.9,mw,,,4.115,0.145,,,,,,,,,,,,,USGS,112.242469788,forearc,4.4,6.99767517174944
225469,2022-08-30T14:32:16,-71.525,-52.386,11.269,4.8,mw,,,3.962,0.219,,,,,,,,,,,,,USGS,,unclassified,4.4,6.99767517174944
226287,2022-09-18T09:39:08,-68.171,-26.629,33,5.2,mw,,,,,,,,,,,,,,,,,ISC,,intraarc,4.4,6.99767517174944
226672,2022-09-28T03:23:24,-69.855,-19.214,44.1,4.4,mw,,,2.4,,,,,,,,,,,,,,CSN-improved,69.736946106,forearc,4.4,6.99767517174944
226897,2022-10-04T16:29:37,-70.076,-25.108,10,4.8,mw,,,,,,,,,,,,,,,,,ISC,51.2862281799,forearc,4.4,6.99767517174944
227429,2022-10-20T20:45:59,-70.488,-23.965,0,4.4,mw,,,,,,,,,,,,,,,,,ISC,31.1805591583,forearc,4.4,6.99767517174944
227978,2022-11-05T12:12:00,-68.6,-33.54,41,5.1,mw,,,,,200,47,115,345,49,66,4.9459e+16,1.0244e+16,-5.9704e+16,-1.7476e+16,46000000000000,-5.445e+15,GCMT,,unclassified,4.4,6.99767517174944
228012,2022-11-06T07:08:00,-70.16,-17.55,33,5,mw,,,,,27,54,45,267,55,134,,,,,,,GCMT,97.0404968262,forearc,4.4,6.99767517174944
228014,2022-11-06T07:08:06,-70.265,-17.49,25.7,4.8,mw,,,2.3,,,,,,,,,,,,,,CSN-improved,95.7086639404,forearc,4.4,6.99767517174944
228011,2022-11-06T07:08:07,-70.216,-17.559,28.896,5.1,mw,,,4.593,0.059,,,,,,,,,,,,,USGS,95.5661849976,forearc,4.4,6.99767517174944
228255,2022-11-13T02:23:59,-73.463,-37.584,0,4.7,mw,,,,,,,,,,,,,,,,,ISC,27.8063011169,forearc,4.4,6.99767517174944
228259,2022-11-13T02:25:02,-71.712,-42.245,10,4.4,mw,,,,,,,,,,,,,,,,,CSN-improved,,intraarc,4.4,6.99767517174944
228883,2022-11-30T20:49:13,-73.26,-52.461,15.1,4.6,mw,,,17.1,,,,,,,,,,,,,,CSN-improved,,unclassified,4.4,6.99767517174944
229188,2022-12-10T08:48:36,-71.043,-30.473,16.6,5,mw,,,2.9,,,,,,,,,,,,,,CSN-improved,55.8586959839,forearc,4.4,6.99767517174944
229190,2022-12-10T08:48:37,-71.043,-30.484,9.208,4.7,mw,,,5.419,0.178,,,,,,,,,,,,,USGS,56.1460952759,forearc,4.4,6.99767517174944
229409,2022-12-17T02:07:31,-74.055,-46.996,11.4,4.6,mw,,,10,,,,,,,,,,,,,,CSN-improved,,unclassified,4.4,6.99767517174944
229547,2022-12-22T18:27:38,-68.64,-23.171,15,4.4,mw,,,9,,,,,,,,,,,,,,CSN-improved,,intraarc,4.4,6.99767517174944
229543,2022-12-22T18:27:40,-68.836,-23.164,9.59,4.8,mw,,,5.756,0.539,,,,,,,,,,,,,USGS,80.1772613525,forearc,4.4,6.99767517174944
