lon,lat
-70.1105,-16.2589
-70.0105,-16.2589
-69.9105,-16.2589
-69.8105,-16.2589
-69.7105,-16.2589
-69.6105,-16.2589
-70.3105,-16.3589
-70.2105,-16.3589
-70.1105,-16.3589
-70.0105,-16.3589
-69.9105,-16.3589
-69.8105,-16.3589
-69.7105,-16.3589
-69.6105,-16.3589
-70.5105,-16.4589
-70.4105,-16.4589
-70.3105,-16.4589
-70.2105,-16.4589
-70.1105,-16.4589
-70.0105,-16.4589
-69.9105,-16.4589
-69.8105,-16.4589
-69.7105,-16.4589
-69.6105,-16.4589
-70.7105,-16.5589
-70.6105,-16.5589
-70.5105,-16.5589
-70.4105,-16.5589
-70.3105,-16.5589
-70.2105,-16.5589
-70.1105,-16.5589
-70.0105,-16.5589
-69.9105,-16.5589
-69.8105,-16.5589
-69.7105,-16.5589
-69.6105,-16.5589
-69.5105,-16.5589
-69.3105,-16.5589
-69.2105,-16.5589
-69.1105,-16.5589
-68.5105,-16.5589
-70.9105,-16.6589
-70.8105,-16.6589
-70.7105,-16.6589
-70.6105,-16.6589
-70.5105,-16.6589
-70.4105,-16.6589
-70.3105,-16.6589
-70.2105,-16.6589
-70.1105,-16.6589
-70.0105,-16.6589
-69.9105,-16.6589
-69.8105,-16.6589
-69.7105,-16.6589
-69.6105,-16.6589
-69.5105,-16.6589
-69.4105,-16.6589
-69.3105,-16.6589
-69.2105,-16.6589
-69.1105,-16.6589
-69.0105,-16.6589
-68.9105,-16.6589
-68.8105,-16.6589
-68.7105,-16.6589
-68.6105,-16.6589
-68.5105,-16.6589
-68.4105,-16.6589
-70.9105,-16.7589
-70.8105,-16.7589
-70.7105,-16.7589
-70.6105,-16.7589
-70.5105,-16.7589
-70.4105,-16.7589
-70.3105,-16.7589
-70.2105,-16.7589
-70.1105,-16.7589
-70.0105,-16.7589
-69.9105,-16.7589
-69.8105,-16.7589
-69.7105,-16.7589
-69.6105,-16.7589
-69.5105,-16.7589
-69.4105,-16.7589
-69.3105,-16.7589
-69.2105,-16.7589
-69.1105,-16.7589
-69.0105,-16.7589
-68.9105,-16.7589
-68.8105,-16.7589
-68.7105,-16.7589
-68.6105,-16.7589
-68.5105,-16.7589
-68.4105,-16.7589
-68.3105,-16.7589
-71.0105,-16.8589
-70.9105,-16.8589
-70.8105,-16.8589
-70.7105,-16.8589
-70.6105,-16.8589
-70.5105,-16.8589
-70.4105,-16.8589
-70.3105,-16.8589
-70.2105,-16.8589
-70.1105,-16.8589
-70.0105,-16.8589
-69.9105,-16.8589
-69.8105,-16.8589
-69.7105,-16.8589
-69.6105,-16.8589
-69.5105,-16.8589
-69.4105,-16.8589
-69.3105,-16.8589
-69.2105,-16.8589
-69.1105,-16.8589
-69.0105,-16.8589
-68.9105,-16.8589
-68.8105,-16.8589
-68.7105,-16.8589
-68.6105,-16.8589
-68.5105,-16.8589
-68.4105,-16.8589
-68.3105,-16.8589
-68.2105,-16.8589
-71.0105,-16.9589
-70.9105,-16.9589
-70.8105,-16.9589
-70.7105,-16.9589
-70.6105,-16.9589
-70.5105,-16.9589
-70.4105,-16.9589
-70.3105,-16.9589
-70.2105,-16.9589
-70.1105,-16.9589
-70.0105,-16.9589
-69.9105,-16.9589
-69.8105,-16.9589
-69.7105,-16.9589
-69.6105,-16.9589
-69.5105,-16.9589
-69.4105,-16.9589
-69.3105,-16.9589
-69.2105,-16.9589
-69.1105,-16.9589
-69.0105,-16.9589
-68.9105,-16.9589
-68.8105,-16.9589
-68.7105,-16.9589
-68.6105,-16.9589
-68.5105,-16.9589
-68.4105,-16.9589
-68.3105,-16.9589
-68.2105,-16.9589
-68.1105,-16.9589
-71.1105,-17.0589
-71.0105,-17.0589
-70.9105,-17.0589
-70.8105,-17.0589
-70.7105,-17.0589
-70.6105,-17.0589
-70.5105,-17.0589
-70.4105,-17.0589
-70.3105,-17.0589
-70.2105,-17.0589
-70.1105,-17.0589
-70.0105,-17.0589
-69.9105,-17.0589
-69.8105,-17.0589
-69.7105,-17.0589
-69.6105,-17.0589
-69.5105,-17.0589
-69.4105,-17.0589
-69.3105,-17.0589
-69.2105,-17.0589
-69.1105,-17.0589
-69.0105,-17.0589
-68.9105,-17.0589
-68.8105,-17.0589
-68.7105,-17.0589
-68.6105,-17.0589
-68.5105,-17.0589
-68.4105,-17.0589
-68.3105,-17.0589
-68.2105,-17.0589
-68.1105,-17.0589
-71.1105,-17.1589
-71.0105,-17.1589
-70.9105,-17.1589
-70.8105,-17.1589
-70.7105,-17.1589
-70.6105,-17.1589
-70.5105,-17.1589
-70.4105,-17.1589
-70.3105,-17.1589
-70.2105,-17.1589
-70.1105,-17.1589
-70.0105,-17.1589
-69.9105,-17.1589
-69.8105,-17.1589
-69.7105,-17.1589
-69.6105,-17.1589
-69.5105,-17.1589
-69.4105,-17.1589
-69.3105,-17.1589
-69.2105,-17.1589
-69.1105,-17.1589
-69.0105,-17.1589
-68.9105,-17.1589
-68.8105,-17.1589
-68.7105,-17.1589
-68.6105,-17.1589
-68.5105,-17.1589
-68.4105,-17.1589
-68.3105,-17.1589
-68.2105,-17.1589
-68.1105,-17.1589
-68.0105,-17.1589
-71.2105,-17.2589
-71.1105,-17.2589
-71.0105,-17.2589
-70.9105,-17.2589
-70.8105,-17.2589
-70.7105,-17.2589
-70.6105,-17.2589
-70.5105,-17.2589
-70.4105,-17.2589
-70.3105,-17.2589
-70.2105,-17.2589
-70.1105,-17.2589
-70.0105,-17.2589
-69.9105,-17.2589
-69.8105,-17.2589
-69.7105,-17.2589
-69.6105,-17.2589
-69.5105,-17.2589
-69.4105,-17.2589
-69.3105,-17.2589
-69.2105,-17.2589
-69.1105,-17.2589
-69.0105,-17.2589
-68.9105,-17.2589
-68.8105,-17.2589
-68.7105,-17.2589
-68.6105,-17.2589
-68.5105,-17.2589
-68.4105,-17.2589
-68.3105,-17.2589
-68.2105,-17.2589
-68.1105,-17.2589
-68.0105,-17.2589
-67.9105,-17.2589
-67.8105,-17.2589
-71.2105,-17.3589
-71.1105,-17.3589
-71.0105,-17.3589
-70.9105,-17.3589
-70.8105,-17.3589
-70.7105,-17.3589
-70.6105,-17.3589
-70.5105,-17.3589
-70.4105,-17.3589
-70.3105,-17.3589
-70.2105,-17.3589
-70.1105,-17.3589
-70.0105,-17.3589
-69.9105,-17.3589
-69.8105,-17.3589
-69.7105,-17.3589
-69.6105,-17.3589
-69.5105,-17.3589
-69.4105,-17.3589
-69.3105,-17.3589
-69.2105,-17.3589
-69.1105,-17.3589
-69.0105,-17.3589
-68.9105,-17.3589
-68.8105,-17.3589
-68.7105,-17.3589
-68.6105,-17.3589
-68.5105,-17.3589
-68.4105,-17.3589
-68.3105,-17.3589
-68.2105,-17.3589
-68.1105,-17.3589
-68.0105,-17.3589
-67.9105,-17.3589
-67.8105,-17.3589
-71.3105,-17.4589
-71.2105,-17.4589
-71.1105,-17.4589
-71.0105,-17.4589
-70.9105,-17.4589
-70.8105,-17.4589
-70.7105,-17.4589
-70.6105,-17.4589
-70.5105,-17.4589
-70.4105,-17.4589
-70.3105,-17.4589
-70.2105,-17.4589
-70.1105,-17.4589
-70.0105,-17.4589
-69.9105,-17.4589
-69.8105,-17.4589
-69.7105,-17.4589
-69.6105,-17.4589
-69.5105,-17.4589
-69.4105,-17.4589
-69.3105,-17.4589
-69.2105,-17.4589
-69.1105,-17.4589
-69.0105,-17.4589
-68.9105,-17.4589
-68.8105,-17.4589
-68.7105,-17.4589
-68.6105,-17.4589
-68.5105,-17.4589
-68.4105,-17.4589
-68.3105,-17.4589
-68.2105,-17.4589
-68.1105,-17.4589
-68.0105,-17.4589
-67.9105,-17.4589
-67.8105,-17.4589
-71.3105,-17.5589
-71.2105,-17.5589
-71.1105,-17.5589
-71.0105,-17.5589
-70.9105,-17.5589
-70.8105,-17.5589
-70.7105,-17.5589
-70.6105,-17.5589
-70.5105,-17.5589
-70.4105,-17.5589
-70.3105,-17.5589
-70.2105,-17.5589
-70.1105,-17.5589
-70.0105,-17.5589
-69.9105,-17.5589
-69.8105,-17.5589
-69.7105,-17.5589
-69.6105,-17.5589
-69.5105,-17.5589
-69.4105,-17.5589
-69.3105,-17.5589
-69.2105,-17.5589
-69.1105,-17.5589
-69.0105,-17.5589
-68.9105,-17.5589
-68.8105,-17.5589
-68.7105,-17.5589
-68.6105,-17.5589
-68.5105,-17.5589
-68.4105,-17.5589
-68.3105,-17.5589
-68.2105,-17.5589
-68.1105,-17.5589
-68.0105,-17.5589
-67.9105,-17.5589
-67.8105,-17.5589
-71.3105,-17.6589
-71.2105,-17.6589
-71.1105,-17.6589
-71.0105,-17.6589
-70.9105,-17.6589
-70.8105,-17.6589
-70.7105,-17.6589
-70.6105,-17.6589
-70.5105,-17.6589
-70.4105,-17.6589
-70.3105,-17.6589
-70.2105,-17.6589
-70.1105,-17.6589
-70.0105,-17.6589
-69.9105,-17.6589
-69.8105,-17.6589
-69.7105,-17.6589
-69.6105,-17.6589
-69.5105,-17.6589
-69.4105,-17.6589
-69.3105,-17.6589
-69.2105,-17.6589
-69.1105,-17.6589
-69.0105,-17.6589
-68.9105,-17.6589
-68.8105,-17.6589
-68.7105,-17.6589
-68.6105,-17.6589
-68.5105,-17.6589
-68.4105,-17.6589
-68.3105,-17.6589
-68.2105,-17.6589
-68.1105,-17.6589
-68.0105,-17.6589
-67.9105,-17.6589
-67.8105,-17.6589
-71.5105,-17.7589
-71.4105,-17.7589
-71.3105,-17.7589
-71.2105,-17.7589
-71.1105,-17.7589
-71.0105,-17.7589
-70.9105,-17.7589
-70.8105,-17.7589
-70.7105,-17.7589
-70.6105,-17.7589
-70.5105,-17.7589
-70.4105,-17.7589
-70.3105,-17.7589
-70.2105,-17.7589
-70.1105,-17.7589
-70.0105,-17.7589
-69.9105,-17.7589
-69.8105,-17.7589
-69.7105,-17.7589
-69.6105,-17.7589
-69.5105,-17.7589
-69.4105,-17.7589
-69.3105,-17.7589
-69.2105,-17.7589
-69.1105,-17.7589
-69.0105,-17.7589
-68.9105,-17.7589
-68.8105,-17.7589
-68.7105,-17.7589
-68.6105,-17.7589
-68.5105,-17.7589
-68.4105,-17.7589
-68.3105,-17.7589
-68.2105,-17.7589
-68.1105,-17.7589
-68.0105,-17.7589
-67.9105,-17.7589
-67.8105,-17.7589
-67.7105,-17.7589
-71.5105,-17.8589
-71.4105,-17.8589
-71.3105,-17.8589
-71.2105,-17.8589
-71.1105,-17.8589
-71.0105,-17.8589
-70.9105,-17.8589
-70.8105,-17.8589
-70.7105,-17.8589
-70.6105,-17.8589
-70.5105,-17.8589
-70.4105,-17.8589
-70.3105,-17.8589
-70.2105,-17.8589
-70.1105,-17.8589
-70.0105,-17.8589
-69.9105,-17.8589
-69.8105,-17.8589
-69.7105,-17.8589
-69.6105,-17.8589
-69.5105,-17.8589
-69.4105,-17.8589
-69.3105,-17.8589
-69.2105,-17.8589
-69.1105,-17.8589
-69.0105,-17.8589
-68.9105,-17.8589
-68.8105,-17.8589
-68.7105,-17.8589
-68.6105,-17.8589
-68.5105,-17.8589
-68.4105,-17.8589
-68.3105,-17.8589
-68.2105,-17.8589
-68.1105,-17.8589
-68.0105,-17.8589
-67.9105,-17.8589
-67.8105,-17.8589
-67.7105,-17.8589
-71.5105,-17.9589
-71.4105,-17.9589
-71.3105,-17.9589
-71.2105,-17.9589
-71.1105,-17.9589
-71.0105,-17.9589
-70.9105,-17.9589
-70.8105,-17.9589
-70.7105,-17.9589
-70.6105,-17.9589
-70.5105,-17.9589
-70.4105,-17.9589
-70.3105,-17.9589
-70.2105,-17.9589
-70.1105,-17.9589
-70.0105,-17.9589
-69.9105,-17.9589
-69.8105,-17.9589
-69.7105,-17.9589
-69.6105,-17.9589
-69.5105,-17.9589
-69.4105,-17.9589
-69.3105,-17.9589
-69.2105,-17.9589
-69.1105,-17.9589
-69.0105,-17.9589
-68.9105,-17.9589
-68.8105,-17.9589
-68.7105,-17.9589
-68.6105,-17.9589
-68.5105,-17.9589
-68.4105,-17.9589
-68.3105,-17.9589
-68.2105,-17.9589
-68.1105,-17.9589
-68.0105,-17.9589
-67.9105,-17.9589
-67.8105,-17.9589
-67.7105,-17.9589
-71.7105,-18.0589
-71.6105,-18.0589
-71.5105,-18.0589
-71.4105,-18.0589
-71.3105,-18.0589
-71.2105,-18.0589
-71.1105,-18.0589
-71.0105,-18.0589
-70.9105,-18.0589
-70.8105,-18.0589
-70.7105,-18.0589
-70.6105,-18.0589
-70.5105,-18.0589
-70.4105,-18.0589
-70.3105,-18.0589
-70.2105,-18.0589
-70.1105,-18.0589
-70.0105,-18.0589
-69.9105,-18.0589
-69.8105,-18.0589
-69.7105,-18.0589
-69.6105,-18.0589
-69.5105,-18.0589
-69.4105,-18.0589
-69.3105,-18.0589
-69.2105,-18.0589
-69.1105,-18.0589
-69.0105,-18.0589
-68.9105,-18.0589
-68.8105,-18.0589
-68.7105,-18.0589
-68.6105,-18.0589
-68.5105,-18.0589
-68.4105,-18.0589
-68.3105,-18.0589
-68.2105,-18.0589
-68.1105,-18.0589
-68.0105,-18.0589
-67.9105,-18.0589
-67.8105,-18.0589
-67.7105,-18.0589
-67.6105,-18.0589
-71.7105,-18.1589
-71.6105,-18.1589
-71.5105,-18.1589
-71.4105,-18.1589
-71.3105,-18.1589
-71.2105,-18.1589
-71.1105,-18.1589
-71.0105,-18.1589
-70.9105,-18.1589
-70.8105,-18.1589
-70.7105,-18.1589
-70.6105,-18.1589
-70.5105,-18.1589
-70.4105,-18.1589
-70.3105,-18.1589
-70.2105,-18.1589
-70.1105,-18.1589
-70.0105,-18.1589
-69.9105,-18.1589
-69.8105,-18.1589
-69.7105,-18.1589
-69.6105,-18.1589
-69.5105,-18.1589
-69.4105,-18.1589
-69.3105,-18.1589
-69.2105,-18.1589
-69.1105,-18.1589
-69.0105,-18.1589
-68.9105,-18.1589
-68.8105,-18.1589
-68.7105,-18.1589
-68.6105,-18.1589
-68.5105,-18.1589
-68.4105,-18.1589
-68.3105,-18.1589
-68.2105,-18.1589
-68.1105,-18.1589
-68.0105,-18.1589
-67.9105,-18.1589
-67.8105,-18.1589
-67.7105,-18.1589
-67.6105,-18.1589
-71.7105,-18.2589
-71.6105,-18.2589
-71.5105,-18.2589
-71.4105,-18.2589
-71.3105,-18.2589
-71.2105,-18.2589
-71.1105,-18.2589
-71.0105,-18.2589
-70.9105,-18.2589
-70.8105,-18.2589
-70.7105,-18.2589
-70.6105,-18.2589
-70.5105,-18.2589
-70.4105,-18.2589
-70.3105,-18.2589
-70.2105,-18.2589
-70.1105,-18.2589
-70.0105,-18.2589
-69.9105,-18.2589
-69.8105,-18.2589
-69.7105,-18.2589
-69.6105,-18.2589
-69.5105,-18.2589
-69.4105,-18.2589
-69.3105,-18.2589
-69.2105,-18.2589
-69.1105,-18.2589
-69.0105,-18.2589
-68.9105,-18.2589
-68.8105,-18.2589
-68.7105,-18.2589
-68.6105,-18.2589
-68.5105,-18.2589
-68.4105,-18.2589
-68.3105,-18.2589
-68.2105,-18.2589
-68.1105,-18.2589
-68.0105,-18.2589
-67.9105,-18.2589
-67.8105,-18.2589
-67.7105,-18.2589
-67.6105,-18.2589
-67.5105,-18.2589
-71.8105,-18.3589
-71.7105,-18.3589
-71.6105,-18.3589
-71.5105,-18.3589
-71.4105,-18.3589
-71.3105,-18.3589
-71.2105,-18.3589
-71.1105,-18.3589
-71.0105,-18.3589
-70.9105,-18.3589
-70.8105,-18.3589
-70.7105,-18.3589
-70.6105,-18.3589
-70.5105,-18.3589
-70.4105,-18.3589
-70.3105,-18.3589
-70.2105,-18.3589
-70.1105,-18.3589
-70.0105,-18.3589
-69.9105,-18.3589
-69.8105,-18.3589
-69.7105,-18.3589
-69.6105,-18.3589
-69.5105,-18.3589
-69.4105,-18.3589
-69.3105,-18.3589
-69.2105,-18.3589
-69.1105,-18.3589
-69.0105,-18.3589
-68.9105,-18.3589
-68.8105,-18.3589
-68.7105,-18.3589
-68.6105,-18.3589
-68.5105,-18.3589
-68.4105,-18.3589
-68.3105,-18.3589
-68.2105,-18.3589
-68.1105,-18.3589
-68.0105,-18.3589
-67.9105,-18.3589
-67.8105,-18.3589
-67.7105,-18.3589
-67.6105,-18.3589
-67.5105,-18.3589
-67.4105,-18.3589
-71.8105,-18.4589
-71.7105,-18.4589
-71.6105,-18.4589
-71.5105,-18.4589
-71.4105,-18.4589
-71.3105,-18.4589
-71.2105,-18.4589
-71.1105,-18.4589
-71.0105,-18.4589
-70.9105,-18.4589
-70.8105,-18.4589
-70.7105,-18.4589
-70.6105,-18.4589
-70.5105,-18.4589
-70.4105,-18.4589
-70.3105,-18.4589
-70.2105,-18.4589
-70.1105,-18.4589
-70.0105,-18.4589
-69.9105,-18.4589
-69.8105,-18.4589
-69.7105,-18.4589
-69.6105,-18.4589
-69.5105,-18.4589
-69.4105,-18.4589
-69.3105,-18.4589
-69.2105,-18.4589
-69.1105,-18.4589
-69.0105,-18.4589
-68.9105,-18.4589
-68.8105,-18.4589
-68.7105,-18.4589
-68.6105,-18.4589
-68.5105,-18.4589
-68.4105,-18.4589
-68.3105,-18.4589
-68.2105,-18.4589
-68.1105,-18.4589
-68.0105,-18.4589
-67.9105,-18.4589
-67.8105,-18.4589
-67.7105,-18.4589
-67.6105,-18.4589
-67.5105,-18.4589
-67.4105,-18.4589
-67.3105,-18.4589
-71.8105,-18.5589
-71.7105,-18.5589
-71.6105,-18.5589
-71.5105,-18.5589
-71.4105,-18.5589
-71.3105,-18.5589
-71.2105,-18.5589
-71.1105,-18.5589
-71.0105,-18.5589
-70.9105,-18.5589
-70.8105,-18.5589
-70.7105,-18.5589
-70.6105,-18.5589
-70.5105,-18.5589
-70.4105,-18.5589
-70.3105,-18.5589
-70.2105,-18.5589
-70.1105,-18.5589
-70.0105,-18.5589
-69.9105,-18.5589
-69.8105,-18.5589
-69.7105,-18.5589
-69.6105,-18.5589
-69.5105,-18.5589
-69.4105,-18.5589
-69.3105,-18.5589
-69.2105,-18.5589
-69.1105,-18.5589
-69.0105,-18.5589
-68.9105,-18.5589
-68.8105,-18.5589
-68.7105,-18.5589
-68.6105,-18.5589
-68.5105,-18.5589
-68.4105,-18.5589
-68.3105,-18.5589
-68.2105,-18.5589
-68.1105,-18.5589
-68.0105,-18.5589
-67.9105,-18.5589
-67.8105,-18.5589
-67.7105,-18.5589
-67.6105,-18.5589
-67.5105,-18.5589
-67.4105,-18.5589
-67.3105,-18.5589
-71.8105,-18.6589
-71.7105,-18.6589
-71.6105,-18.6589
-71.5105,-18.6589
-71.4105,-18.6589
-71.3105,-18.6589
-71.2105,-18.6589
-71.1105,-18.6589
-71.0105,-18.6589
-70.9105,-18.6589
-70.8105,-18.6589
-70.7105,-18.6589
-70.6105,-18.6589
-70.5105,-18.6589
-70.4105,-18.6589
-70.3105,-18.6589
-70.2105,-18.6589
-70.1105,-18.6589
-70.0105,-18.6589
-69.9105,-18.6589
-69.8105,-18.6589
-69.7105,-18.6589
-69.6105,-18.6589
-69.5105,-18.6589
-69.4105,-18.6589
-69.3105,-18.6589
-69.2105,-18.6589
-69.1105,-18.6589
-69.0105,-18.6589
-68.9105,-18.6589
-68.8105,-18.6589
-68.7105,-18.6589
-68.6105,-18.6589
-68.5105,-18.6589
-68.4105,-18.6589
-68.3105,-18.6589
-68.2105,-18.6589
-68.1105,-18.6589
-68.0105,-18.6589
-67.9105,-18.6589
-67.8105,-18.6589
-67.7105,-18.6589
-67.6105,-18.6589
-67.5105,-18.6589
-67.4105,-18.6589
-67.3105,-18.6589
-67.2105,-18.6589
-71.8105,-18.7589
-71.7105,-18.7589
-71.6105,-18.7589
-71.5105,-18.7589
-71.4105,-18.7589
-71.3105,-18.7589
-71.2105,-18.7589
-71.1105,-18.7589
-71.0105,-18.7589
-70.9105,-18.7589
-70.8105,-18.7589
-70.7105,-18.7589
-70.6105,-18.7589
-70.5105,-18.7589
-70.4105,-18.7589
-70.3105,-18.7589
-70.2105,-18.7589
-70.1105,-18.7589
-70.0105,-18.7589
-69.9105,-18.7589
-69.8105,-18.7589
-69.7105,-18.7589
-69.6105,-18.7589
-69.5105,-18.7589
-69.4105,-18.7589
-69.3105,-18.7589
-69.2105,-18.7589
-69.1105,-18.7589
-69.0105,-18.7589
-68.9105,-18.7589
-68.8105,-18.7589
-68.7105,-18.7589
-68.6105,-18.7589
-68.5105,-18.7589
-68.4105,-18.7589
-68.3105,-18.7589
-68.2105,-18.7589
-68.1105,-18.7589
-68.0105,-18.7589
-67.9105,-18.7589
-67.8105,-18.7589
-67.7105,-18.7589
-67.6105,-18.7589
-67.5105,-18.7589
-67.4105,-18.7589
-67.3105,-18.7589
-67.2105,-18.7589
-71.8105,-18.8589
-71.7105,-18.8589
-71.6105,-18.8589
-71.5105,-18.8589
-71.4105,-18.8589
-71.3105,-18.8589
-71.2105,-18.8589
-71.1105,-18.8589
-71.0105,-18.8589
-70.9105,-18.8589
-70.8105,-18.8589
-70.7105,-18.8589
-70.6105,-18.8589
-70.5105,-18.8589
-70.4105,-18.8589
-70.3105,-18.8589
-70.2105,-18.8589
-70.1105,-18.8589
-70.0105,-18.8589
-69.9105,-18.8589
-69.8105,-18.8589
-69.7105,-18.8589
-69.6105,-18.8589
-69.5105,-18.8589
-69.4105,-18.8589
-69.3105,-18.8589
-69.2105,-18.8589
-69.1105,-18.8589
-69.0105,-18.8589
-68.9105,-18.8589
-68.8105,-18.8589
-68.7105,-18.8589
-68.6105,-18.8589
-68.5105,-18.8589
-68.4105,-18.8589
-68.3105,-18.8589
-68.2105,-18.8589
-68.1105,-18.8589
-68.0105,-18.8589
-67.9105,-18.8589
-67.8105,-18.8589
-67.7105,-18.8589
-67.6105,-18.8589
-67.5105,-18.8589
-67.4105,-18.8589
-67.3105,-18.8589
-67.2105,-18.8589
-67.1105,-18.8589
-71.8105,-18.9589
-71.7105,-18.9589
-71.6105,-18.9589
-71.5105,-18.9589
-71.4105,-18.9589
-71.3105,-18.9589
-71.2105,-18.9589
-71.1105,-18.9589
-71.0105,-18.9589
-70.9105,-18.9589
-70.8105,-18.9589
-70.7105,-18.9589
-70.6105,-18.9589
-70.5105,-18.9589
-70.4105,-18.9589
-70.3105,-18.9589
-70.2105,-18.9589
-70.1105,-18.9589
-70.0105,-18.9589
-69.9105,-18.9589
-69.8105,-18.9589
-69.7105,-18.9589
-69.6105,-18.9589
-69.5105,-18.9589
-69.4105,-18.9589
-69.3105,-18.9589
-69.2105,-18.9589
-69.1105,-18.9589
-69.0105,-18.9589
-68.9105,-18.9589
-68.8105,-18.9589
-68.7105,-18.9589
-68.6105,-18.9589
-68.5105,-18.9589
-68.4105,-18.9589
-68.3105,-18.9589
-68.2105,-18.9589
-68.1105,-18.9589
-68.0105,-18.9589
-67.9105,-18.9589
-67.8105,-18.9589
-67.7105,-18.9589
-67.6105,-18.9589
-67.5105,-18.9589
-67.4105,-18.9589
-67.3105,-18.9589
-67.2105,-18.9589
-67.1105,-18.9589
-71.8105,-19.0589
-71.7105,-19.0589
-71.6105,-19.0589
-71.5105,-19.0589
-71.4105,-19.0589
-71.3105,-19.0589
-71.2105,-19.0589
-71.1105,-19.0589
-71.0105,-19.0589
-70.9105,-19.0589
-70.8105,-19.0589
-70.7105,-19.0589
-70.6105,-19.0589
-70.5105,-19.0589
-70.4105,-19.0589
-70.3105,-19.0589
-70.2105,-19.0589
-70.1105,-19.0589
-70.0105,-19.0589
-69.9105,-19.0589
-69.8105,-19.0589
-69.7105,-19.0589
-69.6105,-19.0589
-69.5105,-19.0589
-69.4105,-19.0589
-69.3105,-19.0589
-69.2105,-19.0589
-69.1105,-19.0589
-69.0105,-19.0589
-68.9105,-19.0589
-68.8105,-19.0589
-68.7105,-19.0589
-68.6105,-19.0589
-68.5105,-19.0589
-68.4105,-19.0589
-68.3105,-19.0589
-68.2105,-19.0589
-68.1105,-19.0589
-68.0105,-19.0589
-67.9105,-19.0589
-67.8105,-19.0589
-67.7105,-19.0589
-67.6105,-19.0589
-67.5105,-19.0589
-67.4105,-19.0589
-67.3105,-19.0589
-67.2105,-19.0589
-67.1105,-19.0589
-71.7105,-19.1589
-71.6105,-19.1589
-71.5105,-19.1589
-71.4105,-19.1589
-71.3105,-19.1589
-71.2105,-19.1589
-71.1105,-19.1589
-71.0105,-19.1589
-70.9105,-19.1589
-70.8105,-19.1589
-70.7105,-19.1589
-70.6105,-19.1589
-70.5105,-19.1589
-70.4105,-19.1589
-70.3105,-19.1589
-70.2105,-19.1589
-70.1105,-19.1589
-70.0105,-19.1589
-69.9105,-19.1589
-69.8105,-19.1589
-69.7105,-19.1589
-69.6105,-19.1589
-69.5105,-19.1589
-69.4105,-19.1589
-69.3105,-19.1589
-69.2105,-19.1589
-69.1105,-19.1589
-69.0105,-19.1589
-68.9105,-19.1589
-68.8105,-19.1589
-68.7105,-19.1589
-68.6105,-19.1589
-68.5105,-19.1589
-68.4105,-19.1589
-68.3105,-19.1589
-68.2105,-19.1589
-68.1105,-19.1589
-68.0105,-19.1589
-67.9105,-19.1589
-67.8105,-19.1589
-67.7105,-19.1589
-67.6105,-19.1589
-67.5105,-19.1589
-67.4105,-19.1589
-67.3105,-19.1589
-67.2105,-19.1589
-71.7105,-19.2589
-71.6105,-19.2589
-71.5105,-19.2589
-71.4105,-19.2589
-71.3105,-19.2589
-71.2105,-19.2589
-71.1105,-19.2589
-71.0105,-19.2589
-70.9105,-19.2589
-70.8105,-19.2589
-70.7105,-19.2589
-70.6105,-19.2589
-70.5105,-19.2589
-70.4105,-19.2589
-70.3105,-19.2589
-70.2105,-19.2589
-70.1105,-19.2589
-70.0105,-19.2589
-69.9105,-19.2589
-69.8105,-19.2589
-69.7105,-19.2589
-69.6105,-19.2589
-69.5105,-19.2589
-69.4105,-19.2589
-69.3105,-19.2589
-69.2105,-19.2589
-69.1105,-19.2589
-69.0105,-19.2589
-68.9105,-19.2589
-68.8105,-19.2589
-68.7105,-19.2589
-68.6105,-19.2589
-68.5105,-19.2589
-68.4105,-19.2589
-68.3105,-19.2589
-68.2105,-19.2589
-68.1105,-19.2589
-68.0105,-19.2589
-67.9105,-19.2589
-67.8105,-19.2589
-67.7105,-19.2589
-67.6105,-19.2589
-67.5105,-19.2589
-67.4105,-19.2589
-67.3105,-19.2589
-67.2105,-19.2589
-71.7105,-19.3589
-71.6105,-19.3589
-71.5105,-19.3589
-71.4105,-19.3589
-71.3105,-19.3589
-71.2105,-19.3589
-71.1105,-19.3589
-71.0105,-19.3589
-70.9105,-19.3589
-70.8105,-19.3589
-70.7105,-19.3589
-70.6105,-19.3589
-70.5105,-19.3589
-70.4105,-19.3589
-70.3105,-19.3589
-70.2105,-19.3589
-70.1105,-19.3589
-70.0105,-19.3589
-69.9105,-19.3589
-69.8105,-19.3589
-69.7105,-19.3589
-69.6105,-19.3589
-69.5105,-19.3589
-69.4105,-19.3589
-69.3105,-19.3589
-69.2105,-19.3589
-69.1105,-19.3589
-69.0105,-19.3589
-68.9105,-19.3589
-68.8105,-19.3589
-68.7105,-19.3589
-68.6105,-19.3589
-68.5105,-19.3589
-68.4105,-19.3589
-68.3105,-19.3589
-68.2105,-19.3589
-68.1105,-19.3589
-68.0105,-19.3589
-67.9105,-19.3589
-67.8105,-19.3589
-67.7105,-19.3589
-67.6105,-19.3589
-67.5105,-19.3589
-67.4105,-19.3589
-67.3105,-19.3589
-67.2105,-19.3589
-71.7105,-19.4589
-71.6105,-19.4589
-71.5105,-19.4589
-71.4105,-19.4589
-71.3105,-19.4589
-71.2105,-19.4589
-71.1105,-19.4589
-71.0105,-19.4589
-70.9105,-19.4589
-70.8105,-19.4589
-70.7105,-19.4589
-70.6105,-19.4589
-70.5105,-19.4589
-70.4105,-19.4589
-70.3105,-19.4589
-70.2105,-19.4589
-70.1105,-19.4589
-70.0105,-19.4589
-69.9105,-19.4589
-69.8105,-19.4589
-69.7105,-19.4589
-69.6105,-19.4589
-69.5105,-19.4589
-69.4105,-19.4589
-69.3105,-19.4589
-69.2105,-19.4589
-69.1105,-19.4589
-69.0105,-19.4589
-68.9105,-19.4589
-68.8105,-19.4589
-68.7105,-19.4589
-68.6105,-19.4589
-68.5105,-19.4589
-68.4105,-19.4589
-68.3105,-19.4589
-68.2105,-19.4589
-68.1105,-19.4589
-68.0105,-19.4589
-67.9105,-19.4589
-67.8105,-19.4589
-67.7105,-19.4589
-67.6105,-19.4589
-67.5105,-19.4589
-67.4105,-19.4589
-67.3105,-19.4589
-67.2105,-19.4589
-71.6105,-19.5589
-71.5105,-19.5589
-71.4105,-19.5589
-71.3105,-19.5589
-71.2105,-19.5589
-71.1105,-19.5589
-71.0105,-19.5589
-70.9105,-19.5589
-70.8105,-19.5589
-70.7105,-19.5589
-70.6105,-19.5589
-70.5105,-19.5589
-70.4105,-19.5589
-70.3105,-19.5589
-70.2105,-19.5589
-70.1105,-19.5589
-70.0105,-19.5589
-69.9105,-19.5589
-69.8105,-19.5589
-69.7105,-19.5589
-69.6105,-19.5589
-69.5105,-19.5589
-69.4105,-19.5589
-69.3105,-19.5589
-69.2105,-19.5589
-69.1105,-19.5589
-69.0105,-19.5589
-68.9105,-19.5589
-68.8105,-19.5589
-68.7105,-19.5589
-68.6105,-19.5589
-68.5105,-19.5589
-68.4105,-19.5589
-68.3105,-19.5589
-68.2105,-19.5589
-68.1105,-19.5589
-68.0105,-19.5589
-67.9105,-19.5589
-67.8105,-19.5589
-67.7105,-19.5589
-67.6105,-19.5589
-67.5105,-19.5589
-67.4105,-19.5589
-67.3105,-19.5589
-67.2105,-19.5589
-67.1105,-19.5589
-71.7105,-19.6589
-71.6105,-19.6589
-71.5105,-19.6589
-71.4105,-19.6589
-71.3105,-19.6589
-71.2105,-19.6589
-71.1105,-19.6589
-71.0105,-19.6589
-70.9105,-19.6589
-70.8105,-19.6589
-70.7105,-19.6589
-70.6105,-19.6589
-70.5105,-19.6589
-70.4105,-19.6589
-70.3105,-19.6589
-70.2105,-19.6589
-70.1105,-19.6589
-70.0105,-19.6589
-69.9105,-19.6589
-69.8105,-19.6589
-69.7105,-19.6589
-69.6105,-19.6589
-69.5105,-19.6589
-69.4105,-19.6589
-69.3105,-19.6589
-69.2105,-19.6589
-69.1105,-19.6589
-69.0105,-19.6589
-68.9105,-19.6589
-68.8105,-19.6589
-68.7105,-19.6589
-68.6105,-19.6589
-68.5105,-19.6589
-68.4105,-19.6589
-68.3105,-19.6589
-68.2105,-19.6589
-68.1105,-19.6589
-68.0105,-19.6589
-67.9105,-19.6589
-67.8105,-19.6589
-67.7105,-19.6589
-67.6105,-19.6589
-67.5105,-19.6589
-67.4105,-19.6589
-67.3105,-19.6589
-67.2105,-19.6589
-67.1105,-19.6589
-71.6105,-19.7589
-71.5105,-19.7589
-71.4105,-19.7589
-71.3105,-19.7589
-71.2105,-19.7589
-71.1105,-19.7589
-71.0105,-19.7589
-70.9105,-19.7589
-70.8105,-19.7589
-70.7105,-19.7589
-70.6105,-19.7589
-70.5105,-19.7589
-70.4105,-19.7589
-70.3105,-19.7589
-70.2105,-19.7589
-70.1105,-19.7589
-70.0105,-19.7589
-69.9105,-19.7589
-69.8105,-19.7589
-69.7105,-19.7589
-69.6105,-19.7589
-69.5105,-19.7589
-69.4105,-19.7589
-69.3105,-19.7589
-69.2105,-19.7589
-69.1105,-19.7589
-69.0105,-19.7589
-68.9105,-19.7589
-68.8105,-19.7589
-68.7105,-19.7589
-68.6105,-19.7589
-68.5105,-19.7589
-68.4105,-19.7589
-68.3105,-19.7589
-68.2105,-19.7589
-68.1105,-19.7589
-68.0105,-19.7589
-67.9105,-19.7589
-67.8105,-19.7589
-67.7105,-19.7589
-67.6105,-19.7589
-67.5105,-19.7589
-67.4105,-19.7589
-67.3105,-19.7589
-67.2105,-19.7589
-67.1105,-19.7589
-71.6105,-19.8589
-71.5105,-19.8589
-71.4105,-19.8589
-71.3105,-19.8589
-71.2105,-19.8589
-71.1105,-19.8589
-71.0105,-19.8589
-70.9105,-19.8589
-70.8105,-19.8589
-70.7105,-19.8589
-70.6105,-19.8589
-70.5105,-19.8589
-70.4105,-19.8589
-70.3105,-19.8589
-70.2105,-19.8589
-70.1105,-19.8589
-70.0105,-19.8589
-69.9105,-19.8589
-69.8105,-19.8589
-69.7105,-19.8589
-69.6105,-19.8589
-69.5105,-19.8589
-69.4105,-19.8589
-69.3105,-19.8589
-69.2105,-19.8589
-69.1105,-19.8589
-69.0105,-19.8589
-68.9105,-19.8589
-68.8105,-19.8589
-68.7105,-19.8589
-68.6105,-19.8589
-68.5105,-19.8589
-68.4105,-19.8589
-68.3105,-19.8589
-68.2105,-19.8589
-68.1105,-19.8589
-68.0105,-19.8589
-67.9105,-19.8589
-67.8105,-19.8589
-67.7105,-19.8589
-67.6105,-19.8589
-67.5105,-19.8589
-67.4105,-19.8589
-67.3105,-19.8589
-67.2105,-19.8589
-67.1105,-19.8589
-71.6105,-19.9589
-71.5105,-19.9589
-71.4105,-19.9589
-71.3105,-19.9589
-71.2105,-19.9589
-71.1105,-19.9589
-71.0105,-19.9589
-70.9105,-19.9589
-70.8105,-19.9589
-70.7105,-19.9589
-70.6105,-19.9589
-70.5105,-19.9589
-70.4105,-19.9589
-70.3105,-19.9589
-70.2105,-19.9589
-70.1105,-19.9589
-70.0105,-19.9589
-69.9105,-19.9589
-69.8105,-19.9589
-69.7105,-19.9589
-69.6105,-19.9589
-69.5105,-19.9589
-69.4105,-19.9589
-69.3105,-19.9589
-69.2105,-19.9589
-69.1105,-19.9589
-69.0105,-19.9589
-68.9105,-19.9589
-68.8105,-19.9589
-68.7105,-19.9589
-68.6105,-19.9589
-68.5105,-19.9589
-68.4105,-19.9589
-68.3105,-19.9589
-68.2105,-19.9589
-68.1105,-19.9589
-68.0105,-19.9589
-67.9105,-19.9589
-67.8105,-19.9589
-67.7105,-19.9589
-67.6105,-19.9589
-67.5105,-19.9589
-67.4105,-19.9589
-67.3105,-19.9589
-67.2105,-19.9589
-67.1105,-19.9589
-71.6105,-20.0589
-71.5105,-20.0589
-71.4105,-20.0589
-71.3105,-20.0589
-71.2105,-20.0589
-71.1105,-20.0589
-71.0105,-20.0589
-70.9105,-20.0589
-70.8105,-20.0589
-70.7105,-20.0589
-70.6105,-20.0589
-70.5105,-20.0589
-70.4105,-20.0589
-70.3105,-20.0589
-70.2105,-20.0589
-70.1105,-20.0589
-70.0105,-20.0589
-69.9105,-20.0589
-69.8105,-20.0589
-69.7105,-20.0589
-69.6105,-20.0589
-69.5105,-20.0589
-69.4105,-20.0589
-69.3105,-20.0589
-69.2105,-20.0589
-69.1105,-20.0589
-69.0105,-20.0589
-68.9105,-20.0589
-68.8105,-20.0589
-68.7105,-20.0589
-68.6105,-20.0589
-68.5105,-20.0589
-68.4105,-20.0589
-68.3105,-20.0589
-68.2105,-20.0589
-68.1105,-20.0589
-68.0105,-20.0589
-67.9105,-20.0589
-67.8105,-20.0589
-67.7105,-20.0589
-67.6105,-20.0589
-67.5105,-20.0589
-67.4105,-20.0589
-67.3105,-20.0589
-67.2105,-20.0589
-67.1105,-20.0589
-71.6105,-20.1589
-71.5105,-20.1589
-71.4105,-20.1589
-71.3105,-20.1589
-71.2105,-20.1589
-71.1105,-20.1589
-71.0105,-20.1589
-70.9105,-20.1589
-70.8105,-20.1589
-70.7105,-20.1589
-70.6105,-20.1589
-70.5105,-20.1589
-70.4105,-20.1589
-70.3105,-20.1589
-70.2105,-20.1589
-70.1105,-20.1589
-70.0105,-20.1589
-69.9105,-20.1589
-69.8105,-20.1589
-69.7105,-20.1589
-69.6105,-20.1589
-69.5105,-20.1589
-69.4105,-20.1589
-69.3105,-20.1589
-69.2105,-20.1589
-69.1105,-20.1589
-69.0105,-20.1589
-68.9105,-20.1589
-68.8105,-20.1589
-68.7105,-20.1589
-68.6105,-20.1589
-68.5105,-20.1589
-68.4105,-20.1589
-68.3105,-20.1589
-68.2105,-20.1589
-68.1105,-20.1589
-68.0105,-20.1589
-67.9105,-20.1589
-67.8105,-20.1589
-67.7105,-20.1589
-67.6105,-20.1589
-67.5105,-20.1589
-67.4105,-20.1589
-67.3105,-20.1589
-67.2105,-20.1589
-67.1105,-20.1589
-71.6105,-20.2589
-71.5105,-20.2589
-71.4105,-20.2589
-71.3105,-20.2589
-71.2105,-20.2589
-71.1105,-20.2589
-71.0105,-20.2589
-70.9105,-20.2589
-70.8105,-20.2589
-70.7105,-20.2589
-70.6105,-20.2589
-70.5105,-20.2589
-70.4105,-20.2589
-70.3105,-20.2589
-70.2105,-20.2589
-70.1105,-20.2589
-70.0105,-20.2589
-69.9105,-20.2589
-69.8105,-20.2589
-69.7105,-20.2589
-69.6105,-20.2589
-69.5105,-20.2589
-69.4105,-20.2589
-69.3105,-20.2589
-69.2105,-20.2589
-69.1105,-20.2589
-69.0105,-20.2589
-68.9105,-20.2589
-68.8105,-20.2589
-68.7105,-20.2589
-68.6105,-20.2589
-68.5105,-20.2589
-68.4105,-20.2589
-68.3105,-20.2589
-68.2105,-20.2589
-68.1105,-20.2589
-68.0105,-20.2589
-67.9105,-20.2589
-67.8105,-20.2589
-67.7105,-20.2589
-67.6105,-20.2589
-67.5105,-20.2589
-67.4105,-20.2589
-67.3105,-20.2589
-67.2105,-20.2589
-67.1105,-20.2589
-71.6105,-20.3589
-71.5105,-20.3589
-71.4105,-20.3589
-71.3105,-20.3589
-71.2105,-20.3589
-71.1105,-20.3589
-71.0105,-20.3589
-70.9105,-20.3589
-70.8105,-20.3589
-70.7105,-20.3589
-70.6105,-20.3589
-70.5105,-20.3589
-70.4105,-20.3589
-70.3105,-20.3589
-70.2105,-20.3589
-70.1105,-20.3589
-70.0105,-20.3589
-69.9105,-20.3589
-69.8105,-20.3589
-69.7105,-20.3589
-69.6105,-20.3589
-69.5105,-20.3589
-69.4105,-20.3589
-69.3105,-20.3589
-69.2105,-20.3589
-69.1105,-20.3589
-69.0105,-20.3589
-68.9105,-20.3589
-68.8105,-20.3589
-68.7105,-20.3589
-68.6105,-20.3589
-68.5105,-20.3589
-68.4105,-20.3589
-68.3105,-20.3589
-68.2105,-20.3589
-68.1105,-20.3589
-68.0105,-20.3589
-67.9105,-20.3589
-67.8105,-20.3589
-67.7105,-20.3589
-67.6105,-20.3589
-67.5105,-20.3589
-67.4105,-20.3589
-67.3105,-20.3589
-67.2105,-20.3589
-67.1105,-20.3589
-71.6105,-20.4589
-71.5105,-20.4589
-71.4105,-20.4589
-71.3105,-20.4589
-71.2105,-20.4589
-71.1105,-20.4589
-71.0105,-20.4589
-70.9105,-20.4589
-70.8105,-20.4589
-70.7105,-20.4589
-70.6105,-20.4589
-70.5105,-20.4589
-70.4105,-20.4589
-70.3105,-20.4589
-70.2105,-20.4589
-70.1105,-20.4589
-70.0105,-20.4589
-69.9105,-20.4589
-69.8105,-20.4589
-69.7105,-20.4589
-69.6105,-20.4589
-69.5105,-20.4589
-69.4105,-20.4589
-69.3105,-20.4589
-69.2105,-20.4589
-69.1105,-20.4589
-69.0105,-20.4589
-68.9105,-20.4589
-68.8105,-20.4589
-68.7105,-20.4589
-68.6105,-20.4589
-68.5105,-20.4589
-68.4105,-20.4589
-68.3105,-20.4589
-68.2105,-20.4589
-68.1105,-20.4589
-68.0105,-20.4589
-67.9105,-20.4589
-67.8105,-20.4589
-67.7105,-20.4589
-67.6105,-20.4589
-67.5105,-20.4589
-67.4105,-20.4589
-67.3105,-20.4589
-67.2105,-20.4589
-67.1105,-20.4589
-67.0105,-20.4589
-71.6105,-20.5589
-71.5105,-20.5589
-71.4105,-20.5589
-71.3105,-20.5589
-71.2105,-20.5589
-71.1105,-20.5589
-71.0105,-20.5589
-70.9105,-20.5589
-70.8105,-20.5589
-70.7105,-20.5589
-70.6105,-20.5589
-70.5105,-20.5589
-70.4105,-20.5589
-70.3105,-20.5589
-70.2105,-20.5589
-70.1105,-20.5589
-70.0105,-20.5589
-69.9105,-20.5589
-69.8105,-20.5589
-69.7105,-20.5589
-69.6105,-20.5589
-69.5105,-20.5589
-69.4105,-20.5589
-69.3105,-20.5589
-69.2105,-20.5589
-69.1105,-20.5589
-69.0105,-20.5589
-68.9105,-20.5589
-68.8105,-20.5589
-68.7105,-20.5589
-68.6105,-20.5589
-68.5105,-20.5589
-68.4105,-20.5589
-68.3105,-20.5589
-68.2105,-20.5589
-68.1105,-20.5589
-68.0105,-20.5589
-67.9105,-20.5589
-67.8105,-20.5589
-67.7105,-20.5589
-67.6105,-20.5589
-67.5105,-20.5589
-67.4105,-20.5589
-67.3105,-20.5589
-67.2105,-20.5589
-67.1105,-20.5589
-67.0105,-20.5589
-66.9105,-20.5589
-71.6105,-20.6589
-71.5105,-20.6589
-71.4105,-20.6589
-71.3105,-20.6589
-71.2105,-20.6589
-71.1105,-20.6589
-71.0105,-20.6589
-70.9105,-20.6589
-70.8105,-20.6589
-70.7105,-20.6589
-70.6105,-20.6589
-70.5105,-20.6589
-70.4105,-20.6589
-70.3105,-20.6589
-70.2105,-20.6589
-70.1105,-20.6589
-70.0105,-20.6589
-69.9105,-20.6589
-69.8105,-20.6589
-69.7105,-20.6589
-69.6105,-20.6589
-69.5105,-20.6589
-69.4105,-20.6589
-69.3105,-20.6589
-69.2105,-20.6589
-69.1105,-20.6589
-69.0105,-20.6589
-68.9105,-20.6589
-68.8105,-20.6589
-68.7105,-20.6589
-68.6105,-20.6589
-68.5105,-20.6589
-68.4105,-20.6589
-68.3105,-20.6589
-68.2105,-20.6589
-68.1105,-20.6589
-68.0105,-20.6589
-67.9105,-20.6589
-67.8105,-20.6589
-67.7105,-20.6589
-67.6105,-20.6589
-67.5105,-20.6589
-67.4105,-20.6589
-67.3105,-20.6589
-67.2105,-20.6589
-67.1105,-20.6589
-67.0105,-20.6589
-66.9105,-20.6589
-71.6105,-20.7589
-71.5105,-20.7589
-71.4105,-20.7589
-71.3105,-20.7589
-71.2105,-20.7589
-71.1105,-20.7589
-71.0105,-20.7589
-70.9105,-20.7589
-70.8105,-20.7589
-70.7105,-20.7589
-70.6105,-20.7589
-70.5105,-20.7589
-70.4105,-20.7589
-70.3105,-20.7589
-70.2105,-20.7589
-70.1105,-20.7589
-70.0105,-20.7589
-69.9105,-20.7589
-69.8105,-20.7589
-69.7105,-20.7589
-69.6105,-20.7589
-69.5105,-20.7589
-69.4105,-20.7589
-69.3105,-20.7589
-69.2105,-20.7589
-69.1105,-20.7589
-69.0105,-20.7589
-68.9105,-20.7589
-68.8105,-20.7589
-68.7105,-20.7589
-68.6105,-20.7589
-68.5105,-20.7589
-68.4105,-20.7589
-68.3105,-20.7589
-68.2105,-20.7589
-68.1105,-20.7589
-68.0105,-20.7589
-67.9105,-20.7589
-67.8105,-20.7589
-67.7105,-20.7589
-67.6105,-20.7589
-67.5105,-20.7589
-67.4105,-20.7589
-67.3105,-20.7589
-67.2105,-20.7589
-67.1105,-20.7589
-67.0105,-20.7589
-66.9105,-20.7589
-71.6105,-20.8589
-71.5105,-20.8589
-71.4105,-20.8589
-71.3105,-20.8589
-71.2105,-20.8589
-71.1105,-20.8589
-71.0105,-20.8589
-70.9105,-20.8589
-70.8105,-20.8589
-70.7105,-20.8589
-70.6105,-20.8589
-70.5105,-20.8589
-70.4105,-20.8589
-70.3105,-20.8589
-70.2105,-20.8589
-70.1105,-20.8589
-70.0105,-20.8589
-69.9105,-20.8589
-69.8105,-20.8589
-69.7105,-20.8589
-69.6105,-20.8589
-69.5105,-20.8589
-69.4105,-20.8589
-69.3105,-20.8589
-69.2105,-20.8589
-69.1105,-20.8589
-69.0105,-20.8589
-68.9105,-20.8589
-68.8105,-20.8589
-68.7105,-20.8589
-68.6105,-20.8589
-68.5105,-20.8589
-68.4105,-20.8589
-68.3105,-20.8589
-68.2105,-20.8589
-68.1105,-20.8589
-68.0105,-20.8589
-67.9105,-20.8589
-67.8105,-20.8589
-67.7105,-20.8589
-67.6105,-20.8589
-67.5105,-20.8589
-67.4105,-20.8589
-67.3105,-20.8589
-67.2105,-20.8589
-67.1105,-20.8589
-67.0105,-20.8589
-66.9105,-20.8589
-66.8105,-20.8589
-71.6105,-20.9589
-71.5105,-20.9589
-71.4105,-20.9589
-71.3105,-20.9589
-71.2105,-20.9589
-71.1105,-20.9589
-71.0105,-20.9589
-70.9105,-20.9589
-70.8105,-20.9589
-70.7105,-20.9589
-70.6105,-20.9589
-70.5105,-20.9589
-70.4105,-20.9589
-70.3105,-20.9589
-70.2105,-20.9589
-70.1105,-20.9589
-70.0105,-20.9589
-69.9105,-20.9589
-69.8105,-20.9589
-69.7105,-20.9589
-69.6105,-20.9589
-69.5105,-20.9589
-69.4105,-20.9589
-69.3105,-20.9589
-69.2105,-20.9589
-69.1105,-20.9589
-69.0105,-20.9589
-68.9105,-20.9589
-68.8105,-20.9589
-68.7105,-20.9589
-68.6105,-20.9589
-68.5105,-20.9589
-68.4105,-20.9589
-68.3105,-20.9589
-68.2105,-20.9589
-68.1105,-20.9589
-68.0105,-20.9589
-67.9105,-20.9589
-67.8105,-20.9589
-67.7105,-20.9589
-67.6105,-20.9589
-67.5105,-20.9589
-67.4105,-20.9589
-67.3105,-20.9589
-67.2105,-20.9589
-67.1105,-20.9589
-67.0105,-20.9589
-66.9105,-20.9589
-66.8105,-20.9589
-71.6105,-21.0589
-71.5105,-21.0589
-71.4105,-21.0589
-71.3105,-21.0589
-71.2105,-21.0589
-71.1105,-21.0589
-71.0105,-21.0589
-70.9105,-21.0589
-70.8105,-21.0589
-70.7105,-21.0589
-70.6105,-21.0589
-70.5105,-21.0589
-70.4105,-21.0589
-70.3105,-21.0589
-70.2105,-21.0589
-70.1105,-21.0589
-70.0105,-21.0589
-69.9105,-21.0589
-69.8105,-21.0589
-69.7105,-21.0589
-69.6105,-21.0589
-69.5105,-21.0589
-69.4105,-21.0589
-69.3105,-21.0589
-69.2105,-21.0589
-69.1105,-21.0589
-69.0105,-21.0589
-68.9105,-21.0589
-68.8105,-21.0589
-68.7105,-21.0589
-68.6105,-21.0589
-68.5105,-21.0589
-68.4105,-21.0589
-68.3105,-21.0589
-68.2105,-21.0589
-68.1105,-21.0589
-68.0105,-21.0589
-67.9105,-21.0589
-67.8105,-21.0589
-67.7105,-21.0589
-67.6105,-21.0589
-67.5105,-21.0589
-67.4105,-21.0589
-67.3105,-21.0589
-67.2105,-21.0589
-67.1105,-21.0589
-67.0105,-21.0589
-66.9105,-21.0589
-66.8105,-21.0589
-71.6105,-21.1589
-71.5105,-21.1589
-71.4105,-21.1589
-71.3105,-21.1589
-71.2105,-21.1589
-71.1105,-21.1589
-71.0105,-21.1589
-70.9105,-21.1589
-70.8105,-21.1589
-70.7105,-21.1589
-70.6105,-21.1589
-70.5105,-21.1589
-70.4105,-21.1589
-70.3105,-21.1589
-70.2105,-21.1589
-70.1105,-21.1589
-70.0105,-21.1589
-69.9105,-21.1589
-69.8105,-21.1589
-69.7105,-21.1589
-69.6105,-21.1589
-69.5105,-21.1589
-69.4105,-21.1589
-69.3105,-21.1589
-69.2105,-21.1589
-69.1105,-21.1589
-69.0105,-21.1589
-68.9105,-21.1589
-68.8105,-21.1589
-68.7105,-21.1589
-68.6105,-21.1589
-68.5105,-21.1589
-68.4105,-21.1589
-68.3105,-21.1589
-68.2105,-21.1589
-68.1105,-21.1589
-68.0105,-21.1589
-67.9105,-21.1589
-67.8105,-21.1589
-67.7105,-21.1589
-67.6105,-21.1589
-67.5105,-21.1589
-67.4105,-21.1589
-67.3105,-21.1589
-67.2105,-21.1589
-67.1105,-21.1589
-67.0105,-21.1589
-66.9105,-21.1589
-66.8105,-21.1589
-71.6105,-21.2589
-71.5105,-21.2589
-71.4105,-21.2589
-71.3105,-21.2589
-71.2105,-21.2589
-71.1105,-21.2589
-71.0105,-21.2589
-70.9105,-21.2589
-70.8105,-21.2589
-70.7105,-21.2589
-70.6105,-21.2589
-70.5105,-21.2589
-70.4105,-21.2589
-70.3105,-21.2589
-70.2105,-21.2589
-70.1105,-21.2589
-70.0105,-21.2589
-69.9105,-21.2589
-69.8105,-21.2589
-69.7105,-21.2589
-69.6105,-21.2589
-69.5105,-21.2589
-69.4105,-21.2589
-69.3105,-21.2589
-69.2105,-21.2589
-69.1105,-21.2589
-69.0105,-21.2589
-68.9105,-21.2589
-68.8105,-21.2589
-68.7105,-21.2589
-68.6105,-21.2589
-68.5105,-21.2589
-68.4105,-21.2589
-68.3105,-21.2589
-68.2105,-21.2589
-68.1105,-21.2589
-68.0105,-21.2589
-67.9105,-21.2589
-67.8105,-21.2589
-67.7105,-21.2589
-67.6105,-21.2589
-67.5105,-21.2589
-67.4105,-21.2589
-67.3105,-21.2589
-67.2105,-21.2589
-67.1105,-21.2589
-67.0105,-21.2589
-66.9105,-21.2589
-66.8105,-21.2589
-66.7105,-21.2589
-71.6105,-21.3589
-71.5105,-21.3589
-71.4105,-21.3589
-71.3105,-21.3589
-71.2105,-21.3589
-71.1105,-21.3589
-71.0105,-21.3589
-70.9105,-21.3589
-70.8105,-21.3589
-70.7105,-21.3589
-70.6105,-21.3589
-70.5105,-21.3589
-70.4105,-21.3589
-70.3105,-21.3589
-70.2105,-21.3589
-70.1105,-21.3589
-70.0105,-21.3589
-69.9105,-21.3589
-69.8105,-21.3589
-69.7105,-21.3589
-69.6105,-21.3589
-69.5105,-21.3589
-69.4105,-21.3589
-69.3105,-21.3589
-69.2105,-21.3589
-69.1105,-21.3589
-69.0105,-21.3589
-68.9105,-21.3589
-68.8105,-21.3589
-68.7105,-21.3589
-68.6105,-21.3589
-68.5105,-21.3589
-68.4105,-21.3589
-68.3105,-21.3589
-68.2105,-21.3589
-68.1105,-21.3589
-68.0105,-21.3589
-67.9105,-21.3589
-67.8105,-21.3589
-67.7105,-21.3589
-67.6105,-21.3589
-67.5105,-21.3589
-67.4105,-21.3589
-67.3105,-21.3589
-67.2105,-21.3589
-67.1105,-21.3589
-67.0105,-21.3589
-66.9105,-21.3589
-66.8105,-21.3589
-66.7105,-21.3589
-71.6105,-21.4589
-71.5105,-21.4589
-71.4105,-21.4589
-71.3105,-21.4589
-71.2105,-21.4589
-71.1105,-21.4589
-71.0105,-21.4589
-70.9105,-21.4589
-70.8105,-21.4589
-70.7105,-21.4589
-70.6105,-21.4589
-70.5105,-21.4589
-70.4105,-21.4589
-70.3105,-21.4589
-70.2105,-21.4589
-70.1105,-21.4589
-70.0105,-21.4589
-69.9105,-21.4589
-69.8105,-21.4589
-69.7105,-21.4589
-69.6105,-21.4589
-69.5105,-21.4589
-69.4105,-21.4589
-69.3105,-21.4589
-69.2105,-21.4589
-69.1105,-21.4589
-69.0105,-21.4589
-68.9105,-21.4589
-68.8105,-21.4589
-68.7105,-21.4589
-68.6105,-21.4589
-68.5105,-21.4589
-68.4105,-21.4589
-68.3105,-21.4589
-68.2105,-21.4589
-68.1105,-21.4589
-68.0105,-21.4589
-67.9105,-21.4589
-67.8105,-21.4589
-67.7105,-21.4589
-67.6105,-21.4589
-67.5105,-21.4589
-67.4105,-21.4589
-67.3105,-21.4589
-67.2105,-21.4589
-67.1105,-21.4589
-67.0105,-21.4589
-66.9105,-21.4589
-66.8105,-21.4589
-66.7105,-21.4589
-66.6105,-21.4589
-71.6105,-21.5589
-71.5105,-21.5589
-71.4105,-21.5589
-71.3105,-21.5589
-71.2105,-21.5589
-71.1105,-21.5589
-71.0105,-21.5589
-70.9105,-21.5589
-70.8105,-21.5589
-70.7105,-21.5589
-70.6105,-21.5589
-70.5105,-21.5589
-70.4105,-21.5589
-70.3105,-21.5589
-70.2105,-21.5589
-70.1105,-21.5589
-70.0105,-21.5589
-69.9105,-21.5589
-69.8105,-21.5589
-69.7105,-21.5589
-69.6105,-21.5589
-69.5105,-21.5589
-69.4105,-21.5589
-69.3105,-21.5589
-69.2105,-21.5589
-69.1105,-21.5589
-69.0105,-21.5589
-68.9105,-21.5589
-68.8105,-21.5589
-68.7105,-21.5589
-68.6105,-21.5589
-68.5105,-21.5589
-68.4105,-21.5589
-68.3105,-21.5589
-68.2105,-21.5589
-68.1105,-21.5589
-68.0105,-21.5589
-67.9105,-21.5589
-67.8105,-21.5589
-67.7105,-21.5589
-67.6105,-21.5589
-67.5105,-21.5589
-67.4105,-21.5589
-67.3105,-21.5589
-67.2105,-21.5589
-67.1105,-21.5589
-67.0105,-21.5589
-66.9105,-21.5589
-66.8105,-21.5589
-66.7105,-21.5589
-66.6105,-21.5589
-71.6105,-21.6589
-71.5105,-21.6589
-71.4105,-21.6589
-71.3105,-21.6589
-71.2105,-21.6589
-71.1105,-21.6589
-71.0105,-21.6589
-70.9105,-21.6589
-70.8105,-21.6589
-70.7105,-21.6589
-70.6105,-21.6589
-70.5105,-21.6589
-70.4105,-21.6589
-70.3105,-21.6589
-70.2105,-21.6589
-70.1105,-21.6589
-70.0105,-21.6589
-69.9105,-21.6589
-69.8105,-21.6589
-69.7105,-21.6589
-69.6105,-21.6589
-69.5105,-21.6589
-69.4105,-21.6589
-69.3105,-21.6589
-69.2105,-21.6589
-69.1105,-21.6589
-69.0105,-21.6589
-68.9105,-21.6589
-68.8105,-21.6589
-68.7105,-21.6589
-68.6105,-21.6589
-68.5105,-21.6589
-68.4105,-21.6589
-68.3105,-21.6589
-68.2105,-21.6589
-68.1105,-21.6589
-68.0105,-21.6589
-67.9105,-21.6589
-67.8105,-21.6589
-67.7105,-21.6589
-67.6105,-21.6589
-67.5105,-21.6589
-67.4105,-21.6589
-67.3105,-21.6589
-67.2105,-21.6589
-67.1105,-21.6589
-67.0105,-21.6589
-66.9105,-21.6589
-66.8105,-21.6589
-66.7105,-21.6589
-66.6105,-21.6589
-66.5105,-21.6589
-71.6105,-21.7589
-71.5105,-21.7589
-71.4105,-21.7589
-71.3105,-21.7589
-71.2105,-21.7589
-71.1105,-21.7589
-71.0105,-21.7589
-70.9105,-21.7589
-70.8105,-21.7589
-70.7105,-21.7589
-70.6105,-21.7589
-70.5105,-21.7589
-70.4105,-21.7589
-70.3105,-21.7589
-70.2105,-21.7589
-70.1105,-21.7589
-70.0105,-21.7589
-69.9105,-21.7589
-69.8105,-21.7589
-69.7105,-21.7589
-69.6105,-21.7589
-69.5105,-21.7589
-69.4105,-21.7589
-69.3105,-21.7589
-69.2105,-21.7589
-69.1105,-21.7589
-69.0105,-21.7589
-68.9105,-21.7589
-68.8105,-21.7589
-68.7105,-21.7589
-68.6105,-21.7589
-68.5105,-21.7589
-68.4105,-21.7589
-68.3105,-21.7589
-68.2105,-21.7589
-68.1105,-21.7589
-68.0105,-21.7589
-67.9105,-21.7589
-67.8105,-21.7589
-67.7105,-21.7589
-67.6105,-21.7589
-67.5105,-21.7589
-67.4105,-21.7589
-67.3105,-21.7589
-67.2105,-21.7589
-67.1105,-21.7589
-67.0105,-21.7589
-66.9105,-21.7589
-66.8105,-21.7589
-66.7105,-21.7589
-66.6105,-21.7589
-66.5105,-21.7589
-66.4105,-21.7589
-66.3105,-21.7589
-66.2105,-21.7589
-71.6105,-21.8589
-71.5105,-21.8589
-71.4105,-21.8589
-71.3105,-21.8589
-71.2105,-21.8589
-71.1105,-21.8589
-71.0105,-21.8589
-70.9105,-21.8589
-70.8105,-21.8589
-70.7105,-21.8589
-70.6105,-21.8589
-70.5105,-21.8589
-70.4105,-21.8589
-70.3105,-21.8589
-70.2105,-21.8589
-70.1105,-21.8589
-70.0105,-21.8589
-69.9105,-21.8589
-69.8105,-21.8589
-69.7105,-21.8589
-69.6105,-21.8589
-69.5105,-21.8589
-69.4105,-21.8589
-69.3105,-21.8589
-69.2105,-21.8589
-69.1105,-21.8589
-69.0105,-21.8589
-68.9105,-21.8589
-68.8105,-21.8589
-68.7105,-21.8589
-68.6105,-21.8589
-68.5105,-21.8589
-68.4105,-21.8589
-68.3105,-21.8589
-68.2105,-21.8589
-68.1105,-21.8589
-68.0105,-21.8589
-67.9105,-21.8589
-67.8105,-21.8589
-67.7105,-21.8589
-67.6105,-21.8589
-67.5105,-21.8589
-67.4105,-21.8589
-67.3105,-21.8589
-67.2105,-21.8589
-67.1105,-21.8589
-67.0105,-21.8589
-66.9105,-21.8589
-66.8105,-21.8589
-66.7105,-21.8589
-66.6105,-21.8589
-66.5105,-21.8589
-66.4105,-21.8589
-66.3105,-21.8589
-66.2105,-21.8589
-66.1105,-21.8589
-71.6105,-21.9589
-71.5105,-21.9589
-71.4105,-21.9589
-71.3105,-21.9589
-71.2105,-21.9589
-71.1105,-21.9589
-71.0105,-21.9589
-70.9105,-21.9589
-70.8105,-21.9589
-70.7105,-21.9589
-70.6105,-21.9589
-70.5105,-21.9589
-70.4105,-21.9589
-70.3105,-21.9589
-70.2105,-21.9589
-70.1105,-21.9589
-70.0105,-21.9589
-69.9105,-21.9589
-69.8105,-21.9589
-69.7105,-21.9589
-69.6105,-21.9589
-69.5105,-21.9589
-69.4105,-21.9589
-69.3105,-21.9589
-69.2105,-21.9589
-69.1105,-21.9589
-69.0105,-21.9589
-68.9105,-21.9589
-68.8105,-21.9589
-68.7105,-21.9589
-68.6105,-21.9589
-68.5105,-21.9589
-68.4105,-21.9589
-68.3105,-21.9589
-68.2105,-21.9589
-68.1105,-21.9589
-68.0105,-21.9589
-67.9105,-21.9589
-67.8105,-21.9589
-67.7105,-21.9589
-67.6105,-21.9589
-67.5105,-21.9589
-67.4105,-21.9589
-67.3105,-21.9589
-67.2105,-21.9589
-67.1105,-21.9589
-67.0105,-21.9589
-66.9105,-21.9589
-66.8105,-21.9589
-66.7105,-21.9589
-66.6105,-21.9589
-66.5105,-21.9589
-66.4105,-21.9589
-66.3105,-21.9589
-66.2105,-21.9589
-66.1105,-21.9589
-66.0105,-21.9589
-71.7105,-22.0589
-71.6105,-22.0589
-71.5105,-22.0589
-71.4105,-22.0589
-71.3105,-22.0589
-71.2105,-22.0589
-71.1105,-22.0589
-71.0105,-22.0589
-70.9105,-22.0589
-70.8105,-22.0589
-70.7105,-22.0589
-70.6105,-22.0589
-70.5105,-22.0589
-70.4105,-22.0589
-70.3105,-22.0589
-70.2105,-22.0589
-70.1105,-22.0589
-70.0105,-22.0589
-69.9105,-22.0589
-69.8105,-22.0589
-69.7105,-22.0589
-69.6105,-22.0589
-69.5105,-22.0589
-69.4105,-22.0589
-69.3105,-22.0589
-69.2105,-22.0589
-69.1105,-22.0589
-69.0105,-22.0589
-68.9105,-22.0589
-68.8105,-22.0589
-68.7105,-22.0589
-68.6105,-22.0589
-68.5105,-22.0589
-68.4105,-22.0589
-68.3105,-22.0589
-68.2105,-22.0589
-68.1105,-22.0589
-68.0105,-22.0589
-67.9105,-22.0589
-67.8105,-22.0589
-67.7105,-22.0589
-67.6105,-22.0589
-67.5105,-22.0589
-67.4105,-22.0589
-67.3105,-22.0589
-67.2105,-22.0589
-67.1105,-22.0589
-67.0105,-22.0589
-66.9105,-22.0589
-66.8105,-22.0589
-66.7105,-22.0589
-66.6105,-22.0589
-66.5105,-22.0589
-66.4105,-22.0589
-66.3105,-22.0589
-66.2105,-22.0589
-66.1105,-22.0589
-66.0105,-22.0589
-71.7105,-22.1589
-71.6105,-22.1589
-71.5105,-22.1589
-71.4105,-22.1589
-71.3105,-22.1589
-71.2105,-22.1589
-71.1105,-22.1589
-71.0105,-22.1589
-70.9105,-22.1589
-70.8105,-22.1589
-70.7105,-22.1589
-70.6105,-22.1589
-70.5105,-22.1589
-70.4105,-22.1589
-70.3105,-22.1589
-70.2105,-22.1589
-70.1105,-22.1589
-70.0105,-22.1589
-69.9105,-22.1589
-69.8105,-22.1589
-69.7105,-22.1589
-69.6105,-22.1589
-69.5105,-22.1589
-69.4105,-22.1589
-69.3105,-22.1589
-69.2105,-22.1589
-69.1105,-22.1589
-69.0105,-22.1589
-68.9105,-22.1589
-68.8105,-22.1589
-68.7105,-22.1589
-68.6105,-22.1589
-68.5105,-22.1589
-68.4105,-22.1589
-68.3105,-22.1589
-68.2105,-22.1589
-68.1105,-22.1589
-68.0105,-22.1589
-67.9105,-22.1589
-67.8105,-22.1589
-67.7105,-22.1589
-67.6105,-22.1589
-67.5105,-22.1589
-67.4105,-22.1589
-67.3105,-22.1589
-67.2105,-22.1589
-67.1105,-22.1589
-67.0105,-22.1589
-66.9105,-22.1589
-66.8105,-22.1589
-66.7105,-22.1589
-66.6105,-22.1589
-66.5105,-22.1589
-66.4105,-22.1589
-66.3105,-22.1589
-66.2105,-22.1589
-66.1105,-22.1589
-66.0105,-22.1589
-65.9105,-22.1589
-71.8105,-22.2589
-71.7105,-22.2589
-71.6105,-22.2589
-71.5105,-22.2589
-71.4105,-22.2589
-71.3105,-22.2589
-71.2105,-22.2589
-71.1105,-22.2589
-71.0105,-22.2589
-70.9105,-22.2589
-70.8105,-22.2589
-70.7105,-22.2589
-70.6105,-22.2589
-70.5105,-22.2589
-70.4105,-22.2589
-70.3105,-22.2589
-70.2105,-22.2589
-70.1105,-22.2589
-70.0105,-22.2589
-69.9105,-22.2589
-69.8105,-22.2589
-69.7105,-22.2589
-69.6105,-22.2589
-69.5105,-22.2589
-69.4105,-22.2589
-69.3105,-22.2589
-69.2105,-22.2589
-69.1105,-22.2589
-69.0105,-22.2589
-68.9105,-22.2589
-68.8105,-22.2589
-68.7105,-22.2589
-68.6105,-22.2589
-68.5105,-22.2589
-68.4105,-22.2589
-68.3105,-22.2589
-68.2105,-22.2589
-68.1105,-22.2589
-68.0105,-22.2589
-67.9105,-22.2589
-67.8105,-22.2589
-67.7105,-22.2589
-67.6105,-22.2589
-67.5105,-22.2589
-67.4105,-22.2589
-67.3105,-22.2589
-67.2105,-22.2589
-67.1105,-22.2589
-67.0105,-22.2589
-66.9105,-22.2589
-66.8105,-22.2589
-66.7105,-22.2589
-66.6105,-22.2589
-66.5105,-22.2589
-66.4105,-22.2589
-66.3105,-22.2589
-66.2105,-22.2589
-66.1105,-22.2589
-66.0105,-22.2589
-65.9105,-22.2589
-71.8105,-22.3589
-71.7105,-22.3589
-71.6105,-22.3589
-71.5105,-22.3589
-71.4105,-22.3589
-71.3105,-22.3589
-71.2105,-22.3589
-71.1105,-22.3589
-71.0105,-22.3589
-70.9105,-22.3589
-70.8105,-22.3589
-70.7105,-22.3589
-70.6105,-22.3589
-70.5105,-22.3589
-70.4105,-22.3589
-70.3105,-22.3589
-70.2105,-22.3589
-70.1105,-22.3589
-70.0105,-22.3589
-69.9105,-22.3589
-69.8105,-22.3589
-69.7105,-22.3589
-69.6105,-22.3589
-69.5105,-22.3589
-69.4105,-22.3589
-69.3105,-22.3589
-69.2105,-22.3589
-69.1105,-22.3589
-69.0105,-22.3589
-68.9105,-22.3589
-68.8105,-22.3589
-68.7105,-22.3589
-68.6105,-22.3589
-68.5105,-22.3589
-68.4105,-22.3589
-68.3105,-22.3589
-68.2105,-22.3589
-68.1105,-22.3589
-68.0105,-22.3589
-67.9105,-22.3589
-67.8105,-22.3589
-67.7105,-22.3589
-67.6105,-22.3589
-67.5105,-22.3589
-67.4105,-22.3589
-67.3105,-22.3589
-67.2105,-22.3589
-67.1105,-22.3589
-67.0105,-22.3589
-66.9105,-22.3589
-66.8105,-22.3589
-66.7105,-22.3589
-66.6105,-22.3589
-66.5105,-22.3589
-66.4105,-22.3589
-66.3105,-22.3589
-66.2105,-22.3589
-66.1105,-22.3589
-66.0105,-22.3589
-65.9105,-22.3589
-71.9105,-22.4589
-71.8105,-22.4589
-71.7105,-22.4589
-71.6105,-22.4589
-71.5105,-22.4589
-71.4105,-22.4589
-71.3105,-22.4589
-71.2105,-22.4589
-71.1105,-22.4589
-71.0105,-22.4589
-70.9105,-22.4589
-70.8105,-22.4589
-70.7105,-22.4589
-70.6105,-22.4589
-70.5105,-22.4589
-70.4105,-22.4589
-70.3105,-22.4589
-70.2105,-22.4589
-70.1105,-22.4589
-70.0105,-22.4589
-69.9105,-22.4589
-69.8105,-22.4589
-69.7105,-22.4589
-69.6105,-22.4589
-69.5105,-22.4589
-69.4105,-22.4589
-69.3105,-22.4589
-69.2105,-22.4589
-69.1105,-22.4589
-69.0105,-22.4589
-68.9105,-22.4589
-68.8105,-22.4589
-68.7105,-22.4589
-68.6105,-22.4589
-68.5105,-22.4589
-68.4105,-22.4589
-68.3105,-22.4589
-68.2105,-22.4589
-68.1105,-22.4589
-68.0105,-22.4589
-67.9105,-22.4589
-67.8105,-22.4589
-67.7105,-22.4589
-67.6105,-22.4589
-67.5105,-22.4589
-67.4105,-22.4589
-67.3105,-22.4589
-67.2105,-22.4589
-67.1105,-22.4589
-67.0105,-22.4589
-66.9105,-22.4589
-66.8105,-22.4589
-66.7105,-22.4589
-66.6105,-22.4589
-66.5105,-22.4589
-66.4105,-22.4589
-66.3105,-22.4589
-66.2105,-22.4589
-66.1105,-22.4589
-66.0105,-22.4589
-65.9105,-22.4589
-65.8105,-22.4589
-71.9105,-22.5589
-71.8105,-22.5589
-71.7105,-22.5589
-71.6105,-22.5589
-71.5105,-22.5589
-71.4105,-22.5589
-71.3105,-22.5589
-71.2105,-22.5589
-71.1105,-22.5589
-71.0105,-22.5589
-70.9105,-22.5589
-70.8105,-22.5589
-70.7105,-22.5589
-70.6105,-22.5589
-70.5105,-22.5589
-70.4105,-22.5589
-70.3105,-22.5589
-70.2105,-22.5589
-70.1105,-22.5589
-70.0105,-22.5589
-69.9105,-22.5589
-69.8105,-22.5589
-69.7105,-22.5589
-69.6105,-22.5589
-69.5105,-22.5589
-69.4105,-22.5589
-69.3105,-22.5589
-69.2105,-22.5589
-69.1105,-22.5589
-69.0105,-22.5589
-68.9105,-22.5589
-68.8105,-22.5589
-68.7105,-22.5589
-68.6105,-22.5589
-68.5105,-22.5589
-68.4105,-22.5589
-68.3105,-22.5589
-68.2105,-22.5589
-68.1105,-22.5589
-68.0105,-22.5589
-67.9105,-22.5589
-67.8105,-22.5589
-67.7105,-22.5589
-67.6105,-22.5589
-67.5105,-22.5589
-67.4105,-22.5589
-67.3105,-22.5589
-67.2105,-22.5589
-67.1105,-22.5589
-67.0105,-22.5589
-66.9105,-22.5589
-66.8105,-22.5589
-66.7105,-22.5589
-66.6105,-22.5589
-66.5105,-22.5589
-66.4105,-22.5589
-66.3105,-22.5589
-66.2105,-22.5589
-66.1105,-22.5589
-66.0105,-22.5589
-65.9105,-22.5589
-65.8105,-22.5589
-72.0105,-22.6589
-71.9105,-22.6589
-71.8105,-22.6589
-71.7105,-22.6589
-71.6105,-22.6589
-71.5105,-22.6589
-71.4105,-22.6589
-71.3105,-22.6589
-71.2105,-22.6589
-71.1105,-22.6589
-71.0105,-22.6589
-70.9105,-22.6589
-70.8105,-22.6589
-70.7105,-22.6589
-70.6105,-22.6589
-70.5105,-22.6589
-70.4105,-22.6589
-70.3105,-22.6589
-70.2105,-22.6589
-70.1105,-22.6589
-70.0105,-22.6589
-69.9105,-22.6589
-69.8105,-22.6589
-69.7105,-22.6589
-69.6105,-22.6589
-69.5105,-22.6589
-69.4105,-22.6589
-69.3105,-22.6589
-69.2105,-22.6589
-69.1105,-22.6589
-69.0105,-22.6589
-68.9105,-22.6589
-68.8105,-22.6589
-68.7105,-22.6589
-68.6105,-22.6589
-68.5105,-22.6589
-68.4105,-22.6589
-68.3105,-22.6589
-68.2105,-22.6589
-68.1105,-22.6589
-68.0105,-22.6589
-67.9105,-22.6589
-67.8105,-22.6589
-67.7105,-22.6589
-67.6105,-22.6589
-67.5105,-22.6589
-67.4105,-22.6589
-67.3105,-22.6589
-67.2105,-22.6589
-67.1105,-22.6589
-67.0105,-22.6589
-66.9105,-22.6589
-66.8105,-22.6589
-66.7105,-22.6589
-66.6105,-22.6589
-66.5105,-22.6589
-66.4105,-22.6589
-66.3105,-22.6589
-66.2105,-22.6589
-66.1105,-22.6589
-66.0105,-22.6589
-65.9105,-22.6589
-65.8105,-22.6589
-72.0105,-22.7589
-71.9105,-22.7589
-71.8105,-22.7589
-71.7105,-22.7589
-71.6105,-22.7589
-71.5105,-22.7589
-71.4105,-22.7589
-71.3105,-22.7589
-71.2105,-22.7589
-71.1105,-22.7589
-71.0105,-22.7589
-70.9105,-22.7589
-70.8105,-22.7589
-70.7105,-22.7589
-70.6105,-22.7589
-70.5105,-22.7589
-70.4105,-22.7589
-70.3105,-22.7589
-70.2105,-22.7589
-70.1105,-22.7589
-70.0105,-22.7589
-69.9105,-22.7589
-69.8105,-22.7589
-69.7105,-22.7589
-69.6105,-22.7589
-69.5105,-22.7589
-69.4105,-22.7589
-69.3105,-22.7589
-69.2105,-22.7589
-69.1105,-22.7589
-69.0105,-22.7589
-68.9105,-22.7589
-68.8105,-22.7589
-68.7105,-22.7589
-68.6105,-22.7589
-68.5105,-22.7589
-68.4105,-22.7589
-68.3105,-22.7589
-68.2105,-22.7589
-68.1105,-22.7589
-68.0105,-22.7589
-67.9105,-22.7589
-67.8105,-22.7589
-67.7105,-22.7589
-67.6105,-22.7589
-67.5105,-22.7589
-67.4105,-22.7589
-67.3105,-22.7589
-67.2105,-22.7589
-67.1105,-22.7589
-67.0105,-22.7589
-66.9105,-22.7589
-66.8105,-22.7589
-66.7105,-22.7589
-66.6105,-22.7589
-66.5105,-22.7589
-66.4105,-22.7589
-66.3105,-22.7589
-66.2105,-22.7589
-66.1105,-22.7589
-66.0105,-22.7589
-65.9105,-22.7589
-65.8105,-22.7589
-65.7105,-22.7589
-71.9105,-22.8589
-71.8105,-22.8589
-71.7105,-22.8589
-71.6105,-22.8589
-71.5105,-22.8589
-71.4105,-22.8589
-71.3105,-22.8589
-71.2105,-22.8589
-71.1105,-22.8589
-71.0105,-22.8589
-70.9105,-22.8589
-70.8105,-22.8589
-70.7105,-22.8589
-70.6105,-22.8589
-70.5105,-22.8589
-70.4105,-22.8589
-70.3105,-22.8589
-70.2105,-22.8589
-70.1105,-22.8589
-70.0105,-22.8589
-69.9105,-22.8589
-69.8105,-22.8589
-69.7105,-22.8589
-69.6105,-22.8589
-69.5105,-22.8589
-69.4105,-22.8589
-69.3105,-22.8589
-69.2105,-22.8589
-69.1105,-22.8589
-69.0105,-22.8589
-68.9105,-22.8589
-68.8105,-22.8589
-68.7105,-22.8589
-68.6105,-22.8589
-68.5105,-22.8589
-68.4105,-22.8589
-68.3105,-22.8589
-68.2105,-22.8589
-68.1105,-22.8589
-68.0105,-22.8589
-67.9105,-22.8589
-67.8105,-22.8589
-67.7105,-22.8589
-67.6105,-22.8589
-67.5105,-22.8589
-67.4105,-22.8589
-67.3105,-22.8589
-67.2105,-22.8589
-67.1105,-22.8589
-67.0105,-22.8589
-66.9105,-22.8589
-66.8105,-22.8589
-66.7105,-22.8589
-66.6105,-22.8589
-66.5105,-22.8589
-66.4105,-22.8589
-66.3105,-22.8589
-66.2105,-22.8589
-66.1105,-22.8589
-66.0105,-22.8589
-65.9105,-22.8589
-65.8105,-22.8589
-65.7105,-22.8589
-72.0105,-22.9589
-71.9105,-22.9589
-71.8105,-22.9589
-71.7105,-22.9589
-71.6105,-22.9589
-71.5105,-22.9589
-71.4105,-22.9589
-71.3105,-22.9589
-71.2105,-22.9589
-71.1105,-22.9589
-71.0105,-22.9589
-70.9105,-22.9589
-70.8105,-22.9589
-70.7105,-22.9589
-70.6105,-22.9589
-70.5105,-22.9589
-70.4105,-22.9589
-70.3105,-22.9589
-70.2105,-22.9589
-70.1105,-22.9589
-70.0105,-22.9589
-69.9105,-22.9589
-69.8105,-22.9589
-69.7105,-22.9589
-69.6105,-22.9589
-69.5105,-22.9589
-69.4105,-22.9589
-69.3105,-22.9589
-69.2105,-22.9589
-69.1105,-22.9589
-69.0105,-22.9589
-68.9105,-22.9589
-68.8105,-22.9589
-68.7105,-22.9589
-68.6105,-22.9589
-68.5105,-22.9589
-68.4105,-22.9589
-68.3105,-22.9589
-68.2105,-22.9589
-68.1105,-22.9589
-68.0105,-22.9589
-67.9105,-22.9589
-67.8105,-22.9589
-67.7105,-22.9589
-67.6105,-22.9589
-67.5105,-22.9589
-67.4105,-22.9589
-67.3105,-22.9589
-67.2105,-22.9589
-67.1105,-22.9589
-67.0105,-22.9589
-66.9105,-22.9589
-66.8105,-22.9589
-66.7105,-22.9589
-66.6105,-22.9589
-66.5105,-22.9589
-66.4105,-22.9589
-66.3105,-22.9589
-66.2105,-22.9589
-66.1105,-22.9589
-66.0105,-22.9589
-65.9105,-22.9589
-65.8105,-22.9589
-65.7105,-22.9589
-72.0105,-23.0589
-71.9105,-23.0589
-71.8105,-23.0589
-71.7105,-23.0589
-71.6105,-23.0589
-71.5105,-23.0589
-71.4105,-23.0589
-71.3105,-23.0589
-71.2105,-23.0589
-71.1105,-23.0589
-71.0105,-23.0589
-70.9105,-23.0589
-70.8105,-23.0589
-70.7105,-23.0589
-70.6105,-23.0589
-70.5105,-23.0589
-70.4105,-23.0589
-70.3105,-23.0589
-70.2105,-23.0589
-70.1105,-23.0589
-70.0105,-23.0589
-69.9105,-23.0589
-69.8105,-23.0589
-69.7105,-23.0589
-69.6105,-23.0589
-69.5105,-23.0589
-69.4105,-23.0589
-69.3105,-23.0589
-69.2105,-23.0589
-69.1105,-23.0589
-69.0105,-23.0589
-68.9105,-23.0589
-68.8105,-23.0589
-68.7105,-23.0589
-68.6105,-23.0589
-68.5105,-23.0589
-68.4105,-23.0589
-68.3105,-23.0589
-68.2105,-23.0589
-68.1105,-23.0589
-68.0105,-23.0589
-67.9105,-23.0589
-67.8105,-23.0589
-67.7105,-23.0589
-67.6105,-23.0589
-67.5105,-23.0589
-67.4105,-23.0589
-67.3105,-23.0589
-67.2105,-23.0589
-67.1105,-23.0589
-67.0105,-23.0589
-66.9105,-23.0589
-66.8105,-23.0589
-66.7105,-23.0589
-66.6105,-23.0589
-66.5105,-23.0589
-66.4105,-23.0589
-66.3105,-23.0589
-66.2105,-23.0589
-66.1105,-23.0589
-66.0105,-23.0589
-65.9105,-23.0589
-65.8105,-23.0589
-65.7105,-23.0589
-65.6105,-23.0589
-72.0105,-23.1589
-71.9105,-23.1589
-71.8105,-23.1589
-71.7105,-23.1589
-71.6105,-23.1589
-71.5105,-23.1589
-71.4105,-23.1589
-71.3105,-23.1589
-71.2105,-23.1589
-71.1105,-23.1589
-71.0105,-23.1589
-70.9105,-23.1589
-70.8105,-23.1589
-70.7105,-23.1589
-70.6105,-23.1589
-70.5105,-23.1589
-70.4105,-23.1589
-70.3105,-23.1589
-70.2105,-23.1589
-70.1105,-23.1589
-70.0105,-23.1589
-69.9105,-23.1589
-69.8105,-23.1589
-69.7105,-23.1589
-69.6105,-23.1589
-69.5105,-23.1589
-69.4105,-23.1589
-69.3105,-23.1589
-69.2105,-23.1589
-69.1105,-23.1589
-69.0105,-23.1589
-68.9105,-23.1589
-68.8105,-23.1589
-68.7105,-23.1589
-68.6105,-23.1589
-68.5105,-23.1589
-68.4105,-23.1589
-68.3105,-23.1589
-68.2105,-23.1589
-68.1105,-23.1589
-68.0105,-23.1589
-67.9105,-23.1589
-67.8105,-23.1589
-67.7105,-23.1589
-67.6105,-23.1589
-67.5105,-23.1589
-67.4105,-23.1589
-67.3105,-23.1589
-67.2105,-23.1589
-67.1105,-23.1589
-67.0105,-23.1589
-66.9105,-23.1589
-66.8105,-23.1589
-66.7105,-23.1589
-66.6105,-23.1589
-66.5105,-23.1589
-66.4105,-23.1589
-66.3105,-23.1589
-66.2105,-23.1589
-66.1105,-23.1589
-66.0105,-23.1589
-65.9105,-23.1589
-65.8105,-23.1589
-65.7105,-23.1589
-65.6105,-23.1589
-72.0105,-23.2589
-71.9105,-23.2589
-71.8105,-23.2589
-71.7105,-23.2589
-71.6105,-23.2589
-71.5105,-23.2589
-71.4105,-23.2589
-71.3105,-23.2589
-71.2105,-23.2589
-71.1105,-23.2589
-71.0105,-23.2589
-70.9105,-23.2589
-70.8105,-23.2589
-70.7105,-23.2589
-70.6105,-23.2589
-70.5105,-23.2589
-70.4105,-23.2589
-70.3105,-23.2589
-70.2105,-23.2589
-70.1105,-23.2589
-70.0105,-23.2589
-69.9105,-23.2589
-69.8105,-23.2589
-69.7105,-23.2589
-69.6105,-23.2589
-69.5105,-23.2589
-69.4105,-23.2589
-69.3105,-23.2589
-69.2105,-23.2589
-69.1105,-23.2589
-69.0105,-23.2589
-68.9105,-23.2589
-68.8105,-23.2589
-68.7105,-23.2589
-68.6105,-23.2589
-68.5105,-23.2589
-68.4105,-23.2589
-68.3105,-23.2589
-68.2105,-23.2589
-68.1105,-23.2589
-68.0105,-23.2589
-67.9105,-23.2589
-67.8105,-23.2589
-67.7105,-23.2589
-67.6105,-23.2589
-67.5105,-23.2589
-67.4105,-23.2589
-67.3105,-23.2589
-67.2105,-23.2589
-67.1105,-23.2589
-67.0105,-23.2589
-66.9105,-23.2589
-66.8105,-23.2589
-66.7105,-23.2589
-66.6105,-23.2589
-66.5105,-23.2589
-66.4105,-23.2589
-66.3105,-23.2589
-66.2105,-23.2589
-66.1105,-23.2589
-66.0105,-23.2589
-65.9105,-23.2589
-65.8105,-23.2589
-65.7105,-23.2589
-65.6105,-23.2589
-72.0105,-23.3589
-71.9105,-23.3589
-71.8105,-23.3589
-71.7105,-23.3589
-71.6105,-23.3589
-71.5105,-23.3589
-71.4105,-23.3589
-71.3105,-23.3589
-71.2105,-23.3589
-71.1105,-23.3589
-71.0105,-23.3589
-70.9105,-23.3589
-70.8105,-23.3589
-70.7105,-23.3589
-70.6105,-23.3589
-70.5105,-23.3589
-70.4105,-23.3589
-70.3105,-23.3589
-70.2105,-23.3589
-70.1105,-23.3589
-70.0105,-23.3589
-69.9105,-23.3589
-69.8105,-23.3589
-69.7105,-23.3589
-69.6105,-23.3589
-69.5105,-23.3589
-69.4105,-23.3589
-69.3105,-23.3589
-69.2105,-23.3589
-69.1105,-23.3589
-69.0105,-23.3589
-68.9105,-23.3589
-68.8105,-23.3589
-68.7105,-23.3589
-68.6105,-23.3589
-68.5105,-23.3589
-68.4105,-23.3589
-68.3105,-23.3589
-68.2105,-23.3589
-68.1105,-23.3589
-68.0105,-23.3589
-67.9105,-23.3589
-67.8105,-23.3589
-67.7105,-23.3589
-67.6105,-23.3589
-67.5105,-23.3589
-67.4105,-23.3589
-67.3105,-23.3589
-67.2105,-23.3589
-67.1105,-23.3589
-67.0105,-23.3589
-66.9105,-23.3589
-66.8105,-23.3589
-66.7105,-23.3589
-66.6105,-23.3589
-66.5105,-23.3589
-66.4105,-23.3589
-66.3105,-23.3589
-66.2105,-23.3589
-66.1105,-23.3589
-66.0105,-23.3589
-65.9105,-23.3589
-65.8105,-23.3589
-65.7105,-23.3589
-65.6105,-23.3589
-72.0105,-23.4589
-71.9105,-23.4589
-71.8105,-23.4589
-71.7105,-23.4589
-71.6105,-23.4589
-71.5105,-23.4589
-71.4105,-23.4589
-71.3105,-23.4589
-71.2105,-23.4589
-71.1105,-23.4589
-71.0105,-23.4589
-70.9105,-23.4589
-70.8105,-23.4589
-70.7105,-23.4589
-70.6105,-23.4589
-70.5105,-23.4589
-70.4105,-23.4589
-70.3105,-23.4589
-70.2105,-23.4589
-70.1105,-23.4589
-70.0105,-23.4589
-69.9105,-23.4589
-69.8105,-23.4589
-69.7105,-23.4589
-69.6105,-23.4589
-69.5105,-23.4589
-69.4105,-23.4589
-69.3105,-23.4589
-69.2105,-23.4589
-69.1105,-23.4589
-69.0105,-23.4589
-68.9105,-23.4589
-68.8105,-23.4589
-68.7105,-23.4589
-68.6105,-23.4589
-68.5105,-23.4589
-68.4105,-23.4589
-68.3105,-23.4589
-68.2105,-23.4589
-68.1105,-23.4589
-68.0105,-23.4589
-67.9105,-23.4589
-67.8105,-23.4589
-67.7105,-23.4589
-67.6105,-23.4589
-67.5105,-23.4589
-67.4105,-23.4589
-67.3105,-23.4589
-67.2105,-23.4589
-67.1105,-23.4589
-67.0105,-23.4589
-66.9105,-23.4589
-66.8105,-23.4589
-66.7105,-23.4589
-66.6105,-23.4589
-66.5105,-23.4589
-66.4105,-23.4589
-66.3105,-23.4589
-66.2105,-23.4589
-66.1105,-23.4589
-66.0105,-23.4589
-65.9105,-23.4589
-65.8105,-23.4589
-65.7105,-23.4589
-65.6105,-23.4589
-72.0105,-23.5589
-71.9105,-23.5589
-71.8105,-23.5589
-71.7105,-23.5589
-71.6105,-23.5589
-71.5105,-23.5589
-71.4105,-23.5589
-71.3105,-23.5589
-71.2105,-23.5589
-71.1105,-23.5589
-71.0105,-23.5589
-70.9105,-23.5589
-70.8105,-23.5589
-70.7105,-23.5589
-70.6105,-23.5589
-70.5105,-23.5589
-70.4105,-23.5589
-70.3105,-23.5589
-70.2105,-23.5589
-70.1105,-23.5589
-70.0105,-23.5589
-69.9105,-23.5589
-69.8105,-23.5589
-69.7105,-23.5589
-69.6105,-23.5589
-69.5105,-23.5589
-69.4105,-23.5589
-69.3105,-23.5589
-69.2105,-23.5589
-69.1105,-23.5589
-69.0105,-23.5589
-68.9105,-23.5589
-68.8105,-23.5589
-68.7105,-23.5589
-68.6105,-23.5589
-68.5105,-23.5589
-68.4105,-23.5589
-68.3105,-23.5589
-68.2105,-23.5589
-68.1105,-23.5589
-68.0105,-23.5589
-67.9105,-23.5589
-67.8105,-23.5589
-67.7105,-23.5589
-67.6105,-23.5589
-67.5105,-23.5589
-67.4105,-23.5589
-67.3105,-23.5589
-67.2105,-23.5589
-67.1105,-23.5589
-67.0105,-23.5589
-66.9105,-23.5589
-66.8105,-23.5589
-66.7105,-23.5589
-66.6105,-23.5589
-66.5105,-23.5589
-66.4105,-23.5589
-66.3105,-23.5589
-66.2105,-23.5589
-66.1105,-23.5589
-66.0105,-23.5589
-65.9105,-23.5589
-65.8105,-23.5589
-65.7105,-23.5589
-72.0105,-23.6589
-71.9105,-23.6589
-71.8105,-23.6589
-71.7105,-23.6589
-71.6105,-23.6589
-71.5105,-23.6589
-71.4105,-23.6589
-71.3105,-23.6589
-71.2105,-23.6589
-71.1105,-23.6589
-71.0105,-23.6589
-70.9105,-23.6589
-70.8105,-23.6589
-70.7105,-23.6589
-70.6105,-23.6589
-70.5105,-23.6589
-70.4105,-23.6589
-70.3105,-23.6589
-70.2105,-23.6589
-70.1105,-23.6589
-70.0105,-23.6589
-69.9105,-23.6589
-69.8105,-23.6589
-69.7105,-23.6589
-69.6105,-23.6589
-69.5105,-23.6589
-69.4105,-23.6589
-69.3105,-23.6589
-69.2105,-23.6589
-69.1105,-23.6589
-69.0105,-23.6589
-68.9105,-23.6589
-68.8105,-23.6589
-68.7105,-23.6589
-68.6105,-23.6589
-68.5105,-23.6589
-68.4105,-23.6589
-68.3105,-23.6589
-68.2105,-23.6589
-68.1105,-23.6589
-68.0105,-23.6589
-67.9105,-23.6589
-67.8105,-23.6589
-67.7105,-23.6589
-67.6105,-23.6589
-67.5105,-23.6589
-67.4105,-23.6589
-67.3105,-23.6589
-67.2105,-23.6589
-67.1105,-23.6589
-67.0105,-23.6589
-66.9105,-23.6589
-66.8105,-23.6589
-66.7105,-23.6589
-66.6105,-23.6589
-66.5105,-23.6589
-66.4105,-23.6589
-66.3105,-23.6589
-66.2105,-23.6589
-66.1105,-23.6589
-66.0105,-23.6589
-65.9105,-23.6589
-65.8105,-23.6589
-65.7105,-23.6589
-71.9105,-23.7589
-71.8105,-23.7589
-71.7105,-23.7589
-71.6105,-23.7589
-71.5105,-23.7589
-71.4105,-23.7589
-71.3105,-23.7589
-71.2105,-23.7589
-71.1105,-23.7589
-71.0105,-23.7589
-70.9105,-23.7589
-70.8105,-23.7589
-70.7105,-23.7589
-70.6105,-23.7589
-70.5105,-23.7589
-70.4105,-23.7589
-70.3105,-23.7589
-70.2105,-23.7589
-70.1105,-23.7589
-70.0105,-23.7589
-69.9105,-23.7589
-69.8105,-23.7589
-69.7105,-23.7589
-69.6105,-23.7589
-69.5105,-23.7589
-69.4105,-23.7589
-69.3105,-23.7589
-69.2105,-23.7589
-69.1105,-23.7589
-69.0105,-23.7589
-68.9105,-23.7589
-68.8105,-23.7589
-68.7105,-23.7589
-68.6105,-23.7589
-68.5105,-23.7589
-68.4105,-23.7589
-68.3105,-23.7589
-68.2105,-23.7589
-68.1105,-23.7589
-68.0105,-23.7589
-67.9105,-23.7589
-67.8105,-23.7589
-67.7105,-23.7589
-67.6105,-23.7589
-67.5105,-23.7589
-67.4105,-23.7589
-67.3105,-23.7589
-67.2105,-23.7589
-67.1105,-23.7589
-67.0105,-23.7589
-66.9105,-23.7589
-66.8105,-23.7589
-66.7105,-23.7589
-66.6105,-23.7589
-66.5105,-23.7589
-66.4105,-23.7589
-66.3105,-23.7589
-66.2105,-23.7589
-66.1105,-23.7589
-66.0105,-23.7589
-65.9105,-23.7589
-65.8105,-23.7589
-65.7105,-23.7589
-71.9105,-23.8589
-71.8105,-23.8589
-71.7105,-23.8589
-71.6105,-23.8589
-71.5105,-23.8589
-71.4105,-23.8589
-71.3105,-23.8589
-71.2105,-23.8589
-71.1105,-23.8589
-71.0105,-23.8589
-70.9105,-23.8589
-70.8105,-23.8589
-70.7105,-23.8589
-70.6105,-23.8589
-70.5105,-23.8589
-70.4105,-23.8589
-70.3105,-23.8589
-70.2105,-23.8589
-70.1105,-23.8589
-70.0105,-23.8589
-69.9105,-23.8589
-69.8105,-23.8589
-69.7105,-23.8589
-69.6105,-23.8589
-69.5105,-23.8589
-69.4105,-23.8589
-69.3105,-23.8589
-69.2105,-23.8589
-69.1105,-23.8589
-69.0105,-23.8589
-68.9105,-23.8589
-68.8105,-23.8589
-68.7105,-23.8589
-68.6105,-23.8589
-68.5105,-23.8589
-68.4105,-23.8589
-68.3105,-23.8589
-68.2105,-23.8589
-68.1105,-23.8589
-68.0105,-23.8589
-67.9105,-23.8589
-67.8105,-23.8589
-67.7105,-23.8589
-67.6105,-23.8589
-67.5105,-23.8589
-67.4105,-23.8589
-67.3105,-23.8589
-67.2105,-23.8589
-67.1105,-23.8589
-67.0105,-23.8589
-66.9105,-23.8589
-66.8105,-23.8589
-66.7105,-23.8589
-66.6105,-23.8589
-66.5105,-23.8589
-66.4105,-23.8589
-66.3105,-23.8589
-66.2105,-23.8589
-66.1105,-23.8589
-66.0105,-23.8589
-65.9105,-23.8589
-65.8105,-23.8589
-71.9105,-23.9589
-71.8105,-23.9589
-71.7105,-23.9589
-71.6105,-23.9589
-71.5105,-23.9589
-71.4105,-23.9589
-71.3105,-23.9589
-71.2105,-23.9589
-71.1105,-23.9589
-71.0105,-23.9589
-70.9105,-23.9589
-70.8105,-23.9589
-70.7105,-23.9589
-70.6105,-23.9589
-70.5105,-23.9589
-70.4105,-23.9589
-70.3105,-23.9589
-70.2105,-23.9589
-70.1105,-23.9589
-70.0105,-23.9589
-69.9105,-23.9589
-69.8105,-23.9589
-69.7105,-23.9589
-69.6105,-23.9589
-69.5105,-23.9589
-69.4105,-23.9589
-69.3105,-23.9589
-69.2105,-23.9589
-69.1105,-23.9589
-69.0105,-23.9589
-68.9105,-23.9589
-68.8105,-23.9589
-68.7105,-23.9589
-68.6105,-23.9589
-68.5105,-23.9589
-68.4105,-23.9589
-68.3105,-23.9589
-68.2105,-23.9589
-68.1105,-23.9589
-68.0105,-23.9589
-67.9105,-23.9589
-67.8105,-23.9589
-67.7105,-23.9589
-67.6105,-23.9589
-67.5105,-23.9589
-67.4105,-23.9589
-67.3105,-23.9589
-67.2105,-23.9589
-67.1105,-23.9589
-67.0105,-23.9589
-66.9105,-23.9589
-66.8105,-23.9589
-66.7105,-23.9589
-66.6105,-23.9589
-66.5105,-23.9589
-66.4105,-23.9589
-66.3105,-23.9589
-66.2105,-23.9589
-66.1105,-23.9589
-66.0105,-23.9589
-65.9105,-23.9589
-65.8105,-23.9589
-72.0105,-24.0589
-71.9105,-24.0589
-71.8105,-24.0589
-71.7105,-24.0589
-71.6105,-24.0589
-71.5105,-24.0589
-71.4105,-24.0589
-71.3105,-24.0589
-71.2105,-24.0589
-71.1105,-24.0589
-71.0105,-24.0589
-70.9105,-24.0589
-70.8105,-24.0589
-70.7105,-24.0589
-70.6105,-24.0589
-70.5105,-24.0589
-70.4105,-24.0589
-70.3105,-24.0589
-70.2105,-24.0589
-70.1105,-24.0589
-70.0105,-24.0589
-69.9105,-24.0589
-69.8105,-24.0589
-69.7105,-24.0589
-69.6105,-24.0589
-69.5105,-24.0589
-69.4105,-24.0589
-69.3105,-24.0589
-69.2105,-24.0589
-69.1105,-24.0589
-69.0105,-24.0589
-68.9105,-24.0589
-68.8105,-24.0589
-68.7105,-24.0589
-68.6105,-24.0589
-68.5105,-24.0589
-68.4105,-24.0589
-68.3105,-24.0589
-68.2105,-24.0589
-68.1105,-24.0589
-68.0105,-24.0589
-67.9105,-24.0589
-67.8105,-24.0589
-67.7105,-24.0589
-67.6105,-24.0589
-67.5105,-24.0589
-67.4105,-24.0589
-67.3105,-24.0589
-67.2105,-24.0589
-67.1105,-24.0589
-67.0105,-24.0589
-66.9105,-24.0589
-66.8105,-24.0589
-66.7105,-24.0589
-66.6105,-24.0589
-66.5105,-24.0589
-66.4105,-24.0589
-66.3105,-24.0589
-66.2105,-24.0589
-66.1105,-24.0589
-66.0105,-24.0589
-65.9105,-24.0589
-65.8105,-24.0589
-72.0105,-24.1589
-71.9105,-24.1589
-71.8105,-24.1589
-71.7105,-24.1589
-71.6105,-24.1589
-71.5105,-24.1589
-71.4105,-24.1589
-71.3105,-24.1589
-71.2105,-24.1589
-71.1105,-24.1589
-71.0105,-24.1589
-70.9105,-24.1589
-70.8105,-24.1589
-70.7105,-24.1589
-70.6105,-24.1589
-70.5105,-24.1589
-70.4105,-24.1589
-70.3105,-24.1589
-70.2105,-24.1589
-70.1105,-24.1589
-70.0105,-24.1589
-69.9105,-24.1589
-69.8105,-24.1589
-69.7105,-24.1589
-69.6105,-24.1589
-69.5105,-24.1589
-69.4105,-24.1589
-69.3105,-24.1589
-69.2105,-24.1589
-69.1105,-24.1589
-69.0105,-24.1589
-68.9105,-24.1589
-68.8105,-24.1589
-68.7105,-24.1589
-68.6105,-24.1589
-68.5105,-24.1589
-68.4105,-24.1589
-68.3105,-24.1589
-68.2105,-24.1589
-68.1105,-24.1589
-68.0105,-24.1589
-67.9105,-24.1589
-67.8105,-24.1589
-67.7105,-24.1589
-67.6105,-24.1589
-67.5105,-24.1589
-67.4105,-24.1589
-67.3105,-24.1589
-67.2105,-24.1589
-67.1105,-24.1589
-67.0105,-24.1589
-66.9105,-24.1589
-66.8105,-24.1589
-66.7105,-24.1589
-66.6105,-24.1589
-66.5105,-24.1589
-66.4105,-24.1589
-66.3105,-24.1589
-66.2105,-24.1589
-66.1105,-24.1589
-66.0105,-24.1589
-65.9105,-24.1589
-72.0105,-24.2589
-71.9105,-24.2589
-71.8105,-24.2589
-71.7105,-24.2589
-71.6105,-24.2589
-71.5105,-24.2589
-71.4105,-24.2589
-71.3105,-24.2589
-71.2105,-24.2589
-71.1105,-24.2589
-71.0105,-24.2589
-70.9105,-24.2589
-70.8105,-24.2589
-70.7105,-24.2589
-70.6105,-24.2589
-70.5105,-24.2589
-70.4105,-24.2589
-70.3105,-24.2589
-70.2105,-24.2589
-70.1105,-24.2589
-70.0105,-24.2589
-69.9105,-24.2589
-69.8105,-24.2589
-69.7105,-24.2589
-69.6105,-24.2589
-69.5105,-24.2589
-69.4105,-24.2589
-69.3105,-24.2589
-69.2105,-24.2589
-69.1105,-24.2589
-69.0105,-24.2589
-68.9105,-24.2589
-68.8105,-24.2589
-68.7105,-24.2589
-68.6105,-24.2589
-68.5105,-24.2589
-68.4105,-24.2589
-68.3105,-24.2589
-68.2105,-24.2589
-68.1105,-24.2589
-68.0105,-24.2589
-67.9105,-24.2589
-67.8105,-24.2589
-67.7105,-24.2589
-67.6105,-24.2589
-67.5105,-24.2589
-67.4105,-24.2589
-67.3105,-24.2589
-67.2105,-24.2589
-67.1105,-24.2589
-67.0105,-24.2589
-66.9105,-24.2589
-66.8105,-24.2589
-66.7105,-24.2589
-66.6105,-24.2589
-66.5105,-24.2589
-66.4105,-24.2589
-66.3105,-24.2589
-66.2105,-24.2589
-66.1105,-24.2589
-66.0105,-24.2589
-65.9105,-24.2589
-72.0105,-24.3589
-71.9105,-24.3589
-71.8105,-24.3589
-71.7105,-24.3589
-71.6105,-24.3589
-71.5105,-24.3589
-71.4105,-24.3589
-71.3105,-24.3589
-71.2105,-24.3589
-71.1105,-24.3589
-71.0105,-24.3589
-70.9105,-24.3589
-70.8105,-24.3589
-70.7105,-24.3589
-70.6105,-24.3589
-70.5105,-24.3589
-70.4105,-24.3589
-70.3105,-24.3589
-70.2105,-24.3589
-70.1105,-24.3589
-70.0105,-24.3589
-69.9105,-24.3589
-69.8105,-24.3589
-69.7105,-24.3589
-69.6105,-24.3589
-69.5105,-24.3589
-69.4105,-24.3589
-69.3105,-24.3589
-69.2105,-24.3589
-69.1105,-24.3589
-69.0105,-24.3589
-68.9105,-24.3589
-68.8105,-24.3589
-68.7105,-24.3589
-68.6105,-24.3589
-68.5105,-24.3589
-68.4105,-24.3589
-68.3105,-24.3589
-68.2105,-24.3589
-68.1105,-24.3589
-68.0105,-24.3589
-67.9105,-24.3589
-67.8105,-24.3589
-67.7105,-24.3589
-67.6105,-24.3589
-67.5105,-24.3589
-67.4105,-24.3589
-67.3105,-24.3589
-67.2105,-24.3589
-67.1105,-24.3589
-67.0105,-24.3589
-66.9105,-24.3589
-66.8105,-24.3589
-66.7105,-24.3589
-66.6105,-24.3589
-66.5105,-24.3589
-66.4105,-24.3589
-66.3105,-24.3589
-66.2105,-24.3589
-66.1105,-24.3589
-66.0105,-24.3589
-65.9105,-24.3589
-72.0105,-24.4589
-71.9105,-24.4589
-71.8105,-24.4589
-71.7105,-24.4589
-71.6105,-24.4589
-71.5105,-24.4589
-71.4105,-24.4589
-71.3105,-24.4589
-71.2105,-24.4589
-71.1105,-24.4589
-71.0105,-24.4589
-70.9105,-24.4589
-70.8105,-24.4589
-70.7105,-24.4589
-70.6105,-24.4589
-70.5105,-24.4589
-70.4105,-24.4589
-70.3105,-24.4589
-70.2105,-24.4589
-70.1105,-24.4589
-70.0105,-24.4589
-69.9105,-24.4589
-69.8105,-24.4589
-69.7105,-24.4589
-69.6105,-24.4589
-69.5105,-24.4589
-69.4105,-24.4589
-69.3105,-24.4589
-69.2105,-24.4589
-69.1105,-24.4589
-69.0105,-24.4589
-68.9105,-24.4589
-68.8105,-24.4589
-68.7105,-24.4589
-68.6105,-24.4589
-68.5105,-24.4589
-68.4105,-24.4589
-68.3105,-24.4589
-68.2105,-24.4589
-68.1105,-24.4589
-68.0105,-24.4589
-67.9105,-24.4589
-67.8105,-24.4589
-67.7105,-24.4589
-67.6105,-24.4589
-67.5105,-24.4589
-67.4105,-24.4589
-67.3105,-24.4589
-67.2105,-24.4589
-67.1105,-24.4589
-67.0105,-24.4589
-66.9105,-24.4589
-66.8105,-24.4589
-66.7105,-24.4589
-66.6105,-24.4589
-66.5105,-24.4589
-66.4105,-24.4589
-66.3105,-24.4589
-66.2105,-24.4589
-66.1105,-24.4589
-66.0105,-24.4589
-72.0105,-24.5589
-71.9105,-24.5589
-71.8105,-24.5589
-71.7105,-24.5589
-71.6105,-24.5589
-71.5105,-24.5589
-71.4105,-24.5589
-71.3105,-24.5589
-71.2105,-24.5589
-71.1105,-24.5589
-71.0105,-24.5589
-70.9105,-24.5589
-70.8105,-24.5589
-70.7105,-24.5589
-70.6105,-24.5589
-70.5105,-24.5589
-70.4105,-24.5589
-70.3105,-24.5589
-70.2105,-24.5589
-70.1105,-24.5589
-70.0105,-24.5589
-69.9105,-24.5589
-69.8105,-24.5589
-69.7105,-24.5589
-69.6105,-24.5589
-69.5105,-24.5589
-69.4105,-24.5589
-69.3105,-24.5589
-69.2105,-24.5589
-69.1105,-24.5589
-69.0105,-24.5589
-68.9105,-24.5589
-68.8105,-24.5589
-68.7105,-24.5589
-68.6105,-24.5589
-68.5105,-24.5589
-68.4105,-24.5589
-68.3105,-24.5589
-68.2105,-24.5589
-68.1105,-24.5589
-68.0105,-24.5589
-67.9105,-24.5589
-67.8105,-24.5589
-67.7105,-24.5589
-67.6105,-24.5589
-67.5105,-24.5589
-67.4105,-24.5589
-67.3105,-24.5589
-67.2105,-24.5589
-67.1105,-24.5589
-67.0105,-24.5589
-66.9105,-24.5589
-66.8105,-24.5589
-66.7105,-24.5589
-66.6105,-24.5589
-66.5105,-24.5589
-66.4105,-24.5589
-66.3105,-24.5589
-66.2105,-24.5589
-66.1105,-24.5589
-66.0105,-24.5589
-72.0105,-24.6589
-71.9105,-24.6589
-71.8105,-24.6589
-71.7105,-24.6589
-71.6105,-24.6589
-71.5105,-24.6589
-71.4105,-24.6589
-71.3105,-24.6589
-71.2105,-24.6589
-71.1105,-24.6589
-71.0105,-24.6589
-70.9105,-24.6589
-70.8105,-24.6589
-70.7105,-24.6589
-70.6105,-24.6589
-70.5105,-24.6589
-70.4105,-24.6589
-70.3105,-24.6589
-70.2105,-24.6589
-70.1105,-24.6589
-70.0105,-24.6589
-69.9105,-24.6589
-69.8105,-24.6589
-69.7105,-24.6589
-69.6105,-24.6589
-69.5105,-24.6589
-69.4105,-24.6589
-69.3105,-24.6589
-69.2105,-24.6589
-69.1105,-24.6589
-69.0105,-24.6589
-68.9105,-24.6589
-68.8105,-24.6589
-68.7105,-24.6589
-68.6105,-24.6589
-68.5105,-24.6589
-68.4105,-24.6589
-68.3105,-24.6589
-68.2105,-24.6589
-68.1105,-24.6589
-68.0105,-24.6589
-67.9105,-24.6589
-67.8105,-24.6589
-67.7105,-24.6589
-67.6105,-24.6589
-67.5105,-24.6589
-67.4105,-24.6589
-67.3105,-24.6589
-67.2105,-24.6589
-67.1105,-24.6589
-67.0105,-24.6589
-66.9105,-24.6589
-66.8105,-24.6589
-66.7105,-24.6589
-66.6105,-24.6589
-66.5105,-24.6589
-66.4105,-24.6589
-66.3105,-24.6589
-66.2105,-24.6589
-66.1105,-24.6589
-72.0105,-24.7589
-71.9105,-24.7589
-71.8105,-24.7589
-71.7105,-24.7589
-71.6105,-24.7589
-71.5105,-24.7589
-71.4105,-24.7589
-71.3105,-24.7589
-71.2105,-24.7589
-71.1105,-24.7589
-71.0105,-24.7589
-70.9105,-24.7589
-70.8105,-24.7589
-70.7105,-24.7589
-70.6105,-24.7589
-70.5105,-24.7589
-70.4105,-24.7589
-70.3105,-24.7589
-70.2105,-24.7589
-70.1105,-24.7589
-70.0105,-24.7589
-69.9105,-24.7589
-69.8105,-24.7589
-69.7105,-24.7589
-69.6105,-24.7589
-69.5105,-24.7589
-69.4105,-24.7589
-69.3105,-24.7589
-69.2105,-24.7589
-69.1105,-24.7589
-69.0105,-24.7589
-68.9105,-24.7589
-68.8105,-24.7589
-68.7105,-24.7589
-68.6105,-24.7589
-68.5105,-24.7589
-68.4105,-24.7589
-68.3105,-24.7589
-68.2105,-24.7589
-68.1105,-24.7589
-68.0105,-24.7589
-67.9105,-24.7589
-67.8105,-24.7589
-67.7105,-24.7589
-67.6105,-24.7589
-67.5105,-24.7589
-67.4105,-24.7589
-67.3105,-24.7589
-67.2105,-24.7589
-67.1105,-24.7589
-67.0105,-24.7589
-66.9105,-24.7589
-66.8105,-24.7589
-66.7105,-24.7589
-66.6105,-24.7589
-66.5105,-24.7589
-66.4105,-24.7589
-66.3105,-24.7589
-66.2105,-24.7589
-66.1105,-24.7589
-72.0105,-24.8589
-71.9105,-24.8589
-71.8105,-24.8589
-71.7105,-24.8589
-71.6105,-24.8589
-71.5105,-24.8589
-71.4105,-24.8589
-71.3105,-24.8589
-71.2105,-24.8589
-71.1105,-24.8589
-71.0105,-24.8589
-70.9105,-24.8589
-70.8105,-24.8589
-70.7105,-24.8589
-70.6105,-24.8589
-70.5105,-24.8589
-70.4105,-24.8589
-70.3105,-24.8589
-70.2105,-24.8589
-70.1105,-24.8589
-70.0105,-24.8589
-69.9105,-24.8589
-69.8105,-24.8589
-69.7105,-24.8589
-69.6105,-24.8589
-69.5105,-24.8589
-69.4105,-24.8589
-69.3105,-24.8589
-69.2105,-24.8589
-69.1105,-24.8589
-69.0105,-24.8589
-68.9105,-24.8589
-68.8105,-24.8589
-68.7105,-24.8589
-68.6105,-24.8589
-68.5105,-24.8589
-68.4105,-24.8589
-68.3105,-24.8589
-68.2105,-24.8589
-68.1105,-24.8589
-68.0105,-24.8589
-67.9105,-24.8589
-67.8105,-24.8589
-67.7105,-24.8589
-67.6105,-24.8589
-67.5105,-24.8589
-67.4105,-24.8589
-67.3105,-24.8589
-67.2105,-24.8589
-67.1105,-24.8589
-67.0105,-24.8589
-66.9105,-24.8589
-66.8105,-24.8589
-66.7105,-24.8589
-66.6105,-24.8589
-66.5105,-24.8589
-66.4105,-24.8589
-66.3105,-24.8589
-66.2105,-24.8589
-72.0105,-24.9589
-71.9105,-24.9589
-71.8105,-24.9589
-71.7105,-24.9589
-71.6105,-24.9589
-71.5105,-24.9589
-71.4105,-24.9589
-71.3105,-24.9589
-71.2105,-24.9589
-71.1105,-24.9589
-71.0105,-24.9589
-70.9105,-24.9589
-70.8105,-24.9589
-70.7105,-24.9589
-70.6105,-24.9589
-70.5105,-24.9589
-70.4105,-24.9589
-70.3105,-24.9589
-70.2105,-24.9589
-70.1105,-24.9589
-70.0105,-24.9589
-69.9105,-24.9589
-69.8105,-24.9589
-69.7105,-24.9589
-69.6105,-24.9589
-69.5105,-24.9589
-69.4105,-24.9589
-69.3105,-24.9589
-69.2105,-24.9589
-69.1105,-24.9589
-69.0105,-24.9589
-68.9105,-24.9589
-68.8105,-24.9589
-68.7105,-24.9589
-68.6105,-24.9589
-68.5105,-24.9589
-68.4105,-24.9589
-68.3105,-24.9589
-68.2105,-24.9589
-68.1105,-24.9589
-68.0105,-24.9589
-67.9105,-24.9589
-67.8105,-24.9589
-67.7105,-24.9589
-67.6105,-24.9589
-67.5105,-24.9589
-67.4105,-24.9589
-67.3105,-24.9589
-67.2105,-24.9589
-67.1105,-24.9589
-67.0105,-24.9589
-66.9105,-24.9589
-66.8105,-24.9589
-66.7105,-24.9589
-66.6105,-24.9589
-66.5105,-24.9589
-66.4105,-24.9589
-66.3105,-24.9589
-66.2105,-24.9589
-72.0105,-25.0589
-71.9105,-25.0589
-71.8105,-25.0589
-71.7105,-25.0589
-71.6105,-25.0589
-71.5105,-25.0589
-71.4105,-25.0589
-71.3105,-25.0589
-71.2105,-25.0589
-71.1105,-25.0589
-71.0105,-25.0589
-70.9105,-25.0589
-70.8105,-25.0589
-70.7105,-25.0589
-70.6105,-25.0589
-70.5105,-25.0589
-70.4105,-25.0589
-70.3105,-25.0589
-70.2105,-25.0589
-70.1105,-25.0589
-70.0105,-25.0589
-69.9105,-25.0589
-69.8105,-25.0589
-69.7105,-25.0589
-69.6105,-25.0589
-69.5105,-25.0589
-69.4105,-25.0589
-69.3105,-25.0589
-69.2105,-25.0589
-69.1105,-25.0589
-69.0105,-25.0589
-68.9105,-25.0589
-68.8105,-25.0589
-68.7105,-25.0589
-68.6105,-25.0589
-68.5105,-25.0589
-68.4105,-25.0589
-68.3105,-25.0589
-68.2105,-25.0589
-68.1105,-25.0589
-68.0105,-25.0589
-67.9105,-25.0589
-67.8105,-25.0589
-67.7105,-25.0589
-67.6105,-25.0589
-67.5105,-25.0589
-67.4105,-25.0589
-67.3105,-25.0589
-67.2105,-25.0589
-67.1105,-25.0589
-67.0105,-25.0589
-66.9105,-25.0589
-66.8105,-25.0589
-66.7105,-25.0589
-66.6105,-25.0589
-66.5105,-25.0589
-66.4105,-25.0589
-66.3105,-25.0589
-66.2105,-25.0589
-72.0105,-25.1589
-71.9105,-25.1589
-71.8105,-25.1589
-71.7105,-25.1589
-71.6105,-25.1589
-71.5105,-25.1589
-71.4105,-25.1589
-71.3105,-25.1589
-71.2105,-25.1589
-71.1105,-25.1589
-71.0105,-25.1589
-70.9105,-25.1589
-70.8105,-25.1589
-70.7105,-25.1589
-70.6105,-25.1589
-70.5105,-25.1589
-70.4105,-25.1589
-70.3105,-25.1589
-70.2105,-25.1589
-70.1105,-25.1589
-70.0105,-25.1589
-69.9105,-25.1589
-69.8105,-25.1589
-69.7105,-25.1589
-69.6105,-25.1589
-69.5105,-25.1589
-69.4105,-25.1589
-69.3105,-25.1589
-69.2105,-25.1589
-69.1105,-25.1589
-69.0105,-25.1589
-68.9105,-25.1589
-68.8105,-25.1589
-68.7105,-25.1589
-68.6105,-25.1589
-68.5105,-25.1589
-68.4105,-25.1589
-68.3105,-25.1589
-68.2105,-25.1589
-68.1105,-25.1589
-68.0105,-25.1589
-67.9105,-25.1589
-67.8105,-25.1589
-67.7105,-25.1589
-67.6105,-25.1589
-67.5105,-25.1589
-67.4105,-25.1589
-67.3105,-25.1589
-67.2105,-25.1589
-67.1105,-25.1589
-67.0105,-25.1589
-66.9105,-25.1589
-66.8105,-25.1589
-66.7105,-25.1589
-66.6105,-25.1589
-66.5105,-25.1589
-66.4105,-25.1589
-66.3105,-25.1589
-66.2105,-25.1589
-72.1105,-25.2589
-72.0105,-25.2589
-71.9105,-25.2589
-71.8105,-25.2589
-71.7105,-25.2589
-71.6105,-25.2589
-71.5105,-25.2589
-71.4105,-25.2589
-71.3105,-25.2589
-71.2105,-25.2589
-71.1105,-25.2589
-71.0105,-25.2589
-70.9105,-25.2589
-70.8105,-25.2589
-70.7105,-25.2589
-70.6105,-25.2589
-70.5105,-25.2589
-70.4105,-25.2589
-70.3105,-25.2589
-70.2105,-25.2589
-70.1105,-25.2589
-70.0105,-25.2589
-69.9105,-25.2589
-69.8105,-25.2589
-69.7105,-25.2589
-69.6105,-25.2589
-69.5105,-25.2589
-69.4105,-25.2589
-69.3105,-25.2589
-69.2105,-25.2589
-69.1105,-25.2589
-69.0105,-25.2589
-68.9105,-25.2589
-68.8105,-25.2589
-68.7105,-25.2589
-68.6105,-25.2589
-68.5105,-25.2589
-68.4105,-25.2589
-68.3105,-25.2589
-68.2105,-25.2589
-68.1105,-25.2589
-68.0105,-25.2589
-67.9105,-25.2589
-67.8105,-25.2589
-67.7105,-25.2589
-67.6105,-25.2589
-67.5105,-25.2589
-67.4105,-25.2589
-67.3105,-25.2589
-67.2105,-25.2589
-67.1105,-25.2589
-67.0105,-25.2589
-66.9105,-25.2589
-66.8105,-25.2589
-66.7105,-25.2589
-66.6105,-25.2589
-66.5105,-25.2589
-66.4105,-25.2589
-66.3105,-25.2589
-66.2105,-25.2589
-72.1105,-25.3589
-72.0105,-25.3589
-71.9105,-25.3589
-71.8105,-25.3589
-71.7105,-25.3589
-71.6105,-25.3589
-71.5105,-25.3589
-71.4105,-25.3589
-71.3105,-25.3589
-71.2105,-25.3589
-71.1105,-25.3589
-71.0105,-25.3589
-70.9105,-25.3589
-70.8105,-25.3589
-70.7105,-25.3589
-70.6105,-25.3589
-70.5105,-25.3589
-70.4105,-25.3589
-70.3105,-25.3589
-70.2105,-25.3589
-70.1105,-25.3589
-70.0105,-25.3589
-69.9105,-25.3589
-69.8105,-25.3589
-69.7105,-25.3589
-69.6105,-25.3589
-69.5105,-25.3589
-69.4105,-25.3589
-69.3105,-25.3589
-69.2105,-25.3589
-69.1105,-25.3589
-69.0105,-25.3589
-68.9105,-25.3589
-68.8105,-25.3589
-68.7105,-25.3589
-68.6105,-25.3589
-68.5105,-25.3589
-68.4105,-25.3589
-68.3105,-25.3589
-68.2105,-25.3589
-68.1105,-25.3589
-68.0105,-25.3589
-67.9105,-25.3589
-67.8105,-25.3589
-67.7105,-25.3589
-67.6105,-25.3589
-67.5105,-25.3589
-67.4105,-25.3589
-67.3105,-25.3589
-67.2105,-25.3589
-67.1105,-25.3589
-67.0105,-25.3589
-66.9105,-25.3589
-66.8105,-25.3589
-66.7105,-25.3589
-66.6105,-25.3589
-66.5105,-25.3589
-66.4105,-25.3589
-66.3105,-25.3589
-66.2105,-25.3589
-72.1105,-25.4589
-72.0105,-25.4589
-71.9105,-25.4589
-71.8105,-25.4589
-71.7105,-25.4589
-71.6105,-25.4589
-71.5105,-25.4589
-71.4105,-25.4589
-71.3105,-25.4589
-71.2105,-25.4589
-71.1105,-25.4589
-71.0105,-25.4589
-70.9105,-25.4589
-70.8105,-25.4589
-70.7105,-25.4589
-70.6105,-25.4589
-70.5105,-25.4589
-70.4105,-25.4589
-70.3105,-25.4589
-70.2105,-25.4589
-70.1105,-25.4589
-70.0105,-25.4589
-69.9105,-25.4589
-69.8105,-25.4589
-69.7105,-25.4589
-69.6105,-25.4589
-69.5105,-25.4589
-69.4105,-25.4589
-69.3105,-25.4589
-69.2105,-25.4589
-69.1105,-25.4589
-69.0105,-25.4589
-68.9105,-25.4589
-68.8105,-25.4589
-68.7105,-25.4589
-68.6105,-25.4589
-68.5105,-25.4589
-68.4105,-25.4589
-68.3105,-25.4589
-68.2105,-25.4589
-68.1105,-25.4589
-68.0105,-25.4589
-67.9105,-25.4589
-67.8105,-25.4589
-67.7105,-25.4589
-67.6105,-25.4589
-67.5105,-25.4589
-67.4105,-25.4589
-67.3105,-25.4589
-67.2105,-25.4589
-67.1105,-25.4589
-67.0105,-25.4589
-66.9105,-25.4589
-66.8105,-25.4589
-66.7105,-25.4589
-66.6105,-25.4589
-66.5105,-25.4589
-66.4105,-25.4589
-66.3105,-25.4589
-72.1105,-25.5589
-72.0105,-25.5589
-71.9105,-25.5589
-71.8105,-25.5589
-71.7105,-25.5589
-71.6105,-25.5589
-71.5105,-25.5589
-71.4105,-25.5589
-71.3105,-25.5589
-71.2105,-25.5589
-71.1105,-25.5589
-71.0105,-25.5589
-70.9105,-25.5589
-70.8105,-25.5589
-70.7105,-25.5589
-70.6105,-25.5589
-70.5105,-25.5589
-70.4105,-25.5589
-70.3105,-25.5589
-70.2105,-25.5589
-70.1105,-25.5589
-70.0105,-25.5589
-69.9105,-25.5589
-69.8105,-25.5589
-69.7105,-25.5589
-69.6105,-25.5589
-69.5105,-25.5589
-69.4105,-25.5589
-69.3105,-25.5589
-69.2105,-25.5589
-69.1105,-25.5589
-69.0105,-25.5589
-68.9105,-25.5589
-68.8105,-25.5589
-68.7105,-25.5589
-68.6105,-25.5589
-68.5105,-25.5589
-68.4105,-25.5589
-68.3105,-25.5589
-68.2105,-25.5589
-68.1105,-25.5589
-68.0105,-25.5589
-67.9105,-25.5589
-67.8105,-25.5589
-67.7105,-25.5589
-67.6105,-25.5589
-67.5105,-25.5589
-67.4105,-25.5589
-67.3105,-25.5589
-67.2105,-25.5589
-67.1105,-25.5589
-67.0105,-25.5589
-66.9105,-25.5589
-66.8105,-25.5589
-66.7105,-25.5589
-66.6105,-25.5589
-66.5105,-25.5589
-66.4105,-25.5589
-66.3105,-25.5589
-72.1105,-25.6589
-72.0105,-25.6589
-71.9105,-25.6589
-71.8105,-25.6589
-71.7105,-25.6589
-71.6105,-25.6589
-71.5105,-25.6589
-71.4105,-25.6589
-71.3105,-25.6589
-71.2105,-25.6589
-71.1105,-25.6589
-71.0105,-25.6589
-70.9105,-25.6589
-70.8105,-25.6589
-70.7105,-25.6589
-70.6105,-25.6589
-70.5105,-25.6589
-70.4105,-25.6589
-70.3105,-25.6589
-70.2105,-25.6589
-70.1105,-25.6589
-70.0105,-25.6589
-69.9105,-25.6589
-69.8105,-25.6589
-69.7105,-25.6589
-69.6105,-25.6589
-69.5105,-25.6589
-69.4105,-25.6589
-69.3105,-25.6589
-69.2105,-25.6589
-69.1105,-25.6589
-69.0105,-25.6589
-68.9105,-25.6589
-68.8105,-25.6589
-68.7105,-25.6589
-68.6105,-25.6589
-68.5105,-25.6589
-68.4105,-25.6589
-68.3105,-25.6589
-68.2105,-25.6589
-68.1105,-25.6589
-68.0105,-25.6589
-67.9105,-25.6589
-67.8105,-25.6589
-67.7105,-25.6589
-67.6105,-25.6589
-67.5105,-25.6589
-67.4105,-25.6589
-67.3105,-25.6589
-67.2105,-25.6589
-67.1105,-25.6589
-67.0105,-25.6589
-66.9105,-25.6589
-66.8105,-25.6589
-66.7105,-25.6589
-66.6105,-25.6589
-66.5105,-25.6589
-66.4105,-25.6589
-66.3105,-25.6589
-72.1105,-25.7589
-72.0105,-25.7589
-71.9105,-25.7589
-71.8105,-25.7589
-71.7105,-25.7589
-71.6105,-25.7589
-71.5105,-25.7589
-71.4105,-25.7589
-71.3105,-25.7589
-71.2105,-25.7589
-71.1105,-25.7589
-71.0105,-25.7589
-70.9105,-25.7589
-70.8105,-25.7589
-70.7105,-25.7589
-70.6105,-25.7589
-70.5105,-25.7589
-70.4105,-25.7589
-70.3105,-25.7589
-70.2105,-25.7589
-70.1105,-25.7589
-70.0105,-25.7589
-69.9105,-25.7589
-69.8105,-25.7589
-69.7105,-25.7589
-69.6105,-25.7589
-69.5105,-25.7589
-69.4105,-25.7589
-69.3105,-25.7589
-69.2105,-25.7589
-69.1105,-25.7589
-69.0105,-25.7589
-68.9105,-25.7589
-68.8105,-25.7589
-68.7105,-25.7589
-68.6105,-25.7589
-68.5105,-25.7589
-68.4105,-25.7589
-68.3105,-25.7589
-68.2105,-25.7589
-68.1105,-25.7589
-68.0105,-25.7589
-67.9105,-25.7589
-67.8105,-25.7589
-67.7105,-25.7589
-67.6105,-25.7589
-67.5105,-25.7589
-67.4105,-25.7589
-67.3105,-25.7589
-67.2105,-25.7589
-67.1105,-25.7589
-67.0105,-25.7589
-66.9105,-25.7589
-66.8105,-25.7589
-66.7105,-25.7589
-66.6105,-25.7589
-66.5105,-25.7589
-66.4105,-25.7589
-66.3105,-25.7589
-72.1105,-25.8589
-72.0105,-25.8589
-71.9105,-25.8589
-71.8105,-25.8589
-71.7105,-25.8589
-71.6105,-25.8589
-71.5105,-25.8589
-71.4105,-25.8589
-71.3105,-25.8589
-71.2105,-25.8589
-71.1105,-25.8589
-71.0105,-25.8589
-70.9105,-25.8589
-70.8105,-25.8589
-70.7105,-25.8589
-70.6105,-25.8589
-70.5105,-25.8589
-70.4105,-25.8589
-70.3105,-25.8589
-70.2105,-25.8589
-70.1105,-25.8589
-70.0105,-25.8589
-69.9105,-25.8589
-69.8105,-25.8589
-69.7105,-25.8589
-69.6105,-25.8589
-69.5105,-25.8589
-69.4105,-25.8589
-69.3105,-25.8589
-69.2105,-25.8589
-69.1105,-25.8589
-69.0105,-25.8589
-68.9105,-25.8589
-68.8105,-25.8589
-68.7105,-25.8589
-68.6105,-25.8589
-68.5105,-25.8589
-68.4105,-25.8589
-68.3105,-25.8589
-68.2105,-25.8589
-68.1105,-25.8589
-68.0105,-25.8589
-67.9105,-25.8589
-67.8105,-25.8589
-67.7105,-25.8589
-67.6105,-25.8589
-67.5105,-25.8589
-67.4105,-25.8589
-67.3105,-25.8589
-67.2105,-25.8589
-67.1105,-25.8589
-67.0105,-25.8589
-66.9105,-25.8589
-66.8105,-25.8589
-66.7105,-25.8589
-66.6105,-25.8589
-66.5105,-25.8589
-66.4105,-25.8589
-66.3105,-25.8589
-72.1105,-25.9589
-72.0105,-25.9589
-71.9105,-25.9589
-71.8105,-25.9589
-71.7105,-25.9589
-71.6105,-25.9589
-71.5105,-25.9589
-71.4105,-25.9589
-71.3105,-25.9589
-71.2105,-25.9589
-71.1105,-25.9589
-71.0105,-25.9589
-70.9105,-25.9589
-70.8105,-25.9589
-70.7105,-25.9589
-70.6105,-25.9589
-70.5105,-25.9589
-70.4105,-25.9589
-70.3105,-25.9589
-70.2105,-25.9589
-70.1105,-25.9589
-70.0105,-25.9589
-69.9105,-25.9589
-69.8105,-25.9589
-69.7105,-25.9589
-69.6105,-25.9589
-69.5105,-25.9589
-69.4105,-25.9589
-69.3105,-25.9589
-69.2105,-25.9589
-69.1105,-25.9589
-69.0105,-25.9589
-68.9105,-25.9589
-68.8105,-25.9589
-68.7105,-25.9589
-68.6105,-25.9589
-68.5105,-25.9589
-68.4105,-25.9589
-68.3105,-25.9589
-68.2105,-25.9589
-68.1105,-25.9589
-68.0105,-25.9589
-67.9105,-25.9589
-67.8105,-25.9589
-67.7105,-25.9589
-67.6105,-25.9589
-67.5105,-25.9589
-67.4105,-25.9589
-67.3105,-25.9589
-67.2105,-25.9589
-67.1105,-25.9589
-67.0105,-25.9589
-66.9105,-25.9589
-66.8105,-25.9589
-66.7105,-25.9589
-66.6105,-25.9589
-66.5105,-25.9589
-66.4105,-25.9589
-66.3105,-25.9589
-72.1105,-26.0589
-72.0105,-26.0589
-71.9105,-26.0589
-71.8105,-26.0589
-71.7105,-26.0589
-71.6105,-26.0589
-71.5105,-26.0589
-71.4105,-26.0589
-71.3105,-26.0589
-71.2105,-26.0589
-71.1105,-26.0589
-71.0105,-26.0589
-70.9105,-26.0589
-70.8105,-26.0589
-70.7105,-26.0589
-70.6105,-26.0589
-70.5105,-26.0589
-70.4105,-26.0589
-70.3105,-26.0589
-70.2105,-26.0589
-70.1105,-26.0589
-70.0105,-26.0589
-69.9105,-26.0589
-69.8105,-26.0589
-69.7105,-26.0589
-69.6105,-26.0589
-69.5105,-26.0589
-69.4105,-26.0589
-69.3105,-26.0589
-69.2105,-26.0589
-69.1105,-26.0589
-69.0105,-26.0589
-68.9105,-26.0589
-68.8105,-26.0589
-68.7105,-26.0589
-68.6105,-26.0589
-68.5105,-26.0589
-68.4105,-26.0589
-68.3105,-26.0589
-68.2105,-26.0589
-68.1105,-26.0589
-68.0105,-26.0589
-67.9105,-26.0589
-67.8105,-26.0589
-67.7105,-26.0589
-67.6105,-26.0589
-67.5105,-26.0589
-67.4105,-26.0589
-67.3105,-26.0589
-67.2105,-26.0589
-67.1105,-26.0589
-67.0105,-26.0589
-66.9105,-26.0589
-66.8105,-26.0589
-66.7105,-26.0589
-66.6105,-26.0589
-66.5105,-26.0589
-66.4105,-26.0589
-66.3105,-26.0589
-72.1105,-26.1589
-72.0105,-26.1589
-71.9105,-26.1589
-71.8105,-26.1589
-71.7105,-26.1589
-71.6105,-26.1589
-71.5105,-26.1589
-71.4105,-26.1589
-71.3105,-26.1589
-71.2105,-26.1589
-71.1105,-26.1589
-71.0105,-26.1589
-70.9105,-26.1589
-70.8105,-26.1589
-70.7105,-26.1589
-70.6105,-26.1589
-70.5105,-26.1589
-70.4105,-26.1589
-70.3105,-26.1589
-70.2105,-26.1589
-70.1105,-26.1589
-70.0105,-26.1589
-69.9105,-26.1589
-69.8105,-26.1589
-69.7105,-26.1589
-69.6105,-26.1589
-69.5105,-26.1589
-69.4105,-26.1589
-69.3105,-26.1589
-69.2105,-26.1589
-69.1105,-26.1589
-69.0105,-26.1589
-68.9105,-26.1589
-68.8105,-26.1589
-68.7105,-26.1589
-68.6105,-26.1589
-68.5105,-26.1589
-68.4105,-26.1589
-68.3105,-26.1589
-68.2105,-26.1589
-68.1105,-26.1589
-68.0105,-26.1589
-67.9105,-26.1589
-67.8105,-26.1589
-67.7105,-26.1589
-67.6105,-26.1589
-67.5105,-26.1589
-67.4105,-26.1589
-67.3105,-26.1589
-67.2105,-26.1589
-67.1105,-26.1589
-67.0105,-26.1589
-66.9105,-26.1589
-66.8105,-26.1589
-66.7105,-26.1589
-66.6105,-26.1589
-66.5105,-26.1589
-66.4105,-26.1589
-66.3105,-26.1589
-72.1105,-26.2589
-72.0105,-26.2589
-71.9105,-26.2589
-71.8105,-26.2589
-71.7105,-26.2589
-71.6105,-26.2589
-71.5105,-26.2589
-71.4105,-26.2589
-71.3105,-26.2589
-71.2105,-26.2589
-71.1105,-26.2589
-71.0105,-26.2589
-70.9105,-26.2589
-70.8105,-26.2589
-70.7105,-26.2589
-70.6105,-26.2589
-70.5105,-26.2589
-70.4105,-26.2589
-70.3105,-26.2589
-70.2105,-26.2589
-70.1105,-26.2589
-70.0105,-26.2589
-69.9105,-26.2589
-69.8105,-26.2589
-69.7105,-26.2589
-69.6105,-26.2589
-69.5105,-26.2589
-69.4105,-26.2589
-69.3105,-26.2589
-69.2105,-26.2589
-69.1105,-26.2589
-69.0105,-26.2589
-68.9105,-26.2589
-68.8105,-26.2589
-68.7105,-26.2589
-68.6105,-26.2589
-68.5105,-26.2589
-68.4105,-26.2589
-68.3105,-26.2589
-68.2105,-26.2589
-68.1105,-26.2589
-68.0105,-26.2589
-67.9105,-26.2589
-67.8105,-26.2589
-67.7105,-26.2589
-67.6105,-26.2589
-67.5105,-26.2589
-67.4105,-26.2589
-67.3105,-26.2589
-67.2105,-26.2589
-67.1105,-26.2589
-67.0105,-26.2589
-66.9105,-26.2589
-66.8105,-26.2589
-66.7105,-26.2589
-66.6105,-26.2589
-66.5105,-26.2589
-66.4105,-26.2589
-66.3105,-26.2589
-72.2105,-26.3589
-72.1105,-26.3589
-72.0105,-26.3589
-71.9105,-26.3589
-71.8105,-26.3589
-71.7105,-26.3589
-71.6105,-26.3589
-71.5105,-26.3589
-71.4105,-26.3589
-71.3105,-26.3589
-71.2105,-26.3589
-71.1105,-26.3589
-71.0105,-26.3589
-70.9105,-26.3589
-70.8105,-26.3589
-70.7105,-26.3589
-70.6105,-26.3589
-70.5105,-26.3589
-70.4105,-26.3589
-70.3105,-26.3589
-70.2105,-26.3589
-70.1105,-26.3589
-70.0105,-26.3589
-69.9105,-26.3589
-69.8105,-26.3589
-69.7105,-26.3589
-69.6105,-26.3589
-69.5105,-26.3589
-69.4105,-26.3589
-69.3105,-26.3589
-69.2105,-26.3589
-69.1105,-26.3589
-69.0105,-26.3589
-68.9105,-26.3589
-68.8105,-26.3589
-68.7105,-26.3589
-68.6105,-26.3589
-68.5105,-26.3589
-68.4105,-26.3589
-68.3105,-26.3589
-68.2105,-26.3589
-68.1105,-26.3589
-68.0105,-26.3589
-67.9105,-26.3589
-67.8105,-26.3589
-67.7105,-26.3589
-67.6105,-26.3589
-67.5105,-26.3589
-67.4105,-26.3589
-67.3105,-26.3589
-67.2105,-26.3589
-67.1105,-26.3589
-67.0105,-26.3589
-66.9105,-26.3589
-66.8105,-26.3589
-66.7105,-26.3589
-66.6105,-26.3589
-66.5105,-26.3589
-66.4105,-26.3589
-66.3105,-26.3589
-72.2105,-26.4589
-72.1105,-26.4589
-72.0105,-26.4589
-71.9105,-26.4589
-71.8105,-26.4589
-71.7105,-26.4589
-71.6105,-26.4589
-71.5105,-26.4589
-71.4105,-26.4589
-71.3105,-26.4589
-71.2105,-26.4589
-71.1105,-26.4589
-71.0105,-26.4589
-70.9105,-26.4589
-70.8105,-26.4589
-70.7105,-26.4589
-70.6105,-26.4589
-70.5105,-26.4589
-70.4105,-26.4589
-70.3105,-26.4589
-70.2105,-26.4589
-70.1105,-26.4589
-70.0105,-26.4589
-69.9105,-26.4589
-69.8105,-26.4589
-69.7105,-26.4589
-69.6105,-26.4589
-69.5105,-26.4589
-69.4105,-26.4589
-69.3105,-26.4589
-69.2105,-26.4589
-69.1105,-26.4589
-69.0105,-26.4589
-68.9105,-26.4589
-68.8105,-26.4589
-68.7105,-26.4589
-68.6105,-26.4589
-68.5105,-26.4589
-68.4105,-26.4589
-68.3105,-26.4589
-68.2105,-26.4589
-68.1105,-26.4589
-68.0105,-26.4589
-67.9105,-26.4589
-67.8105,-26.4589
-67.7105,-26.4589
-67.6105,-26.4589
-67.5105,-26.4589
-67.4105,-26.4589
-67.3105,-26.4589
-67.2105,-26.4589
-67.1105,-26.4589
-67.0105,-26.4589
-66.9105,-26.4589
-66.8105,-26.4589
-66.7105,-26.4589
-66.6105,-26.4589
-66.5105,-26.4589
-66.4105,-26.4589
-66.3105,-26.4589
-72.3105,-26.5589
-72.2105,-26.5589
-72.1105,-26.5589
-72.0105,-26.5589
-71.9105,-26.5589
-71.8105,-26.5589
-71.7105,-26.5589
-71.6105,-26.5589
-71.5105,-26.5589
-71.4105,-26.5589
-71.3105,-26.5589
-71.2105,-26.5589
-71.1105,-26.5589
-71.0105,-26.5589
-70.9105,-26.5589
-70.8105,-26.5589
-70.7105,-26.5589
-70.6105,-26.5589
-70.5105,-26.5589
-70.4105,-26.5589
-70.3105,-26.5589
-70.2105,-26.5589
-70.1105,-26.5589
-70.0105,-26.5589
-69.9105,-26.5589
-69.8105,-26.5589
-69.7105,-26.5589
-69.6105,-26.5589
-69.5105,-26.5589
-69.4105,-26.5589
-69.3105,-26.5589
-69.2105,-26.5589
-69.1105,-26.5589
-69.0105,-26.5589
-68.9105,-26.5589
-68.8105,-26.5589
-68.7105,-26.5589
-68.6105,-26.5589
-68.5105,-26.5589
-68.4105,-26.5589
-68.3105,-26.5589
-68.2105,-26.5589
-68.1105,-26.5589
-68.0105,-26.5589
-67.9105,-26.5589
-67.8105,-26.5589
-67.7105,-26.5589
-67.6105,-26.5589
-67.5105,-26.5589
-67.4105,-26.5589
-67.3105,-26.5589
-67.2105,-26.5589
-67.1105,-26.5589
-67.0105,-26.5589
-66.9105,-26.5589
-66.8105,-26.5589
-66.7105,-26.5589
-66.6105,-26.5589
-66.5105,-26.5589
-66.4105,-26.5589
-66.3105,-26.5589
-72.3105,-26.6589
-72.2105,-26.6589
-72.1105,-26.6589
-72.0105,-26.6589
-71.9105,-26.6589
-71.8105,-26.6589
-71.7105,-26.6589
-71.6105,-26.6589
-71.5105,-26.6589
-71.4105,-26.6589
-71.3105,-26.6589
-71.2105,-26.6589
-71.1105,-26.6589
-71.0105,-26.6589
-70.9105,-26.6589
-70.8105,-26.6589
-70.7105,-26.6589
-70.6105,-26.6589
-70.5105,-26.6589
-70.4105,-26.6589
-70.3105,-26.6589
-70.2105,-26.6589
-70.1105,-26.6589
-70.0105,-26.6589
-69.9105,-26.6589
-69.8105,-26.6589
-69.7105,-26.6589
-69.6105,-26.6589
-69.5105,-26.6589
-69.4105,-26.6589
-69.3105,-26.6589
-69.2105,-26.6589
-69.1105,-26.6589
-69.0105,-26.6589
-68.9105,-26.6589
-68.8105,-26.6589
-68.7105,-26.6589
-68.6105,-26.6589
-68.5105,-26.6589
-68.4105,-26.6589
-68.3105,-26.6589
-68.2105,-26.6589
-68.1105,-26.6589
-68.0105,-26.6589
-67.9105,-26.6589
-67.8105,-26.6589
-67.7105,-26.6589
-67.6105,-26.6589
-67.5105,-26.6589
-67.4105,-26.6589
-67.3105,-26.6589
-67.2105,-26.6589
-67.1105,-26.6589
-67.0105,-26.6589
-66.9105,-26.6589
-66.8105,-26.6589
-66.7105,-26.6589
-66.6105,-26.6589
-66.5105,-26.6589
-66.4105,-26.6589
-72.3105,-26.7589
-72.2105,-26.7589
-72.1105,-26.7589
-72.0105,-26.7589
-71.9105,-26.7589
-71.8105,-26.7589
-71.7105,-26.7589
-71.6105,-26.7589
-71.5105,-26.7589
-71.4105,-26.7589
-71.3105,-26.7589
-71.2105,-26.7589
-71.1105,-26.7589
-71.0105,-26.7589
-70.9105,-26.7589
-70.8105,-26.7589
-70.7105,-26.7589
-70.6105,-26.7589
-70.5105,-26.7589
-70.4105,-26.7589
-70.3105,-26.7589
-70.2105,-26.7589
-70.1105,-26.7589
-70.0105,-26.7589
-69.9105,-26.7589
-69.8105,-26.7589
-69.7105,-26.7589
-69.6105,-26.7589
-69.5105,-26.7589
-69.4105,-26.7589
-69.3105,-26.7589
-69.2105,-26.7589
-69.1105,-26.7589
-69.0105,-26.7589
-68.9105,-26.7589
-68.8105,-26.7589
-68.7105,-26.7589
-68.6105,-26.7589
-68.5105,-26.7589
-68.4105,-26.7589
-68.3105,-26.7589
-68.2105,-26.7589
-68.1105,-26.7589
-68.0105,-26.7589
-67.9105,-26.7589
-67.8105,-26.7589
-67.7105,-26.7589
-67.6105,-26.7589
-67.5105,-26.7589
-67.4105,-26.7589
-67.3105,-26.7589
-67.2105,-26.7589
-67.1105,-26.7589
-67.0105,-26.7589
-66.9105,-26.7589
-66.8105,-26.7589
-66.7105,-26.7589
-66.6105,-26.7589
-66.5105,-26.7589
-66.4105,-26.7589
-72.4105,-26.8589
-72.3105,-26.8589
-72.2105,-26.8589
-72.1105,-26.8589
-72.0105,-26.8589
-71.9105,-26.8589
-71.8105,-26.8589
-71.7105,-26.8589
-71.6105,-26.8589
-71.5105,-26.8589
-71.4105,-26.8589
-71.3105,-26.8589
-71.2105,-26.8589
-71.1105,-26.8589
-71.0105,-26.8589
-70.9105,-26.8589
-70.8105,-26.8589
-70.7105,-26.8589
-70.6105,-26.8589
-70.5105,-26.8589
-70.4105,-26.8589
-70.3105,-26.8589
-70.2105,-26.8589
-70.1105,-26.8589
-70.0105,-26.8589
-69.9105,-26.8589
-69.8105,-26.8589
-69.7105,-26.8589
-69.6105,-26.8589
-69.5105,-26.8589
-69.4105,-26.8589
-69.3105,-26.8589
-69.2105,-26.8589
-69.1105,-26.8589
-69.0105,-26.8589
-68.9105,-26.8589
-68.8105,-26.8589
-68.7105,-26.8589
-68.6105,-26.8589
-68.5105,-26.8589
-68.4105,-26.8589
-68.3105,-26.8589
-68.2105,-26.8589
-68.1105,-26.8589
-68.0105,-26.8589
-67.9105,-26.8589
-67.8105,-26.8589
-67.7105,-26.8589
-67.6105,-26.8589
-67.5105,-26.8589
-67.4105,-26.8589
-67.3105,-26.8589
-67.2105,-26.8589
-67.1105,-26.8589
-67.0105,-26.8589
-66.9105,-26.8589
-66.8105,-26.8589
-66.7105,-26.8589
-66.6105,-26.8589
-66.5105,-26.8589
-66.4105,-26.8589
-72.4105,-26.9589
-72.3105,-26.9589
-72.2105,-26.9589
-72.1105,-26.9589
-72.0105,-26.9589
-71.9105,-26.9589
-71.8105,-26.9589
-71.7105,-26.9589
-71.6105,-26.9589
-71.5105,-26.9589
-71.4105,-26.9589
-71.3105,-26.9589
-71.2105,-26.9589
-71.1105,-26.9589
-71.0105,-26.9589
-70.9105,-26.9589
-70.8105,-26.9589
-70.7105,-26.9589
-70.6105,-26.9589
-70.5105,-26.9589
-70.4105,-26.9589
-70.3105,-26.9589
-70.2105,-26.9589
-70.1105,-26.9589
-70.0105,-26.9589
-69.9105,-26.9589
-69.8105,-26.9589
-69.7105,-26.9589
-69.6105,-26.9589
-69.5105,-26.9589
-69.4105,-26.9589
-69.3105,-26.9589
-69.2105,-26.9589
-69.1105,-26.9589
-69.0105,-26.9589
-68.9105,-26.9589
-68.8105,-26.9589
-68.7105,-26.9589
-68.6105,-26.9589
-68.5105,-26.9589
-68.4105,-26.9589
-68.3105,-26.9589
-68.2105,-26.9589
-68.1105,-26.9589
-68.0105,-26.9589
-67.9105,-26.9589
-67.8105,-26.9589
-67.7105,-26.9589
-67.6105,-26.9589
-67.5105,-26.9589
-67.4105,-26.9589
-67.3105,-26.9589
-67.2105,-26.9589
-67.1105,-26.9589
-67.0105,-26.9589
-66.9105,-26.9589
-66.8105,-26.9589
-66.7105,-26.9589
-66.6105,-26.9589
-66.5105,-26.9589
-66.4105,-26.9589
-72.4105,-27.0589
-72.3105,-27.0589
-72.2105,-27.0589
-72.1105,-27.0589
-72.0105,-27.0589
-71.9105,-27.0589
-71.8105,-27.0589
-71.7105,-27.0589
-71.6105,-27.0589
-71.5105,-27.0589
-71.4105,-27.0589
-71.3105,-27.0589
-71.2105,-27.0589
-71.1105,-27.0589
-71.0105,-27.0589
-70.9105,-27.0589
-70.8105,-27.0589
-70.7105,-27.0589
-70.6105,-27.0589
-70.5105,-27.0589
-70.4105,-27.0589
-70.3105,-27.0589
-70.2105,-27.0589
-70.1105,-27.0589
-70.0105,-27.0589
-69.9105,-27.0589
-69.8105,-27.0589
-69.7105,-27.0589
-69.6105,-27.0589
-69.5105,-27.0589
-69.4105,-27.0589
-69.3105,-27.0589
-69.2105,-27.0589
-69.1105,-27.0589
-69.0105,-27.0589
-68.9105,-27.0589
-68.8105,-27.0589
-68.7105,-27.0589
-68.6105,-27.0589
-68.5105,-27.0589
-68.4105,-27.0589
-68.3105,-27.0589
-68.2105,-27.0589
-68.1105,-27.0589
-68.0105,-27.0589
-67.9105,-27.0589
-67.8105,-27.0589
-67.7105,-27.0589
-67.6105,-27.0589
-67.5105,-27.0589
-67.4105,-27.0589
-67.3105,-27.0589
-67.2105,-27.0589
-67.1105,-27.0589
-67.0105,-27.0589
-66.9105,-27.0589
-66.8105,-27.0589
-66.7105,-27.0589
-66.6105,-27.0589
-66.5105,-27.0589
-66.4105,-27.0589
-72.4105,-27.1589
-72.3105,-27.1589
-72.2105,-27.1589
-72.1105,-27.1589
-72.0105,-27.1589
-71.9105,-27.1589
-71.8105,-27.1589
-71.7105,-27.1589
-71.6105,-27.1589
-71.5105,-27.1589
-71.4105,-27.1589
-71.3105,-27.1589
-71.2105,-27.1589
-71.1105,-27.1589
-71.0105,-27.1589
-70.9105,-27.1589
-70.8105,-27.1589
-70.7105,-27.1589
-70.6105,-27.1589
-70.5105,-27.1589
-70.4105,-27.1589
-70.3105,-27.1589
-70.2105,-27.1589
-70.1105,-27.1589
-70.0105,-27.1589
-69.9105,-27.1589
-69.8105,-27.1589
-69.7105,-27.1589
-69.6105,-27.1589
-69.5105,-27.1589
-69.4105,-27.1589
-69.3105,-27.1589
-69.2105,-27.1589
-69.1105,-27.1589
-69.0105,-27.1589
-68.9105,-27.1589
-68.8105,-27.1589
-68.7105,-27.1589
-68.6105,-27.1589
-68.5105,-27.1589
-68.4105,-27.1589
-68.3105,-27.1589
-68.2105,-27.1589
-68.1105,-27.1589
-68.0105,-27.1589
-67.9105,-27.1589
-67.8105,-27.1589
-67.7105,-27.1589
-67.6105,-27.1589
-67.5105,-27.1589
-67.4105,-27.1589
-67.3105,-27.1589
-67.2105,-27.1589
-67.1105,-27.1589
-67.0105,-27.1589
-66.9105,-27.1589
-66.8105,-27.1589
-66.7105,-27.1589
-66.6105,-27.1589
-66.5105,-27.1589
-66.4105,-27.1589
-72.4105,-27.2589
-72.3105,-27.2589
-72.2105,-27.2589
-72.1105,-27.2589
-72.0105,-27.2589
-71.9105,-27.2589
-71.8105,-27.2589
-71.7105,-27.2589
-71.6105,-27.2589
-71.5105,-27.2589
-71.4105,-27.2589
-71.3105,-27.2589
-71.2105,-27.2589
-71.1105,-27.2589
-71.0105,-27.2589
-70.9105,-27.2589
-70.8105,-27.2589
-70.7105,-27.2589
-70.6105,-27.2589
-70.5105,-27.2589
-70.4105,-27.2589
-70.3105,-27.2589
-70.2105,-27.2589
-70.1105,-27.2589
-70.0105,-27.2589
-69.9105,-27.2589
-69.8105,-27.2589
-69.7105,-27.2589
-69.6105,-27.2589
-69.5105,-27.2589
-69.4105,-27.2589
-69.3105,-27.2589
-69.2105,-27.2589
-69.1105,-27.2589
-69.0105,-27.2589
-68.9105,-27.2589
-68.8105,-27.2589
-68.7105,-27.2589
-68.6105,-27.2589
-68.5105,-27.2589
-68.4105,-27.2589
-68.3105,-27.2589
-68.2105,-27.2589
-68.1105,-27.2589
-68.0105,-27.2589
-67.9105,-27.2589
-67.8105,-27.2589
-67.7105,-27.2589
-67.6105,-27.2589
-67.5105,-27.2589
-67.4105,-27.2589
-67.3105,-27.2589
-67.2105,-27.2589
-67.1105,-27.2589
-67.0105,-27.2589
-66.9105,-27.2589
-66.8105,-27.2589
-66.7105,-27.2589
-66.6105,-27.2589
-66.5105,-27.2589
-66.4105,-27.2589
-72.5105,-27.3589
-72.4105,-27.3589
-72.3105,-27.3589
-72.2105,-27.3589
-72.1105,-27.3589
-72.0105,-27.3589
-71.9105,-27.3589
-71.8105,-27.3589
-71.7105,-27.3589
-71.6105,-27.3589
-71.5105,-27.3589
-71.4105,-27.3589
-71.3105,-27.3589
-71.2105,-27.3589
-71.1105,-27.3589
-71.0105,-27.3589
-70.9105,-27.3589
-70.8105,-27.3589
-70.7105,-27.3589
-70.6105,-27.3589
-70.5105,-27.3589
-70.4105,-27.3589
-70.3105,-27.3589
-70.2105,-27.3589
-70.1105,-27.3589
-70.0105,-27.3589
-69.9105,-27.3589
-69.8105,-27.3589
-69.7105,-27.3589
-69.6105,-27.3589
-69.5105,-27.3589
-69.4105,-27.3589
-69.3105,-27.3589
-69.2105,-27.3589
-69.1105,-27.3589
-69.0105,-27.3589
-68.9105,-27.3589
-68.8105,-27.3589
-68.7105,-27.3589
-68.6105,-27.3589
-68.5105,-27.3589
-68.4105,-27.3589
-68.3105,-27.3589
-68.2105,-27.3589
-68.1105,-27.3589
-68.0105,-27.3589
-67.9105,-27.3589
-67.8105,-27.3589
-67.7105,-27.3589
-67.6105,-27.3589
-67.5105,-27.3589
-67.4105,-27.3589
-67.3105,-27.3589
-67.2105,-27.3589
-67.1105,-27.3589
-67.0105,-27.3589
-66.9105,-27.3589
-66.8105,-27.3589
-66.7105,-27.3589
-66.6105,-27.3589
-66.5105,-27.3589
-66.4105,-27.3589
-72.5105,-27.4589
-72.4105,-27.4589
-72.3105,-27.4589
-72.2105,-27.4589
-72.1105,-27.4589
-72.0105,-27.4589
-71.9105,-27.4589
-71.8105,-27.4589
-71.7105,-27.4589
-71.6105,-27.4589
-71.5105,-27.4589
-71.4105,-27.4589
-71.3105,-27.4589
-71.2105,-27.4589
-71.1105,-27.4589
-71.0105,-27.4589
-70.9105,-27.4589
-70.8105,-27.4589
-70.7105,-27.4589
-70.6105,-27.4589
-70.5105,-27.4589
-70.4105,-27.4589
-70.3105,-27.4589
-70.2105,-27.4589
-70.1105,-27.4589
-70.0105,-27.4589
-69.9105,-27.4589
-69.8105,-27.4589
-69.7105,-27.4589
-69.6105,-27.4589
-69.5105,-27.4589
-69.4105,-27.4589
-69.3105,-27.4589
-69.2105,-27.4589
-69.1105,-27.4589
-69.0105,-27.4589
-68.9105,-27.4589
-68.8105,-27.4589
-68.7105,-27.4589
-68.6105,-27.4589
-68.5105,-27.4589
-68.4105,-27.4589
-68.3105,-27.4589
-68.2105,-27.4589
-68.1105,-27.4589
-68.0105,-27.4589
-67.9105,-27.4589
-67.8105,-27.4589
-67.7105,-27.4589
-67.6105,-27.4589
-67.5105,-27.4589
-67.4105,-27.4589
-67.3105,-27.4589
-67.2105,-27.4589
-67.1105,-27.4589
-67.0105,-27.4589
-66.9105,-27.4589
-66.8105,-27.4589
-66.7105,-27.4589
-66.6105,-27.4589
-66.5105,-27.4589
-66.4105,-27.4589
-72.5105,-27.5589
-72.4105,-27.5589
-72.3105,-27.5589
-72.2105,-27.5589
-72.1105,-27.5589
-72.0105,-27.5589
-71.9105,-27.5589
-71.8105,-27.5589
-71.7105,-27.5589
-71.6105,-27.5589
-71.5105,-27.5589
-71.4105,-27.5589
-71.3105,-27.5589
-71.2105,-27.5589
-71.1105,-27.5589
-71.0105,-27.5589
-70.9105,-27.5589
-70.8105,-27.5589
-70.7105,-27.5589
-70.6105,-27.5589
-70.5105,-27.5589
-70.4105,-27.5589
-70.3105,-27.5589
-70.2105,-27.5589
-70.1105,-27.5589
-70.0105,-27.5589
-69.9105,-27.5589
-69.8105,-27.5589
-69.7105,-27.5589
-69.6105,-27.5589
-69.5105,-27.5589
-69.4105,-27.5589
-69.3105,-27.5589
-69.2105,-27.5589
-69.1105,-27.5589
-69.0105,-27.5589
-68.9105,-27.5589
-68.8105,-27.5589
-68.7105,-27.5589
-68.6105,-27.5589
-68.5105,-27.5589
-68.4105,-27.5589
-68.3105,-27.5589
-68.2105,-27.5589
-68.1105,-27.5589
-68.0105,-27.5589
-67.9105,-27.5589
-67.8105,-27.5589
-67.7105,-27.5589
-67.6105,-27.5589
-67.5105,-27.5589
-67.4105,-27.5589
-67.3105,-27.5589
-67.2105,-27.5589
-67.1105,-27.5589
-67.0105,-27.5589
-66.9105,-27.5589
-66.8105,-27.5589
-66.7105,-27.5589
-66.6105,-27.5589
-66.5105,-27.5589
-66.4105,-27.5589
-72.5105,-27.6589
-72.4105,-27.6589
-72.3105,-27.6589
-72.2105,-27.6589
-72.1105,-27.6589
-72.0105,-27.6589
-71.9105,-27.6589
-71.8105,-27.6589
-71.7105,-27.6589
-71.6105,-27.6589
-71.5105,-27.6589
-71.4105,-27.6589
-71.3105,-27.6589
-71.2105,-27.6589
-71.1105,-27.6589
-71.0105,-27.6589
-70.9105,-27.6589
-70.8105,-27.6589
-70.7105,-27.6589
-70.6105,-27.6589
-70.5105,-27.6589
-70.4105,-27.6589
-70.3105,-27.6589
-70.2105,-27.6589
-70.1105,-27.6589
-70.0105,-27.6589
-69.9105,-27.6589
-69.8105,-27.6589
-69.7105,-27.6589
-69.6105,-27.6589
-69.5105,-27.6589
-69.4105,-27.6589
-69.3105,-27.6589
-69.2105,-27.6589
-69.1105,-27.6589
-69.0105,-27.6589
-68.9105,-27.6589
-68.8105,-27.6589
-68.7105,-27.6589
-68.6105,-27.6589
-68.5105,-27.6589
-68.4105,-27.6589
-68.3105,-27.6589
-68.2105,-27.6589
-68.1105,-27.6589
-68.0105,-27.6589
-67.9105,-27.6589
-67.8105,-27.6589
-67.7105,-27.6589
-67.6105,-27.6589
-67.5105,-27.6589
-67.4105,-27.6589
-67.3105,-27.6589
-67.2105,-27.6589
-67.1105,-27.6589
-67.0105,-27.6589
-66.9105,-27.6589
-66.8105,-27.6589
-66.7105,-27.6589
-66.6105,-27.6589
-66.5105,-27.6589
-66.4105,-27.6589
-72.6105,-27.7589
-72.5105,-27.7589
-72.4105,-27.7589
-72.3105,-27.7589
-72.2105,-27.7589
-72.1105,-27.7589
-72.0105,-27.7589
-71.9105,-27.7589
-71.8105,-27.7589
-71.7105,-27.7589
-71.6105,-27.7589
-71.5105,-27.7589
-71.4105,-27.7589
-71.3105,-27.7589
-71.2105,-27.7589
-71.1105,-27.7589
-71.0105,-27.7589
-70.9105,-27.7589
-70.8105,-27.7589
-70.7105,-27.7589
-70.6105,-27.7589
-70.5105,-27.7589
-70.4105,-27.7589
-70.3105,-27.7589
-70.2105,-27.7589
-70.1105,-27.7589
-70.0105,-27.7589
-69.9105,-27.7589
-69.8105,-27.7589
-69.7105,-27.7589
-69.6105,-27.7589
-69.5105,-27.7589
-69.4105,-27.7589
-69.3105,-27.7589
-69.2105,-27.7589
-69.1105,-27.7589
-69.0105,-27.7589
-68.9105,-27.7589
-68.8105,-27.7589
-68.7105,-27.7589
-68.6105,-27.7589
-68.5105,-27.7589
-68.4105,-27.7589
-68.3105,-27.7589
-68.2105,-27.7589
-68.1105,-27.7589
-68.0105,-27.7589
-67.9105,-27.7589
-67.8105,-27.7589
-67.7105,-27.7589
-67.6105,-27.7589
-67.5105,-27.7589
-67.4105,-27.7589
-67.3105,-27.7589
-67.2105,-27.7589
-67.1105,-27.7589
-67.0105,-27.7589
-66.9105,-27.7589
-66.8105,-27.7589
-66.7105,-27.7589
-66.6105,-27.7589
-66.5105,-27.7589
-66.4105,-27.7589
-72.6105,-27.8589
-72.5105,-27.8589
-72.4105,-27.8589
-72.3105,-27.8589
-72.2105,-27.8589
-72.1105,-27.8589
-72.0105,-27.8589
-71.9105,-27.8589
-71.8105,-27.8589
-71.7105,-27.8589
-71.6105,-27.8589
-71.5105,-27.8589
-71.4105,-27.8589
-71.3105,-27.8589
-71.2105,-27.8589
-71.1105,-27.8589
-71.0105,-27.8589
-70.9105,-27.8589
-70.8105,-27.8589
-70.7105,-27.8589
-70.6105,-27.8589
-70.5105,-27.8589
-70.4105,-27.8589
-70.3105,-27.8589
-70.2105,-27.8589
-70.1105,-27.8589
-70.0105,-27.8589
-69.9105,-27.8589
-69.8105,-27.8589
-69.7105,-27.8589
-69.6105,-27.8589
-69.5105,-27.8589
-69.4105,-27.8589
-69.3105,-27.8589
-69.2105,-27.8589
-69.1105,-27.8589
-69.0105,-27.8589
-68.9105,-27.8589
-68.8105,-27.8589
-68.7105,-27.8589
-68.6105,-27.8589
-68.5105,-27.8589
-68.4105,-27.8589
-68.3105,-27.8589
-68.2105,-27.8589
-68.1105,-27.8589
-68.0105,-27.8589
-67.9105,-27.8589
-67.8105,-27.8589
-67.7105,-27.8589
-67.6105,-27.8589
-67.5105,-27.8589
-67.4105,-27.8589
-67.3105,-27.8589
-67.2105,-27.8589
-67.1105,-27.8589
-67.0105,-27.8589
-66.9105,-27.8589
-66.8105,-27.8589
-66.7105,-27.8589
-66.6105,-27.8589
-66.5105,-27.8589
-72.6105,-27.9589
-72.5105,-27.9589
-72.4105,-27.9589
-72.3105,-27.9589
-72.2105,-27.9589
-72.1105,-27.9589
-72.0105,-27.9589
-71.9105,-27.9589
-71.8105,-27.9589
-71.7105,-27.9589
-71.6105,-27.9589
-71.5105,-27.9589
-71.4105,-27.9589
-71.3105,-27.9589
-71.2105,-27.9589
-71.1105,-27.9589
-71.0105,-27.9589
-70.9105,-27.9589
-70.8105,-27.9589
-70.7105,-27.9589
-70.6105,-27.9589
-70.5105,-27.9589
-70.4105,-27.9589
-70.3105,-27.9589
-70.2105,-27.9589
-70.1105,-27.9589
-70.0105,-27.9589
-69.9105,-27.9589
-69.8105,-27.9589
-69.7105,-27.9589
-69.6105,-27.9589
-69.5105,-27.9589
-69.4105,-27.9589
-69.3105,-27.9589
-69.2105,-27.9589
-69.1105,-27.9589
-69.0105,-27.9589
-68.9105,-27.9589
-68.8105,-27.9589
-68.7105,-27.9589
-68.6105,-27.9589
-68.5105,-27.9589
-68.4105,-27.9589
-68.3105,-27.9589
-68.2105,-27.9589
-68.1105,-27.9589
-68.0105,-27.9589
-67.9105,-27.9589
-67.8105,-27.9589
-67.7105,-27.9589
-67.6105,-27.9589
-67.5105,-27.9589
-67.4105,-27.9589
-67.3105,-27.9589
-67.2105,-27.9589
-67.1105,-27.9589
-67.0105,-27.9589
-66.9105,-27.9589
-66.8105,-27.9589
-66.7105,-27.9589
-66.6105,-27.9589
-66.5105,-27.9589
-72.7105,-28.0589
-72.6105,-28.0589
-72.5105,-28.0589
-72.4105,-28.0589
-72.3105,-28.0589
-72.2105,-28.0589
-72.1105,-28.0589
-72.0105,-28.0589
-71.9105,-28.0589
-71.8105,-28.0589
-71.7105,-28.0589
-71.6105,-28.0589
-71.5105,-28.0589
-71.4105,-28.0589
-71.3105,-28.0589
-71.2105,-28.0589
-71.1105,-28.0589
-71.0105,-28.0589
-70.9105,-28.0589
-70.8105,-28.0589
-70.7105,-28.0589
-70.6105,-28.0589
-70.5105,-28.0589
-70.4105,-28.0589
-70.3105,-28.0589
-70.2105,-28.0589
-70.1105,-28.0589
-70.0105,-28.0589
-69.9105,-28.0589
-69.8105,-28.0589
-69.7105,-28.0589
-69.6105,-28.0589
-69.5105,-28.0589
-69.4105,-28.0589
-69.3105,-28.0589
-69.2105,-28.0589
-69.1105,-28.0589
-69.0105,-28.0589
-68.9105,-28.0589
-68.8105,-28.0589
-68.7105,-28.0589
-68.6105,-28.0589
-68.5105,-28.0589
-68.4105,-28.0589
-68.3105,-28.0589
-68.2105,-28.0589
-68.1105,-28.0589
-68.0105,-28.0589
-67.9105,-28.0589
-67.8105,-28.0589
-67.7105,-28.0589
-67.6105,-28.0589
-67.5105,-28.0589
-67.4105,-28.0589
-67.3105,-28.0589
-67.2105,-28.0589
-67.1105,-28.0589
-67.0105,-28.0589
-66.9105,-28.0589
-66.8105,-28.0589
-66.7105,-28.0589
-66.6105,-28.0589
-66.5105,-28.0589
-72.8105,-28.1589
-72.7105,-28.1589
-72.6105,-28.1589
-72.5105,-28.1589
-72.4105,-28.1589
-72.3105,-28.1589
-72.2105,-28.1589
-72.1105,-28.1589
-72.0105,-28.1589
-71.9105,-28.1589
-71.8105,-28.1589
-71.7105,-28.1589
-71.6105,-28.1589
-71.5105,-28.1589
-71.4105,-28.1589
-71.3105,-28.1589
-71.2105,-28.1589
-71.1105,-28.1589
-71.0105,-28.1589
-70.9105,-28.1589
-70.8105,-28.1589
-70.7105,-28.1589
-70.6105,-28.1589
-70.5105,-28.1589
-70.4105,-28.1589
-70.3105,-28.1589
-70.2105,-28.1589
-70.1105,-28.1589
-70.0105,-28.1589
-69.9105,-28.1589
-69.8105,-28.1589
-69.7105,-28.1589
-69.6105,-28.1589
-69.5105,-28.1589
-69.4105,-28.1589
-69.3105,-28.1589
-69.2105,-28.1589
-69.1105,-28.1589
-69.0105,-28.1589
-68.9105,-28.1589
-68.8105,-28.1589
-68.7105,-28.1589
-68.6105,-28.1589
-68.5105,-28.1589
-68.4105,-28.1589
-68.3105,-28.1589
-68.2105,-28.1589
-68.1105,-28.1589
-68.0105,-28.1589
-67.9105,-28.1589
-67.8105,-28.1589
-67.7105,-28.1589
-67.6105,-28.1589
-67.5105,-28.1589
-67.4105,-28.1589
-67.3105,-28.1589
-67.2105,-28.1589
-67.1105,-28.1589
-67.0105,-28.1589
-66.9105,-28.1589
-66.8105,-28.1589
-66.7105,-28.1589
-66.6105,-28.1589
-66.5105,-28.1589
-72.8105,-28.2589
-72.7105,-28.2589
-72.6105,-28.2589
-72.5105,-28.2589
-72.4105,-28.2589
-72.3105,-28.2589
-72.2105,-28.2589
-72.1105,-28.2589
-72.0105,-28.2589
-71.9105,-28.2589
-71.8105,-28.2589
-71.7105,-28.2589
-71.6105,-28.2589
-71.5105,-28.2589
-71.4105,-28.2589
-71.3105,-28.2589
-71.2105,-28.2589
-71.1105,-28.2589
-71.0105,-28.2589
-70.9105,-28.2589
-70.8105,-28.2589
-70.7105,-28.2589
-70.6105,-28.2589
-70.5105,-28.2589
-70.4105,-28.2589
-70.3105,-28.2589
-70.2105,-28.2589
-70.1105,-28.2589
-70.0105,-28.2589
-69.9105,-28.2589
-69.8105,-28.2589
-69.7105,-28.2589
-69.6105,-28.2589
-69.5105,-28.2589
-69.4105,-28.2589
-69.3105,-28.2589
-69.2105,-28.2589
-69.1105,-28.2589
-69.0105,-28.2589
-68.9105,-28.2589
-68.8105,-28.2589
-68.7105,-28.2589
-68.6105,-28.2589
-68.5105,-28.2589
-68.4105,-28.2589
-68.3105,-28.2589
-68.2105,-28.2589
-68.1105,-28.2589
-68.0105,-28.2589
-67.9105,-28.2589
-67.8105,-28.2589
-67.7105,-28.2589
-67.6105,-28.2589
-67.5105,-28.2589
-67.4105,-28.2589
-67.3105,-28.2589
-67.2105,-28.2589
-67.1105,-28.2589
-67.0105,-28.2589
-66.9105,-28.2589
-66.8105,-28.2589
-66.7105,-28.2589
-66.6105,-28.2589
-66.5105,-28.2589
-72.8105,-28.3589
-72.7105,-28.3589
-72.6105,-28.3589
-72.5105,-28.3589
-72.4105,-28.3589
-72.3105,-28.3589
-72.2105,-28.3589
-72.1105,-28.3589
-72.0105,-28.3589
-71.9105,-28.3589
-71.8105,-28.3589
-71.7105,-28.3589
-71.6105,-28.3589
-71.5105,-28.3589
-71.4105,-28.3589
-71.3105,-28.3589
-71.2105,-28.3589
-71.1105,-28.3589
-71.0105,-28.3589
-70.9105,-28.3589
-70.8105,-28.3589
-70.7105,-28.3589
-70.6105,-28.3589
-70.5105,-28.3589
-70.4105,-28.3589
-70.3105,-28.3589
-70.2105,-28.3589
-70.1105,-28.3589
-70.0105,-28.3589
-69.9105,-28.3589
-69.8105,-28.3589
-69.7105,-28.3589
-69.6105,-28.3589
-69.5105,-28.3589
-69.4105,-28.3589
-69.3105,-28.3589
-69.2105,-28.3589
-69.1105,-28.3589
-69.0105,-28.3589
-68.9105,-28.3589
-68.8105,-28.3589
-68.7105,-28.3589
-68.6105,-28.3589
-68.5105,-28.3589
-68.4105,-28.3589
-68.3105,-28.3589
-68.2105,-28.3589
-68.1105,-28.3589
-68.0105,-28.3589
-67.9105,-28.3589
-67.8105,-28.3589
-67.7105,-28.3589
-67.6105,-28.3589
-67.5105,-28.3589
-67.4105,-28.3589
-67.3105,-28.3589
-67.2105,-28.3589
-67.1105,-28.3589
-67.0105,-28.3589
-66.9105,-28.3589
-66.8105,-28.3589
-66.7105,-28.3589
-66.6105,-28.3589
-66.5105,-28.3589
-72.9105,-28.4589
-72.8105,-28.4589
-72.7105,-28.4589
-72.6105,-28.4589
-72.5105,-28.4589
-72.4105,-28.4589
-72.3105,-28.4589
-72.2105,-28.4589
-72.1105,-28.4589
-72.0105,-28.4589
-71.9105,-28.4589
-71.8105,-28.4589
-71.7105,-28.4589
-71.6105,-28.4589
-71.5105,-28.4589
-71.4105,-28.4589
-71.3105,-28.4589
-71.2105,-28.4589
-71.1105,-28.4589
-71.0105,-28.4589
-70.9105,-28.4589
-70.8105,-28.4589
-70.7105,-28.4589
-70.6105,-28.4589
-70.5105,-28.4589
-70.4105,-28.4589
-70.3105,-28.4589
-70.2105,-28.4589
-70.1105,-28.4589
-70.0105,-28.4589
-69.9105,-28.4589
-69.8105,-28.4589
-69.7105,-28.4589
-69.6105,-28.4589
-69.5105,-28.4589
-69.4105,-28.4589
-69.3105,-28.4589
-69.2105,-28.4589
-69.1105,-28.4589
-69.0105,-28.4589
-68.9105,-28.4589
-68.8105,-28.4589
-68.7105,-28.4589
-68.6105,-28.4589
-68.5105,-28.4589
-68.4105,-28.4589
-68.3105,-28.4589
-68.2105,-28.4589
-68.1105,-28.4589
-68.0105,-28.4589
-67.9105,-28.4589
-67.8105,-28.4589
-67.7105,-28.4589
-67.6105,-28.4589
-67.5105,-28.4589
-67.4105,-28.4589
-67.3105,-28.4589
-67.2105,-28.4589
-67.1105,-28.4589
-67.0105,-28.4589
-66.9105,-28.4589
-66.8105,-28.4589
-66.7105,-28.4589
-66.6105,-28.4589
-66.5105,-28.4589
-72.9105,-28.5589
-72.8105,-28.5589
-72.7105,-28.5589
-72.6105,-28.5589
-72.5105,-28.5589
-72.4105,-28.5589
-72.3105,-28.5589
-72.2105,-28.5589
-72.1105,-28.5589
-72.0105,-28.5589
-71.9105,-28.5589
-71.8105,-28.5589
-71.7105,-28.5589
-71.6105,-28.5589
-71.5105,-28.5589
-71.4105,-28.5589
-71.3105,-28.5589
-71.2105,-28.5589
-71.1105,-28.5589
-71.0105,-28.5589
-70.9105,-28.5589
-70.8105,-28.5589
-70.7105,-28.5589
-70.6105,-28.5589
-70.5105,-28.5589
-70.4105,-28.5589
-70.3105,-28.5589
-70.2105,-28.5589
-70.1105,-28.5589
-70.0105,-28.5589
-69.9105,-28.5589
-69.8105,-28.5589
-69.7105,-28.5589
-69.6105,-28.5589
-69.5105,-28.5589
-69.4105,-28.5589
-69.3105,-28.5589
-69.2105,-28.5589
-69.1105,-28.5589
-69.0105,-28.5589
-68.9105,-28.5589
-68.8105,-28.5589
-68.7105,-28.5589
-68.6105,-28.5589
-68.5105,-28.5589
-68.4105,-28.5589
-68.3105,-28.5589
-68.2105,-28.5589
-68.1105,-28.5589
-68.0105,-28.5589
-67.9105,-28.5589
-67.8105,-28.5589
-67.7105,-28.5589
-67.6105,-28.5589
-67.5105,-28.5589
-67.4105,-28.5589
-67.3105,-28.5589
-67.2105,-28.5589
-67.1105,-28.5589
-67.0105,-28.5589
-66.9105,-28.5589
-66.8105,-28.5589
-66.7105,-28.5589
-66.6105,-28.5589
-66.5105,-28.5589
-72.9105,-28.6589
-72.8105,-28.6589
-72.7105,-28.6589
-72.6105,-28.6589
-72.5105,-28.6589
-72.4105,-28.6589
-72.3105,-28.6589
-72.2105,-28.6589
-72.1105,-28.6589
-72.0105,-28.6589
-71.9105,-28.6589
-71.8105,-28.6589
-71.7105,-28.6589
-71.6105,-28.6589
-71.5105,-28.6589
-71.4105,-28.6589
-71.3105,-28.6589
-71.2105,-28.6589
-71.1105,-28.6589
-71.0105,-28.6589
-70.9105,-28.6589
-70.8105,-28.6589
-70.7105,-28.6589
-70.6105,-28.6589
-70.5105,-28.6589
-70.4105,-28.6589
-70.3105,-28.6589
-70.2105,-28.6589
-70.1105,-28.6589
-70.0105,-28.6589
-69.9105,-28.6589
-69.8105,-28.6589
-69.7105,-28.6589
-69.6105,-28.6589
-69.5105,-28.6589
-69.4105,-28.6589
-69.3105,-28.6589
-69.2105,-28.6589
-69.1105,-28.6589
-69.0105,-28.6589
-68.9105,-28.6589
-68.8105,-28.6589
-68.7105,-28.6589
-68.6105,-28.6589
-68.5105,-28.6589
-68.4105,-28.6589
-68.3105,-28.6589
-68.2105,-28.6589
-68.1105,-28.6589
-68.0105,-28.6589
-67.9105,-28.6589
-67.8105,-28.6589
-67.7105,-28.6589
-67.6105,-28.6589
-67.5105,-28.6589
-67.4105,-28.6589
-67.3105,-28.6589
-67.2105,-28.6589
-67.1105,-28.6589
-67.0105,-28.6589
-66.9105,-28.6589
-66.8105,-28.6589
-66.7105,-28.6589
-66.6105,-28.6589
-66.5105,-28.6589
-72.9105,-28.7589
-72.8105,-28.7589
-72.7105,-28.7589
-72.6105,-28.7589
-72.5105,-28.7589
-72.4105,-28.7589
-72.3105,-28.7589
-72.2105,-28.7589
-72.1105,-28.7589
-72.0105,-28.7589
-71.9105,-28.7589
-71.8105,-28.7589
-71.7105,-28.7589
-71.6105,-28.7589
-71.5105,-28.7589
-71.4105,-28.7589
-71.3105,-28.7589
-71.2105,-28.7589
-71.1105,-28.7589
-71.0105,-28.7589
-70.9105,-28.7589
-70.8105,-28.7589
-70.7105,-28.7589
-70.6105,-28.7589
-70.5105,-28.7589
-70.4105,-28.7589
-70.3105,-28.7589
-70.2105,-28.7589
-70.1105,-28.7589
-70.0105,-28.7589
-69.9105,-28.7589
-69.8105,-28.7589
-69.7105,-28.7589
-69.6105,-28.7589
-69.5105,-28.7589
-69.4105,-28.7589
-69.3105,-28.7589
-69.2105,-28.7589
-69.1105,-28.7589
-69.0105,-28.7589
-68.9105,-28.7589
-68.8105,-28.7589
-68.7105,-28.7589
-68.6105,-28.7589
-68.5105,-28.7589
-68.4105,-28.7589
-68.3105,-28.7589
-68.2105,-28.7589
-68.1105,-28.7589
-68.0105,-28.7589
-67.9105,-28.7589
-67.8105,-28.7589
-67.7105,-28.7589
-67.6105,-28.7589
-67.5105,-28.7589
-67.4105,-28.7589
-67.3105,-28.7589
-67.2105,-28.7589
-67.1105,-28.7589
-67.0105,-28.7589
-66.9105,-28.7589
-66.8105,-28.7589
-66.7105,-28.7589
-66.6105,-28.7589
-66.5105,-28.7589
-72.9105,-28.8589
-72.8105,-28.8589
-72.7105,-28.8589
-72.6105,-28.8589
-72.5105,-28.8589
-72.4105,-28.8589
-72.3105,-28.8589
-72.2105,-28.8589
-72.1105,-28.8589
-72.0105,-28.8589
-71.9105,-28.8589
-71.8105,-28.8589
-71.7105,-28.8589
-71.6105,-28.8589
-71.5105,-28.8589
-71.4105,-28.8589
-71.3105,-28.8589
-71.2105,-28.8589
-71.1105,-28.8589
-71.0105,-28.8589
-70.9105,-28.8589
-70.8105,-28.8589
-70.7105,-28.8589
-70.6105,-28.8589
-70.5105,-28.8589
-70.4105,-28.8589
-70.3105,-28.8589
-70.2105,-28.8589
-70.1105,-28.8589
-70.0105,-28.8589
-69.9105,-28.8589
-69.8105,-28.8589
-69.7105,-28.8589
-69.6105,-28.8589
-69.5105,-28.8589
-69.4105,-28.8589
-69.3105,-28.8589
-69.2105,-28.8589
-69.1105,-28.8589
-69.0105,-28.8589
-68.9105,-28.8589
-68.8105,-28.8589
-68.7105,-28.8589
-68.6105,-28.8589
-68.5105,-28.8589
-68.4105,-28.8589
-68.3105,-28.8589
-68.2105,-28.8589
-68.1105,-28.8589
-68.0105,-28.8589
-67.9105,-28.8589
-67.8105,-28.8589
-67.7105,-28.8589
-67.6105,-28.8589
-67.5105,-28.8589
-67.4105,-28.8589
-67.3105,-28.8589
-67.2105,-28.8589
-67.1105,-28.8589
-67.0105,-28.8589
-66.9105,-28.8589
-66.8105,-28.8589
-66.7105,-28.8589
-66.6105,-28.8589
-66.5105,-28.8589
-72.9105,-28.9589
-72.8105,-28.9589
-72.7105,-28.9589
-72.6105,-28.9589
-72.5105,-28.9589
-72.4105,-28.9589
-72.3105,-28.9589
-72.2105,-28.9589
-72.1105,-28.9589
-72.0105,-28.9589
-71.9105,-28.9589
-71.8105,-28.9589
-71.7105,-28.9589
-71.6105,-28.9589
-71.5105,-28.9589
-71.4105,-28.9589
-71.3105,-28.9589
-71.2105,-28.9589
-71.1105,-28.9589
-71.0105,-28.9589
-70.9105,-28.9589
-70.8105,-28.9589
-70.7105,-28.9589
-70.6105,-28.9589
-70.5105,-28.9589
-70.4105,-28.9589
-70.3105,-28.9589
-70.2105,-28.9589
-70.1105,-28.9589
-70.0105,-28.9589
-69.9105,-28.9589
-69.8105,-28.9589
-69.7105,-28.9589
-69.6105,-28.9589
-69.5105,-28.9589
-69.4105,-28.9589
-69.3105,-28.9589
-69.2105,-28.9589
-69.1105,-28.9589
-69.0105,-28.9589
-68.9105,-28.9589
-68.8105,-28.9589
-68.7105,-28.9589
-68.6105,-28.9589
-68.5105,-28.9589
-68.4105,-28.9589
-68.3105,-28.9589
-68.2105,-28.9589
-68.1105,-28.9589
-68.0105,-28.9589
-67.9105,-28.9589
-67.8105,-28.9589
-67.7105,-28.9589
-67.6105,-28.9589
-67.5105,-28.9589
-67.4105,-28.9589
-67.3105,-28.9589
-67.2105,-28.9589
-67.1105,-28.9589
-67.0105,-28.9589
-66.9105,-28.9589
-66.8105,-28.9589
-66.7105,-28.9589
-66.6105,-28.9589
-72.9105,-29.0589
-72.8105,-29.0589
-72.7105,-29.0589
-72.6105,-29.0589
-72.5105,-29.0589
-72.4105,-29.0589
-72.3105,-29.0589
-72.2105,-29.0589
-72.1105,-29.0589
-72.0105,-29.0589
-71.9105,-29.0589
-71.8105,-29.0589
-71.7105,-29.0589
-71.6105,-29.0589
-71.5105,-29.0589
-71.4105,-29.0589
-71.3105,-29.0589
-71.2105,-29.0589
-71.1105,-29.0589
-71.0105,-29.0589
-70.9105,-29.0589
-70.8105,-29.0589
-70.7105,-29.0589
-70.6105,-29.0589
-70.5105,-29.0589
-70.4105,-29.0589
-70.3105,-29.0589
-70.2105,-29.0589
-70.1105,-29.0589
-70.0105,-29.0589
-69.9105,-29.0589
-69.8105,-29.0589
-69.7105,-29.0589
-69.6105,-29.0589
-69.5105,-29.0589
-69.4105,-29.0589
-69.3105,-29.0589
-69.2105,-29.0589
-69.1105,-29.0589
-69.0105,-29.0589
-68.9105,-29.0589
-68.8105,-29.0589
-68.7105,-29.0589
-68.6105,-29.0589
-68.5105,-29.0589
-68.4105,-29.0589
-68.3105,-29.0589
-68.2105,-29.0589
-68.1105,-29.0589
-68.0105,-29.0589
-67.9105,-29.0589
-67.8105,-29.0589
-67.7105,-29.0589
-67.6105,-29.0589
-67.5105,-29.0589
-67.4105,-29.0589
-67.3105,-29.0589
-67.2105,-29.0589
-67.1105,-29.0589
-67.0105,-29.0589
-66.9105,-29.0589
-66.8105,-29.0589
-66.7105,-29.0589
-66.6105,-29.0589
-72.9105,-29.1589
-72.8105,-29.1589
-72.7105,-29.1589
-72.6105,-29.1589
-72.5105,-29.1589
-72.4105,-29.1589
-72.3105,-29.1589
-72.2105,-29.1589
-72.1105,-29.1589
-72.0105,-29.1589
-71.9105,-29.1589
-71.8105,-29.1589
-71.7105,-29.1589
-71.6105,-29.1589
-71.5105,-29.1589
-71.4105,-29.1589
-71.3105,-29.1589
-71.2105,-29.1589
-71.1105,-29.1589
-71.0105,-29.1589
-70.9105,-29.1589
-70.8105,-29.1589
-70.7105,-29.1589
-70.6105,-29.1589
-70.5105,-29.1589
-70.4105,-29.1589
-70.3105,-29.1589
-70.2105,-29.1589
-70.1105,-29.1589
-70.0105,-29.1589
-69.9105,-29.1589
-69.8105,-29.1589
-69.7105,-29.1589
-69.6105,-29.1589
-69.5105,-29.1589
-69.4105,-29.1589
-69.3105,-29.1589
-69.2105,-29.1589
-69.1105,-29.1589
-69.0105,-29.1589
-68.9105,-29.1589
-68.8105,-29.1589
-68.7105,-29.1589
-68.6105,-29.1589
-68.5105,-29.1589
-68.4105,-29.1589
-68.3105,-29.1589
-68.2105,-29.1589
-68.1105,-29.1589
-68.0105,-29.1589
-67.9105,-29.1589
-67.8105,-29.1589
-67.7105,-29.1589
-67.6105,-29.1589
-67.5105,-29.1589
-67.4105,-29.1589
-67.3105,-29.1589
-67.2105,-29.1589
-67.1105,-29.1589
-67.0105,-29.1589
-66.9105,-29.1589
-66.8105,-29.1589
-66.7105,-29.1589
-66.6105,-29.1589
-72.9105,-29.2589
-72.8105,-29.2589
-72.7105,-29.2589
-72.6105,-29.2589
-72.5105,-29.2589
-72.4105,-29.2589
-72.3105,-29.2589
-72.2105,-29.2589
-72.1105,-29.2589
-72.0105,-29.2589
-71.9105,-29.2589
-71.8105,-29.2589
-71.7105,-29.2589
-71.6105,-29.2589
-71.5105,-29.2589
-71.4105,-29.2589
-71.3105,-29.2589
-71.2105,-29.2589
-71.1105,-29.2589
-71.0105,-29.2589
-70.9105,-29.2589
-70.8105,-29.2589
-70.7105,-29.2589
-70.6105,-29.2589
-70.5105,-29.2589
-70.4105,-29.2589
-70.3105,-29.2589
-70.2105,-29.2589
-70.1105,-29.2589
-70.0105,-29.2589
-69.9105,-29.2589
-69.8105,-29.2589
-69.7105,-29.2589
-69.6105,-29.2589
-69.5105,-29.2589
-69.4105,-29.2589
-69.3105,-29.2589
-69.2105,-29.2589
-69.1105,-29.2589
-69.0105,-29.2589
-68.9105,-29.2589
-68.8105,-29.2589
-68.7105,-29.2589
-68.6105,-29.2589
-68.5105,-29.2589
-68.4105,-29.2589
-68.3105,-29.2589
-68.2105,-29.2589
-68.1105,-29.2589
-68.0105,-29.2589
-67.9105,-29.2589
-67.8105,-29.2589
-67.7105,-29.2589
-67.6105,-29.2589
-67.5105,-29.2589
-67.4105,-29.2589
-67.3105,-29.2589
-67.2105,-29.2589
-67.1105,-29.2589
-67.0105,-29.2589
-66.9105,-29.2589
-66.8105,-29.2589
-66.7105,-29.2589
-66.6105,-29.2589
-72.9105,-29.3589
-72.8105,-29.3589
-72.7105,-29.3589
-72.6105,-29.3589
-72.5105,-29.3589
-72.4105,-29.3589
-72.3105,-29.3589
-72.2105,-29.3589
-72.1105,-29.3589
-72.0105,-29.3589
-71.9105,-29.3589
-71.8105,-29.3589
-71.7105,-29.3589
-71.6105,-29.3589
-71.5105,-29.3589
-71.4105,-29.3589
-71.3105,-29.3589
-71.2105,-29.3589
-71.1105,-29.3589
-71.0105,-29.3589
-70.9105,-29.3589
-70.8105,-29.3589
-70.7105,-29.3589
-70.6105,-29.3589
-70.5105,-29.3589
-70.4105,-29.3589
-70.3105,-29.3589
-70.2105,-29.3589
-70.1105,-29.3589
-70.0105,-29.3589
-69.9105,-29.3589
-69.8105,-29.3589
-69.7105,-29.3589
-69.6105,-29.3589
-69.5105,-29.3589
-69.4105,-29.3589
-69.3105,-29.3589
-69.2105,-29.3589
-69.1105,-29.3589
-69.0105,-29.3589
-68.9105,-29.3589
-68.8105,-29.3589
-68.7105,-29.3589
-68.6105,-29.3589
-68.5105,-29.3589
-68.4105,-29.3589
-68.3105,-29.3589
-68.2105,-29.3589
-68.1105,-29.3589
-68.0105,-29.3589
-67.9105,-29.3589
-67.8105,-29.3589
-67.7105,-29.3589
-67.6105,-29.3589
-67.5105,-29.3589
-67.4105,-29.3589
-67.3105,-29.3589
-67.2105,-29.3589
-67.1105,-29.3589
-67.0105,-29.3589
-66.9105,-29.3589
-66.8105,-29.3589
-66.7105,-29.3589
-66.6105,-29.3589
-72.9105,-29.4589
-72.8105,-29.4589
-72.7105,-29.4589
-72.6105,-29.4589
-72.5105,-29.4589
-72.4105,-29.4589
-72.3105,-29.4589
-72.2105,-29.4589
-72.1105,-29.4589
-72.0105,-29.4589
-71.9105,-29.4589
-71.8105,-29.4589
-71.7105,-29.4589
-71.6105,-29.4589
-71.5105,-29.4589
-71.4105,-29.4589
-71.3105,-29.4589
-71.2105,-29.4589
-71.1105,-29.4589
-71.0105,-29.4589
-70.9105,-29.4589
-70.8105,-29.4589
-70.7105,-29.4589
-70.6105,-29.4589
-70.5105,-29.4589
-70.4105,-29.4589
-70.3105,-29.4589
-70.2105,-29.4589
-70.1105,-29.4589
-70.0105,-29.4589
-69.9105,-29.4589
-69.8105,-29.4589
-69.7105,-29.4589
-69.6105,-29.4589
-69.5105,-29.4589
-69.4105,-29.4589
-69.3105,-29.4589
-69.2105,-29.4589
-69.1105,-29.4589
-69.0105,-29.4589
-68.9105,-29.4589
-68.8105,-29.4589
-68.7105,-29.4589
-68.6105,-29.4589
-68.5105,-29.4589
-68.4105,-29.4589
-68.3105,-29.4589
-68.2105,-29.4589
-68.1105,-29.4589
-68.0105,-29.4589
-67.9105,-29.4589
-67.8105,-29.4589
-67.7105,-29.4589
-67.6105,-29.4589
-67.5105,-29.4589
-67.4105,-29.4589
-67.3105,-29.4589
-67.2105,-29.4589
-67.1105,-29.4589
-67.0105,-29.4589
-66.9105,-29.4589
-66.8105,-29.4589
-66.7105,-29.4589
-66.6105,-29.4589
-72.9105,-29.5589
-72.8105,-29.5589
-72.7105,-29.5589
-72.6105,-29.5589
-72.5105,-29.5589
-72.4105,-29.5589
-72.3105,-29.5589
-72.2105,-29.5589
-72.1105,-29.5589
-72.0105,-29.5589
-71.9105,-29.5589
-71.8105,-29.5589
-71.7105,-29.5589
-71.6105,-29.5589
-71.5105,-29.5589
-71.4105,-29.5589
-71.3105,-29.5589
-71.2105,-29.5589
-71.1105,-29.5589
-71.0105,-29.5589
-70.9105,-29.5589
-70.8105,-29.5589
-70.7105,-29.5589
-70.6105,-29.5589
-70.5105,-29.5589
-70.4105,-29.5589
-70.3105,-29.5589
-70.2105,-29.5589
-70.1105,-29.5589
-70.0105,-29.5589
-69.9105,-29.5589
-69.8105,-29.5589
-69.7105,-29.5589
-69.6105,-29.5589
-69.5105,-29.5589
-69.4105,-29.5589
-69.3105,-29.5589
-69.2105,-29.5589
-69.1105,-29.5589
-69.0105,-29.5589
-68.9105,-29.5589
-68.8105,-29.5589
-68.7105,-29.5589
-68.6105,-29.5589
-68.5105,-29.5589
-68.4105,-29.5589
-68.3105,-29.5589
-68.2105,-29.5589
-68.1105,-29.5589
-68.0105,-29.5589
-67.9105,-29.5589
-67.8105,-29.5589
-67.7105,-29.5589
-67.6105,-29.5589
-67.5105,-29.5589
-67.4105,-29.5589
-67.3105,-29.5589
-67.2105,-29.5589
-67.1105,-29.5589
-67.0105,-29.5589
-66.9105,-29.5589
-66.8105,-29.5589
-66.7105,-29.5589
-66.6105,-29.5589
-72.9105,-29.6589
-72.8105,-29.6589
-72.7105,-29.6589
-72.6105,-29.6589
-72.5105,-29.6589
-72.4105,-29.6589
-72.3105,-29.6589
-72.2105,-29.6589
-72.1105,-29.6589
-72.0105,-29.6589
-71.9105,-29.6589
-71.8105,-29.6589
-71.7105,-29.6589
-71.6105,-29.6589
-71.5105,-29.6589
-71.4105,-29.6589
-71.3105,-29.6589
-71.2105,-29.6589
-71.1105,-29.6589
-71.0105,-29.6589
-70.9105,-29.6589
-70.8105,-29.6589
-70.7105,-29.6589
-70.6105,-29.6589
-70.5105,-29.6589
-70.4105,-29.6589
-70.3105,-29.6589
-70.2105,-29.6589
-70.1105,-29.6589
-70.0105,-29.6589
-69.9105,-29.6589
-69.8105,-29.6589
-69.7105,-29.6589
-69.6105,-29.6589
-69.5105,-29.6589
-69.4105,-29.6589
-69.3105,-29.6589
-69.2105,-29.6589
-69.1105,-29.6589
-69.0105,-29.6589
-68.9105,-29.6589
-68.8105,-29.6589
-68.7105,-29.6589
-68.6105,-29.6589
-68.5105,-29.6589
-68.4105,-29.6589
-68.3105,-29.6589
-68.2105,-29.6589
-68.1105,-29.6589
-68.0105,-29.6589
-67.9105,-29.6589
-67.8105,-29.6589
-67.7105,-29.6589
-67.6105,-29.6589
-67.5105,-29.6589
-67.4105,-29.6589
-67.3105,-29.6589
-67.2105,-29.6589
-67.1105,-29.6589
-67.0105,-29.6589
-66.9105,-29.6589
-66.8105,-29.6589
-66.7105,-29.6589
-66.6105,-29.6589
-73.0105,-29.7589
-72.9105,-29.7589
-72.8105,-29.7589
-72.7105,-29.7589
-72.6105,-29.7589
-72.5105,-29.7589
-72.4105,-29.7589
-72.3105,-29.7589
-72.2105,-29.7589
-72.1105,-29.7589
-72.0105,-29.7589
-71.9105,-29.7589
-71.8105,-29.7589
-71.7105,-29.7589
-71.6105,-29.7589
-71.5105,-29.7589
-71.4105,-29.7589
-71.3105,-29.7589
-71.2105,-29.7589
-71.1105,-29.7589
-71.0105,-29.7589
-70.9105,-29.7589
-70.8105,-29.7589
-70.7105,-29.7589
-70.6105,-29.7589
-70.5105,-29.7589
-70.4105,-29.7589
-70.3105,-29.7589
-70.2105,-29.7589
-70.1105,-29.7589
-70.0105,-29.7589
-69.9105,-29.7589
-69.8105,-29.7589
-69.7105,-29.7589
-69.6105,-29.7589
-69.5105,-29.7589
-69.4105,-29.7589
-69.3105,-29.7589
-69.2105,-29.7589
-69.1105,-29.7589
-69.0105,-29.7589
-68.9105,-29.7589
-68.8105,-29.7589
-68.7105,-29.7589
-68.6105,-29.7589
-68.5105,-29.7589
-68.4105,-29.7589
-68.3105,-29.7589
-68.2105,-29.7589
-68.1105,-29.7589
-68.0105,-29.7589
-67.9105,-29.7589
-67.8105,-29.7589
-67.7105,-29.7589
-67.6105,-29.7589
-67.5105,-29.7589
-67.4105,-29.7589
-67.3105,-29.7589
-67.2105,-29.7589
-67.1105,-29.7589
-67.0105,-29.7589
-66.9105,-29.7589
-66.8105,-29.7589
-66.7105,-29.7589
-66.6105,-29.7589
-73.0105,-29.8589
-72.9105,-29.8589
-72.8105,-29.8589
-72.7105,-29.8589
-72.6105,-29.8589
-72.5105,-29.8589
-72.4105,-29.8589
-72.3105,-29.8589
-72.2105,-29.8589
-72.1105,-29.8589
-72.0105,-29.8589
-71.9105,-29.8589
-71.8105,-29.8589
-71.7105,-29.8589
-71.6105,-29.8589
-71.5105,-29.8589
-71.4105,-29.8589
-71.3105,-29.8589
-71.2105,-29.8589
-71.1105,-29.8589
-71.0105,-29.8589
-70.9105,-29.8589
-70.8105,-29.8589
-70.7105,-29.8589
-70.6105,-29.8589
-70.5105,-29.8589
-70.4105,-29.8589
-70.3105,-29.8589
-70.2105,-29.8589
-70.1105,-29.8589
-70.0105,-29.8589
-69.9105,-29.8589
-69.8105,-29.8589
-69.7105,-29.8589
-69.6105,-29.8589
-69.5105,-29.8589
-69.4105,-29.8589
-69.3105,-29.8589
-69.2105,-29.8589
-69.1105,-29.8589
-69.0105,-29.8589
-68.9105,-29.8589
-68.8105,-29.8589
-68.7105,-29.8589
-68.6105,-29.8589
-68.5105,-29.8589
-68.4105,-29.8589
-68.3105,-29.8589
-68.2105,-29.8589
-68.1105,-29.8589
-68.0105,-29.8589
-67.9105,-29.8589
-67.8105,-29.8589
-67.7105,-29.8589
-67.6105,-29.8589
-67.5105,-29.8589
-67.4105,-29.8589
-67.3105,-29.8589
-67.2105,-29.8589
-67.1105,-29.8589
-67.0105,-29.8589
-66.9105,-29.8589
-66.8105,-29.8589
-66.7105,-29.8589
-66.6105,-29.8589
-73.0105,-29.9589
-72.9105,-29.9589
-72.8105,-29.9589
-72.7105,-29.9589
-72.6105,-29.9589
-72.5105,-29.9589
-72.4105,-29.9589
-72.3105,-29.9589
-72.2105,-29.9589
-72.1105,-29.9589
-72.0105,-29.9589
-71.9105,-29.9589
-71.8105,-29.9589
-71.7105,-29.9589
-71.6105,-29.9589
-71.5105,-29.9589
-71.4105,-29.9589
-71.3105,-29.9589
-71.2105,-29.9589
-71.1105,-29.9589
-71.0105,-29.9589
-70.9105,-29.9589
-70.8105,-29.9589
-70.7105,-29.9589
-70.6105,-29.9589
-70.5105,-29.9589
-70.4105,-29.9589
-70.3105,-29.9589
-70.2105,-29.9589
-70.1105,-29.9589
-70.0105,-29.9589
-69.9105,-29.9589
-69.8105,-29.9589
-69.7105,-29.9589
-69.6105,-29.9589
-69.5105,-29.9589
-69.4105,-29.9589
-69.3105,-29.9589
-69.2105,-29.9589
-69.1105,-29.9589
-69.0105,-29.9589
-68.9105,-29.9589
-68.8105,-29.9589
-68.7105,-29.9589
-68.6105,-29.9589
-68.5105,-29.9589
-68.4105,-29.9589
-68.3105,-29.9589
-68.2105,-29.9589
-68.1105,-29.9589
-68.0105,-29.9589
-67.9105,-29.9589
-67.8105,-29.9589
-67.7105,-29.9589
-67.6105,-29.9589
-67.5105,-29.9589
-67.4105,-29.9589
-67.3105,-29.9589
-67.2105,-29.9589
-67.1105,-29.9589
-67.0105,-29.9589
-66.9105,-29.9589
-66.8105,-29.9589
-66.7105,-29.9589
-66.6105,-29.9589
-73.1105,-30.0589
-73.0105,-30.0589
-72.9105,-30.0589
-72.8105,-30.0589
-72.7105,-30.0589
-72.6105,-30.0589
-72.5105,-30.0589
-72.4105,-30.0589
-72.3105,-30.0589
-72.2105,-30.0589
-72.1105,-30.0589
-72.0105,-30.0589
-71.9105,-30.0589
-71.8105,-30.0589
-71.7105,-30.0589
-71.6105,-30.0589
-71.5105,-30.0589
-71.4105,-30.0589
-71.3105,-30.0589
-71.2105,-30.0589
-71.1105,-30.0589
-71.0105,-30.0589
-70.9105,-30.0589
-70.8105,-30.0589
-70.7105,-30.0589
-70.6105,-30.0589
-70.5105,-30.0589
-70.4105,-30.0589
-70.3105,-30.0589
-70.2105,-30.0589
-70.1105,-30.0589
-70.0105,-30.0589
-69.9105,-30.0589
-69.8105,-30.0589
-69.7105,-30.0589
-69.6105,-30.0589
-69.5105,-30.0589
-69.4105,-30.0589
-69.3105,-30.0589
-69.2105,-30.0589
-69.1105,-30.0589
-69.0105,-30.0589
-68.9105,-30.0589
-68.8105,-30.0589
-68.7105,-30.0589
-68.6105,-30.0589
-68.5105,-30.0589
-68.4105,-30.0589
-68.3105,-30.0589
-68.2105,-30.0589
-68.1105,-30.0589
-68.0105,-30.0589
-67.9105,-30.0589
-67.8105,-30.0589
-67.7105,-30.0589
-67.6105,-30.0589
-67.5105,-30.0589
-67.4105,-30.0589
-67.3105,-30.0589
-67.2105,-30.0589
-67.1105,-30.0589
-67.0105,-30.0589
-66.9105,-30.0589
-66.8105,-30.0589
-66.7105,-30.0589
-66.6105,-30.0589
-73.1105,-30.1589
-73.0105,-30.1589
-72.9105,-30.1589
-72.8105,-30.1589
-72.7105,-30.1589
-72.6105,-30.1589
-72.5105,-30.1589
-72.4105,-30.1589
-72.3105,-30.1589
-72.2105,-30.1589
-72.1105,-30.1589
-72.0105,-30.1589
-71.9105,-30.1589
-71.8105,-30.1589
-71.7105,-30.1589
-71.6105,-30.1589
-71.5105,-30.1589
-71.4105,-30.1589
-71.3105,-30.1589
-71.2105,-30.1589
-71.1105,-30.1589
-71.0105,-30.1589
-70.9105,-30.1589
-70.8105,-30.1589
-70.7105,-30.1589
-70.6105,-30.1589
-70.5105,-30.1589
-70.4105,-30.1589
-70.3105,-30.1589
-70.2105,-30.1589
-70.1105,-30.1589
-70.0105,-30.1589
-69.9105,-30.1589
-69.8105,-30.1589
-69.7105,-30.1589
-69.6105,-30.1589
-69.5105,-30.1589
-69.4105,-30.1589
-69.3105,-30.1589
-69.2105,-30.1589
-69.1105,-30.1589
-69.0105,-30.1589
-68.9105,-30.1589
-68.8105,-30.1589
-68.7105,-30.1589
-68.6105,-30.1589
-68.5105,-30.1589
-68.4105,-30.1589
-68.3105,-30.1589
-68.2105,-30.1589
-68.1105,-30.1589
-68.0105,-30.1589
-67.9105,-30.1589
-67.8105,-30.1589
-67.7105,-30.1589
-67.6105,-30.1589
-67.5105,-30.1589
-67.4105,-30.1589
-67.3105,-30.1589
-67.2105,-30.1589
-67.1105,-30.1589
-67.0105,-30.1589
-66.9105,-30.1589
-66.8105,-30.1589
-66.7105,-30.1589
-73.1105,-30.2589
-73.0105,-30.2589
-72.9105,-30.2589
-72.8105,-30.2589
-72.7105,-30.2589
-72.6105,-30.2589
-72.5105,-30.2589
-72.4105,-30.2589
-72.3105,-30.2589
-72.2105,-30.2589
-72.1105,-30.2589
-72.0105,-30.2589
-71.9105,-30.2589
-71.8105,-30.2589
-71.7105,-30.2589
-71.6105,-30.2589
-71.5105,-30.2589
-71.4105,-30.2589
-71.3105,-30.2589
-71.2105,-30.2589
-71.1105,-30.2589
-71.0105,-30.2589
-70.9105,-30.2589
-70.8105,-30.2589
-70.7105,-30.2589
-70.6105,-30.2589
-70.5105,-30.2589
-70.4105,-30.2589
-70.3105,-30.2589
-70.2105,-30.2589
-70.1105,-30.2589
-70.0105,-30.2589
-69.9105,-30.2589
-69.8105,-30.2589
-69.7105,-30.2589
-69.6105,-30.2589
-69.5105,-30.2589
-69.4105,-30.2589
-69.3105,-30.2589
-69.2105,-30.2589
-69.1105,-30.2589
-69.0105,-30.2589
-68.9105,-30.2589
-68.8105,-30.2589
-68.7105,-30.2589
-68.6105,-30.2589
-68.5105,-30.2589
-68.4105,-30.2589
-68.3105,-30.2589
-68.2105,-30.2589
-68.1105,-30.2589
-68.0105,-30.2589
-67.9105,-30.2589
-67.8105,-30.2589
-67.7105,-30.2589
-67.6105,-30.2589
-67.5105,-30.2589
-67.4105,-30.2589
-67.3105,-30.2589
-67.2105,-30.2589
-67.1105,-30.2589
-67.0105,-30.2589
-66.9105,-30.2589
-66.8105,-30.2589
-66.7105,-30.2589
-73.1105,-30.3589
-73.0105,-30.3589
-72.9105,-30.3589
-72.8105,-30.3589
-72.7105,-30.3589
-72.6105,-30.3589
-72.5105,-30.3589
-72.4105,-30.3589
-72.3105,-30.3589
-72.2105,-30.3589
-72.1105,-30.3589
-72.0105,-30.3589
-71.9105,-30.3589
-71.8105,-30.3589
-71.7105,-30.3589
-71.6105,-30.3589
-71.5105,-30.3589
-71.4105,-30.3589
-71.3105,-30.3589
-71.2105,-30.3589
-71.1105,-30.3589
-71.0105,-30.3589
-70.9105,-30.3589
-70.8105,-30.3589
-70.7105,-30.3589
-70.6105,-30.3589
-70.5105,-30.3589
-70.4105,-30.3589
-70.3105,-30.3589
-70.2105,-30.3589
-70.1105,-30.3589
-70.0105,-30.3589
-69.9105,-30.3589
-69.8105,-30.3589
-69.7105,-30.3589
-69.6105,-30.3589
-69.5105,-30.3589
-69.4105,-30.3589
-69.3105,-30.3589
-69.2105,-30.3589
-69.1105,-30.3589
-69.0105,-30.3589
-68.9105,-30.3589
-68.8105,-30.3589
-68.7105,-30.3589
-68.6105,-30.3589
-68.5105,-30.3589
-68.4105,-30.3589
-68.3105,-30.3589
-68.2105,-30.3589
-68.1105,-30.3589
-68.0105,-30.3589
-67.9105,-30.3589
-67.8105,-30.3589
-67.7105,-30.3589
-67.6105,-30.3589
-67.5105,-30.3589
-67.4105,-30.3589
-67.3105,-30.3589
-67.2105,-30.3589
-67.1105,-30.3589
-67.0105,-30.3589
-66.9105,-30.3589
-66.8105,-30.3589
-66.7105,-30.3589
-73.1105,-30.4589
-73.0105,-30.4589
-72.9105,-30.4589
-72.8105,-30.4589
-72.7105,-30.4589
-72.6105,-30.4589
-72.5105,-30.4589
-72.4105,-30.4589
-72.3105,-30.4589
-72.2105,-30.4589
-72.1105,-30.4589
-72.0105,-30.4589
-71.9105,-30.4589
-71.8105,-30.4589
-71.7105,-30.4589
-71.6105,-30.4589
-71.5105,-30.4589
-71.4105,-30.4589
-71.3105,-30.4589
-71.2105,-30.4589
-71.1105,-30.4589
-71.0105,-30.4589
-70.9105,-30.4589
-70.8105,-30.4589
-70.7105,-30.4589
-70.6105,-30.4589
-70.5105,-30.4589
-70.4105,-30.4589
-70.3105,-30.4589
-70.2105,-30.4589
-70.1105,-30.4589
-70.0105,-30.4589
-69.9105,-30.4589
-69.8105,-30.4589
-69.7105,-30.4589
-69.6105,-30.4589
-69.5105,-30.4589
-69.4105,-30.4589
-69.3105,-30.4589
-69.2105,-30.4589
-69.1105,-30.4589
-69.0105,-30.4589
-68.9105,-30.4589
-68.8105,-30.4589
-68.7105,-30.4589
-68.6105,-30.4589
-68.5105,-30.4589
-68.4105,-30.4589
-68.3105,-30.4589
-68.2105,-30.4589
-68.1105,-30.4589
-68.0105,-30.4589
-67.9105,-30.4589
-67.8105,-30.4589
-67.7105,-30.4589
-67.6105,-30.4589
-67.5105,-30.4589
-67.4105,-30.4589
-67.3105,-30.4589
-67.2105,-30.4589
-67.1105,-30.4589
-67.0105,-30.4589
-66.9105,-30.4589
-66.8105,-30.4589
-66.7105,-30.4589
-73.1105,-30.5589
-73.0105,-30.5589
-72.9105,-30.5589
-72.8105,-30.5589
-72.7105,-30.5589
-72.6105,-30.5589
-72.5105,-30.5589
-72.4105,-30.5589
-72.3105,-30.5589
-72.2105,-30.5589
-72.1105,-30.5589
-72.0105,-30.5589
-71.9105,-30.5589
-71.8105,-30.5589
-71.7105,-30.5589
-71.6105,-30.5589
-71.5105,-30.5589
-71.4105,-30.5589
-71.3105,-30.5589
-71.2105,-30.5589
-71.1105,-30.5589
-71.0105,-30.5589
-70.9105,-30.5589
-70.8105,-30.5589
-70.7105,-30.5589
-70.6105,-30.5589
-70.5105,-30.5589
-70.4105,-30.5589
-70.3105,-30.5589
-70.2105,-30.5589
-70.1105,-30.5589
-70.0105,-30.5589
-69.9105,-30.5589
-69.8105,-30.5589
-69.7105,-30.5589
-69.6105,-30.5589
-69.5105,-30.5589
-69.4105,-30.5589
-69.3105,-30.5589
-69.2105,-30.5589
-69.1105,-30.5589
-69.0105,-30.5589
-68.9105,-30.5589
-68.8105,-30.5589
-68.7105,-30.5589
-68.6105,-30.5589
-68.5105,-30.5589
-68.4105,-30.5589
-68.3105,-30.5589
-68.2105,-30.5589
-68.1105,-30.5589
-68.0105,-30.5589
-67.9105,-30.5589
-67.8105,-30.5589
-67.7105,-30.5589
-67.6105,-30.5589
-67.5105,-30.5589
-67.4105,-30.5589
-67.3105,-30.5589
-67.2105,-30.5589
-67.1105,-30.5589
-67.0105,-30.5589
-66.9105,-30.5589
-66.8105,-30.5589
-66.7105,-30.5589
-73.1105,-30.6589
-73.0105,-30.6589
-72.9105,-30.6589
-72.8105,-30.6589
-72.7105,-30.6589
-72.6105,-30.6589
-72.5105,-30.6589
-72.4105,-30.6589
-72.3105,-30.6589
-72.2105,-30.6589
-72.1105,-30.6589
-72.0105,-30.6589
-71.9105,-30.6589
-71.8105,-30.6589
-71.7105,-30.6589
-71.6105,-30.6589
-71.5105,-30.6589
-71.4105,-30.6589
-71.3105,-30.6589
-71.2105,-30.6589
-71.1105,-30.6589
-71.0105,-30.6589
-70.9105,-30.6589
-70.8105,-30.6589
-70.7105,-30.6589
-70.6105,-30.6589
-70.5105,-30.6589
-70.4105,-30.6589
-70.3105,-30.6589
-70.2105,-30.6589
-70.1105,-30.6589
-70.0105,-30.6589
-69.9105,-30.6589
-69.8105,-30.6589
-69.7105,-30.6589
-69.6105,-30.6589
-69.5105,-30.6589
-69.4105,-30.6589
-69.3105,-30.6589
-69.2105,-30.6589
-69.1105,-30.6589
-69.0105,-30.6589
-68.9105,-30.6589
-68.8105,-30.6589
-68.7105,-30.6589
-68.6105,-30.6589
-68.5105,-30.6589
-68.4105,-30.6589
-68.3105,-30.6589
-68.2105,-30.6589
-68.1105,-30.6589
-68.0105,-30.6589
-67.9105,-30.6589
-67.8105,-30.6589
-67.7105,-30.6589
-67.6105,-30.6589
-67.5105,-30.6589
-67.4105,-30.6589
-67.3105,-30.6589
-67.2105,-30.6589
-67.1105,-30.6589
-67.0105,-30.6589
-66.9105,-30.6589
-66.8105,-30.6589
-66.7105,-30.6589
-73.1105,-30.7589
-73.0105,-30.7589
-72.9105,-30.7589
-72.8105,-30.7589
-72.7105,-30.7589
-72.6105,-30.7589
-72.5105,-30.7589
-72.4105,-30.7589
-72.3105,-30.7589
-72.2105,-30.7589
-72.1105,-30.7589
-72.0105,-30.7589
-71.9105,-30.7589
-71.8105,-30.7589
-71.7105,-30.7589
-71.6105,-30.7589
-71.5105,-30.7589
-71.4105,-30.7589
-71.3105,-30.7589
-71.2105,-30.7589
-71.1105,-30.7589
-71.0105,-30.7589
-70.9105,-30.7589
-70.8105,-30.7589
-70.7105,-30.7589
-70.6105,-30.7589
-70.5105,-30.7589
-70.4105,-30.7589
-70.3105,-30.7589
-70.2105,-30.7589
-70.1105,-30.7589
-70.0105,-30.7589
-69.9105,-30.7589
-69.8105,-30.7589
-69.7105,-30.7589
-69.6105,-30.7589
-69.5105,-30.7589
-69.4105,-30.7589
-69.3105,-30.7589
-69.2105,-30.7589
-69.1105,-30.7589
-69.0105,-30.7589
-68.9105,-30.7589
-68.8105,-30.7589
-68.7105,-30.7589
-68.6105,-30.7589
-68.5105,-30.7589
-68.4105,-30.7589
-68.3105,-30.7589
-68.2105,-30.7589
-68.1105,-30.7589
-68.0105,-30.7589
-67.9105,-30.7589
-67.8105,-30.7589
-67.7105,-30.7589
-67.6105,-30.7589
-67.5105,-30.7589
-67.4105,-30.7589
-67.3105,-30.7589
-67.2105,-30.7589
-67.1105,-30.7589
-67.0105,-30.7589
-66.9105,-30.7589
-66.8105,-30.7589
-66.7105,-30.7589
-73.1105,-30.8589
-73.0105,-30.8589
-72.9105,-30.8589
-72.8105,-30.8589
-72.7105,-30.8589
-72.6105,-30.8589
-72.5105,-30.8589
-72.4105,-30.8589
-72.3105,-30.8589
-72.2105,-30.8589
-72.1105,-30.8589
-72.0105,-30.8589
-71.9105,-30.8589
-71.8105,-30.8589
-71.7105,-30.8589
-71.6105,-30.8589
-71.5105,-30.8589
-71.4105,-30.8589
-71.3105,-30.8589
-71.2105,-30.8589
-71.1105,-30.8589
-71.0105,-30.8589
-70.9105,-30.8589
-70.8105,-30.8589
-70.7105,-30.8589
-70.6105,-30.8589
-70.5105,-30.8589
-70.4105,-30.8589
-70.3105,-30.8589
-70.2105,-30.8589
-70.1105,-30.8589
-70.0105,-30.8589
-69.9105,-30.8589
-69.8105,-30.8589
-69.7105,-30.8589
-69.6105,-30.8589
-69.5105,-30.8589
-69.4105,-30.8589
-69.3105,-30.8589
-69.2105,-30.8589
-69.1105,-30.8589
-69.0105,-30.8589
-68.9105,-30.8589
-68.8105,-30.8589
-68.7105,-30.8589
-68.6105,-30.8589
-68.5105,-30.8589
-68.4105,-30.8589
-68.3105,-30.8589
-68.2105,-30.8589
-68.1105,-30.8589
-68.0105,-30.8589
-67.9105,-30.8589
-67.8105,-30.8589
-67.7105,-30.8589
-67.6105,-30.8589
-67.5105,-30.8589
-67.4105,-30.8589
-67.3105,-30.8589
-67.2105,-30.8589
-67.1105,-30.8589
-67.0105,-30.8589
-66.9105,-30.8589
-66.8105,-30.8589
-66.7105,-30.8589
-73.1105,-30.9589
-73.0105,-30.9589
-72.9105,-30.9589
-72.8105,-30.9589
-72.7105,-30.9589
-72.6105,-30.9589
-72.5105,-30.9589
-72.4105,-30.9589
-72.3105,-30.9589
-72.2105,-30.9589
-72.1105,-30.9589
-72.0105,-30.9589
-71.9105,-30.9589
-71.8105,-30.9589
-71.7105,-30.9589
-71.6105,-30.9589
-71.5105,-30.9589
-71.4105,-30.9589
-71.3105,-30.9589
-71.2105,-30.9589
-71.1105,-30.9589
-71.0105,-30.9589
-70.9105,-30.9589
-70.8105,-30.9589
-70.7105,-30.9589
-70.6105,-30.9589
-70.5105,-30.9589
-70.4105,-30.9589
-70.3105,-30.9589
-70.2105,-30.9589
-70.1105,-30.9589
-70.0105,-30.9589
-69.9105,-30.9589
-69.8105,-30.9589
-69.7105,-30.9589
-69.6105,-30.9589
-69.5105,-30.9589
-69.4105,-30.9589
-69.3105,-30.9589
-69.2105,-30.9589
-69.1105,-30.9589
-69.0105,-30.9589
-68.9105,-30.9589
-68.8105,-30.9589
-68.7105,-30.9589
-68.6105,-30.9589
-68.5105,-30.9589
-68.4105,-30.9589
-68.3105,-30.9589
-68.2105,-30.9589
-68.1105,-30.9589
-68.0105,-30.9589
-67.9105,-30.9589
-67.8105,-30.9589
-67.7105,-30.9589
-67.6105,-30.9589
-67.5105,-30.9589
-67.4105,-30.9589
-67.3105,-30.9589
-67.2105,-30.9589
-67.1105,-30.9589
-67.0105,-30.9589
-66.9105,-30.9589
-66.8105,-30.9589
-66.7105,-30.9589
-73.1105,-31.0589
-73.0105,-31.0589
-72.9105,-31.0589
-72.8105,-31.0589
-72.7105,-31.0589
-72.6105,-31.0589
-72.5105,-31.0589
-72.4105,-31.0589
-72.3105,-31.0589
-72.2105,-31.0589
-72.1105,-31.0589
-72.0105,-31.0589
-71.9105,-31.0589
-71.8105,-31.0589
-71.7105,-31.0589
-71.6105,-31.0589
-71.5105,-31.0589
-71.4105,-31.0589
-71.3105,-31.0589
-71.2105,-31.0589
-71.1105,-31.0589
-71.0105,-31.0589
-70.9105,-31.0589
-70.8105,-31.0589
-70.7105,-31.0589
-70.6105,-31.0589
-70.5105,-31.0589
-70.4105,-31.0589
-70.3105,-31.0589
-70.2105,-31.0589
-70.1105,-31.0589
-70.0105,-31.0589
-69.9105,-31.0589
-69.8105,-31.0589
-69.7105,-31.0589
-69.6105,-31.0589
-69.5105,-31.0589
-69.4105,-31.0589
-69.3105,-31.0589
-69.2105,-31.0589
-69.1105,-31.0589
-69.0105,-31.0589
-68.9105,-31.0589
-68.8105,-31.0589
-68.7105,-31.0589
-68.6105,-31.0589
-68.5105,-31.0589
-68.4105,-31.0589
-68.3105,-31.0589
-68.2105,-31.0589
-68.1105,-31.0589
-68.0105,-31.0589
-67.9105,-31.0589
-67.8105,-31.0589
-67.7105,-31.0589
-67.6105,-31.0589
-67.5105,-31.0589
-67.4105,-31.0589
-67.3105,-31.0589
-67.2105,-31.0589
-67.1105,-31.0589
-67.0105,-31.0589
-66.9105,-31.0589
-66.8105,-31.0589
-66.7105,-31.0589
-73.1105,-31.1589
-73.0105,-31.1589
-72.9105,-31.1589
-72.8105,-31.1589
-72.7105,-31.1589
-72.6105,-31.1589
-72.5105,-31.1589
-72.4105,-31.1589
-72.3105,-31.1589
-72.2105,-31.1589
-72.1105,-31.1589
-72.0105,-31.1589
-71.9105,-31.1589
-71.8105,-31.1589
-71.7105,-31.1589
-71.6105,-31.1589
-71.5105,-31.1589
-71.4105,-31.1589
-71.3105,-31.1589
-71.2105,-31.1589
-71.1105,-31.1589
-71.0105,-31.1589
-70.9105,-31.1589
-70.8105,-31.1589
-70.7105,-31.1589
-70.6105,-31.1589
-70.5105,-31.1589
-70.4105,-31.1589
-70.3105,-31.1589
-70.2105,-31.1589
-70.1105,-31.1589
-70.0105,-31.1589
-69.9105,-31.1589
-69.8105,-31.1589
-69.7105,-31.1589
-69.6105,-31.1589
-69.5105,-31.1589
-69.4105,-31.1589
-69.3105,-31.1589
-69.2105,-31.1589
-69.1105,-31.1589
-69.0105,-31.1589
-68.9105,-31.1589
-68.8105,-31.1589
-68.7105,-31.1589
-68.6105,-31.1589
-68.5105,-31.1589
-68.4105,-31.1589
-68.3105,-31.1589
-68.2105,-31.1589
-68.1105,-31.1589
-68.0105,-31.1589
-67.9105,-31.1589
-67.8105,-31.1589
-67.7105,-31.1589
-67.6105,-31.1589
-67.5105,-31.1589
-67.4105,-31.1589
-67.3105,-31.1589
-67.2105,-31.1589
-67.1105,-31.1589
-67.0105,-31.1589
-66.9105,-31.1589
-66.8105,-31.1589
-66.7105,-31.1589
-73.1105,-31.2589
-73.0105,-31.2589
-72.9105,-31.2589
-72.8105,-31.2589
-72.7105,-31.2589
-72.6105,-31.2589
-72.5105,-31.2589
-72.4105,-31.2589
-72.3105,-31.2589
-72.2105,-31.2589
-72.1105,-31.2589
-72.0105,-31.2589
-71.9105,-31.2589
-71.8105,-31.2589
-71.7105,-31.2589
-71.6105,-31.2589
-71.5105,-31.2589
-71.4105,-31.2589
-71.3105,-31.2589
-71.2105,-31.2589
-71.1105,-31.2589
-71.0105,-31.2589
-70.9105,-31.2589
-70.8105,-31.2589
-70.7105,-31.2589
-70.6105,-31.2589
-70.5105,-31.2589
-70.4105,-31.2589
-70.3105,-31.2589
-70.2105,-31.2589
-70.1105,-31.2589
-70.0105,-31.2589
-69.9105,-31.2589
-69.8105,-31.2589
-69.7105,-31.2589
-69.6105,-31.2589
-69.5105,-31.2589
-69.4105,-31.2589
-69.3105,-31.2589
-69.2105,-31.2589
-69.1105,-31.2589
-69.0105,-31.2589
-68.9105,-31.2589
-68.8105,-31.2589
-68.7105,-31.2589
-68.6105,-31.2589
-68.5105,-31.2589
-68.4105,-31.2589
-68.3105,-31.2589
-68.2105,-31.2589
-68.1105,-31.2589
-68.0105,-31.2589
-67.9105,-31.2589
-67.8105,-31.2589
-67.7105,-31.2589
-67.6105,-31.2589
-67.5105,-31.2589
-67.4105,-31.2589
-67.3105,-31.2589
-67.2105,-31.2589
-67.1105,-31.2589
-67.0105,-31.2589
-66.9105,-31.2589
-66.8105,-31.2589
-66.7105,-31.2589
-73.1105,-31.3589
-73.0105,-31.3589
-72.9105,-31.3589
-72.8105,-31.3589
-72.7105,-31.3589
-72.6105,-31.3589
-72.5105,-31.3589
-72.4105,-31.3589
-72.3105,-31.3589
-72.2105,-31.3589
-72.1105,-31.3589
-72.0105,-31.3589
-71.9105,-31.3589
-71.8105,-31.3589
-71.7105,-31.3589
-71.6105,-31.3589
-71.5105,-31.3589
-71.4105,-31.3589
-71.3105,-31.3589
-71.2105,-31.3589
-71.1105,-31.3589
-71.0105,-31.3589
-70.9105,-31.3589
-70.8105,-31.3589
-70.7105,-31.3589
-70.6105,-31.3589
-70.5105,-31.3589
-70.4105,-31.3589
-70.3105,-31.3589
-70.2105,-31.3589
-70.1105,-31.3589
-70.0105,-31.3589
-69.9105,-31.3589
-69.8105,-31.3589
-69.7105,-31.3589
-69.6105,-31.3589
-69.5105,-31.3589
-69.4105,-31.3589
-69.3105,-31.3589
-69.2105,-31.3589
-69.1105,-31.3589
-69.0105,-31.3589
-68.9105,-31.3589
-68.8105,-31.3589
-68.7105,-31.3589
-68.6105,-31.3589
-68.5105,-31.3589
-68.4105,-31.3589
-68.3105,-31.3589
-68.2105,-31.3589
-68.1105,-31.3589
-68.0105,-31.3589
-67.9105,-31.3589
-67.8105,-31.3589
-67.7105,-31.3589
-67.6105,-31.3589
-67.5105,-31.3589
-67.4105,-31.3589
-67.3105,-31.3589
-67.2105,-31.3589
-67.1105,-31.3589
-67.0105,-31.3589
-66.9105,-31.3589
-66.8105,-31.3589
-73.0105,-31.4589
-72.9105,-31.4589
-72.8105,-31.4589
-72.7105,-31.4589
-72.6105,-31.4589
-72.5105,-31.4589
-72.4105,-31.4589
-72.3105,-31.4589
-72.2105,-31.4589
-72.1105,-31.4589
-72.0105,-31.4589
-71.9105,-31.4589
-71.8105,-31.4589
-71.7105,-31.4589
-71.6105,-31.4589
-71.5105,-31.4589
-71.4105,-31.4589
-71.3105,-31.4589
-71.2105,-31.4589
-71.1105,-31.4589
-71.0105,-31.4589
-70.9105,-31.4589
-70.8105,-31.4589
-70.7105,-31.4589
-70.6105,-31.4589
-70.5105,-31.4589
-70.4105,-31.4589
-70.3105,-31.4589
-70.2105,-31.4589
-70.1105,-31.4589
-70.0105,-31.4589
-69.9105,-31.4589
-69.8105,-31.4589
-69.7105,-31.4589
-69.6105,-31.4589
-69.5105,-31.4589
-69.4105,-31.4589
-69.3105,-31.4589
-69.2105,-31.4589
-69.1105,-31.4589
-69.0105,-31.4589
-68.9105,-31.4589
-68.8105,-31.4589
-68.7105,-31.4589
-68.6105,-31.4589
-68.5105,-31.4589
-68.4105,-31.4589
-68.3105,-31.4589
-68.2105,-31.4589
-68.1105,-31.4589
-68.0105,-31.4589
-67.9105,-31.4589
-67.8105,-31.4589
-67.7105,-31.4589
-67.6105,-31.4589
-67.5105,-31.4589
-67.4105,-31.4589
-67.3105,-31.4589
-67.2105,-31.4589
-67.1105,-31.4589
-67.0105,-31.4589
-66.9105,-31.4589
-66.8105,-31.4589
-73.0105,-31.5589
-72.9105,-31.5589
-72.8105,-31.5589
-72.7105,-31.5589
-72.6105,-31.5589
-72.5105,-31.5589
-72.4105,-31.5589
-72.3105,-31.5589
-72.2105,-31.5589
-72.1105,-31.5589
-72.0105,-31.5589
-71.9105,-31.5589
-71.8105,-31.5589
-71.7105,-31.5589
-71.6105,-31.5589
-71.5105,-31.5589
-71.4105,-31.5589
-71.3105,-31.5589
-71.2105,-31.5589
-71.1105,-31.5589
-71.0105,-31.5589
-70.9105,-31.5589
-70.8105,-31.5589
-70.7105,-31.5589
-70.6105,-31.5589
-70.5105,-31.5589
-70.4105,-31.5589
-70.3105,-31.5589
-70.2105,-31.5589
-70.1105,-31.5589
-70.0105,-31.5589
-69.9105,-31.5589
-69.8105,-31.5589
-69.7105,-31.5589
-69.6105,-31.5589
-69.5105,-31.5589
-69.4105,-31.5589
-69.3105,-31.5589
-69.2105,-31.5589
-69.1105,-31.5589
-69.0105,-31.5589
-68.9105,-31.5589
-68.8105,-31.5589
-68.7105,-31.5589
-68.6105,-31.5589
-68.5105,-31.5589
-68.4105,-31.5589
-68.3105,-31.5589
-68.2105,-31.5589
-68.1105,-31.5589
-68.0105,-31.5589
-67.9105,-31.5589
-67.8105,-31.5589
-67.7105,-31.5589
-67.6105,-31.5589
-67.5105,-31.5589
-67.4105,-31.5589
-67.3105,-31.5589
-67.2105,-31.5589
-67.1105,-31.5589
-67.0105,-31.5589
-66.9105,-31.5589
-66.8105,-31.5589
-73.0105,-31.6589
-72.9105,-31.6589
-72.8105,-31.6589
-72.7105,-31.6589
-72.6105,-31.6589
-72.5105,-31.6589
-72.4105,-31.6589
-72.3105,-31.6589
-72.2105,-31.6589
-72.1105,-31.6589
-72.0105,-31.6589
-71.9105,-31.6589
-71.8105,-31.6589
-71.7105,-31.6589
-71.6105,-31.6589
-71.5105,-31.6589
-71.4105,-31.6589
-71.3105,-31.6589
-71.2105,-31.6589
-71.1105,-31.6589
-71.0105,-31.6589
-70.9105,-31.6589
-70.8105,-31.6589
-70.7105,-31.6589
-70.6105,-31.6589
-70.5105,-31.6589
-70.4105,-31.6589
-70.3105,-31.6589
-70.2105,-31.6589
-70.1105,-31.6589
-70.0105,-31.6589
-69.9105,-31.6589
-69.8105,-31.6589
-69.7105,-31.6589
-69.6105,-31.6589
-69.5105,-31.6589
-69.4105,-31.6589
-69.3105,-31.6589
-69.2105,-31.6589
-69.1105,-31.6589
-69.0105,-31.6589
-68.9105,-31.6589
-68.8105,-31.6589
-68.7105,-31.6589
-68.6105,-31.6589
-68.5105,-31.6589
-68.4105,-31.6589
-68.3105,-31.6589
-68.2105,-31.6589
-68.1105,-31.6589
-68.0105,-31.6589
-67.9105,-31.6589
-67.8105,-31.6589
-67.7105,-31.6589
-67.6105,-31.6589
-67.5105,-31.6589
-67.4105,-31.6589
-67.3105,-31.6589
-67.2105,-31.6589
-67.1105,-31.6589
-67.0105,-31.6589
-66.9105,-31.6589
-66.8105,-31.6589
-73.0105,-31.7589
-72.9105,-31.7589
-72.8105,-31.7589
-72.7105,-31.7589
-72.6105,-31.7589
-72.5105,-31.7589
-72.4105,-31.7589
-72.3105,-31.7589
-72.2105,-31.7589
-72.1105,-31.7589
-72.0105,-31.7589
-71.9105,-31.7589
-71.8105,-31.7589
-71.7105,-31.7589
-71.6105,-31.7589
-71.5105,-31.7589
-71.4105,-31.7589
-71.3105,-31.7589
-71.2105,-31.7589
-71.1105,-31.7589
-71.0105,-31.7589
-70.9105,-31.7589
-70.8105,-31.7589
-70.7105,-31.7589
-70.6105,-31.7589
-70.5105,-31.7589
-70.4105,-31.7589
-70.3105,-31.7589
-70.2105,-31.7589
-70.1105,-31.7589
-70.0105,-31.7589
-69.9105,-31.7589
-69.8105,-31.7589
-69.7105,-31.7589
-69.6105,-31.7589
-69.5105,-31.7589
-69.4105,-31.7589
-69.3105,-31.7589
-69.2105,-31.7589
-69.1105,-31.7589
-69.0105,-31.7589
-68.9105,-31.7589
-68.8105,-31.7589
-68.7105,-31.7589
-68.6105,-31.7589
-68.5105,-31.7589
-68.4105,-31.7589
-68.3105,-31.7589
-68.2105,-31.7589
-68.1105,-31.7589
-68.0105,-31.7589
-67.9105,-31.7589
-67.8105,-31.7589
-67.7105,-31.7589
-67.6105,-31.7589
-67.5105,-31.7589
-67.4105,-31.7589
-67.3105,-31.7589
-67.2105,-31.7589
-67.1105,-31.7589
-67.0105,-31.7589
-66.9105,-31.7589
-66.8105,-31.7589
-73.0105,-31.8589
-72.9105,-31.8589
-72.8105,-31.8589
-72.7105,-31.8589
-72.6105,-31.8589
-72.5105,-31.8589
-72.4105,-31.8589
-72.3105,-31.8589
-72.2105,-31.8589
-72.1105,-31.8589
-72.0105,-31.8589
-71.9105,-31.8589
-71.8105,-31.8589
-71.7105,-31.8589
-71.6105,-31.8589
-71.5105,-31.8589
-71.4105,-31.8589
-71.3105,-31.8589
-71.2105,-31.8589
-71.1105,-31.8589
-71.0105,-31.8589
-70.9105,-31.8589
-70.8105,-31.8589
-70.7105,-31.8589
-70.6105,-31.8589
-70.5105,-31.8589
-70.4105,-31.8589
-70.3105,-31.8589
-70.2105,-31.8589
-70.1105,-31.8589
-70.0105,-31.8589
-69.9105,-31.8589
-69.8105,-31.8589
-69.7105,-31.8589
-69.6105,-31.8589
-69.5105,-31.8589
-69.4105,-31.8589
-69.3105,-31.8589
-69.2105,-31.8589
-69.1105,-31.8589
-69.0105,-31.8589
-68.9105,-31.8589
-68.8105,-31.8589
-68.7105,-31.8589
-68.6105,-31.8589
-68.5105,-31.8589
-68.4105,-31.8589
-68.3105,-31.8589
-68.2105,-31.8589
-68.1105,-31.8589
-68.0105,-31.8589
-67.9105,-31.8589
-67.8105,-31.8589
-67.7105,-31.8589
-67.6105,-31.8589
-67.5105,-31.8589
-67.4105,-31.8589
-67.3105,-31.8589
-67.2105,-31.8589
-67.1105,-31.8589
-67.0105,-31.8589
-66.9105,-31.8589
-66.8105,-31.8589
-73.0105,-31.9589
-72.9105,-31.9589
-72.8105,-31.9589
-72.7105,-31.9589
-72.6105,-31.9589
-72.5105,-31.9589
-72.4105,-31.9589
-72.3105,-31.9589
-72.2105,-31.9589
-72.1105,-31.9589
-72.0105,-31.9589
-71.9105,-31.9589
-71.8105,-31.9589
-71.7105,-31.9589
-71.6105,-31.9589
-71.5105,-31.9589
-71.4105,-31.9589
-71.3105,-31.9589
-71.2105,-31.9589
-71.1105,-31.9589
-71.0105,-31.9589
-70.9105,-31.9589
-70.8105,-31.9589
-70.7105,-31.9589
-70.6105,-31.9589
-70.5105,-31.9589
-70.4105,-31.9589
-70.3105,-31.9589
-70.2105,-31.9589
-70.1105,-31.9589
-70.0105,-31.9589
-69.9105,-31.9589
-69.8105,-31.9589
-69.7105,-31.9589
-69.6105,-31.9589
-69.5105,-31.9589
-69.4105,-31.9589
-69.3105,-31.9589
-69.2105,-31.9589
-69.1105,-31.9589
-69.0105,-31.9589
-68.9105,-31.9589
-68.8105,-31.9589
-68.7105,-31.9589
-68.6105,-31.9589
-68.5105,-31.9589
-68.4105,-31.9589
-68.3105,-31.9589
-68.2105,-31.9589
-68.1105,-31.9589
-68.0105,-31.9589
-67.9105,-31.9589
-67.8105,-31.9589
-67.7105,-31.9589
-67.6105,-31.9589
-67.5105,-31.9589
-67.4105,-31.9589
-67.3105,-31.9589
-67.2105,-31.9589
-67.1105,-31.9589
-67.0105,-31.9589
-66.9105,-31.9589
-66.8105,-31.9589
-73.0105,-32.0589
-72.9105,-32.0589
-72.8105,-32.0589
-72.7105,-32.0589
-72.6105,-32.0589
-72.5105,-32.0589
-72.4105,-32.0589
-72.3105,-32.0589
-72.2105,-32.0589
-72.1105,-32.0589
-72.0105,-32.0589
-71.9105,-32.0589
-71.8105,-32.0589
-71.7105,-32.0589
-71.6105,-32.0589
-71.5105,-32.0589
-71.4105,-32.0589
-71.3105,-32.0589
-71.2105,-32.0589
-71.1105,-32.0589
-71.0105,-32.0589
-70.9105,-32.0589
-70.8105,-32.0589
-70.7105,-32.0589
-70.6105,-32.0589
-70.5105,-32.0589
-70.4105,-32.0589
-70.3105,-32.0589
-70.2105,-32.0589
-70.1105,-32.0589
-70.0105,-32.0589
-69.9105,-32.0589
-69.8105,-32.0589
-69.7105,-32.0589
-69.6105,-32.0589
-69.5105,-32.0589
-69.4105,-32.0589
-69.3105,-32.0589
-69.2105,-32.0589
-69.1105,-32.0589
-69.0105,-32.0589
-68.9105,-32.0589
-68.8105,-32.0589
-68.7105,-32.0589
-68.6105,-32.0589
-68.5105,-32.0589
-68.4105,-32.0589
-68.3105,-32.0589
-68.2105,-32.0589
-68.1105,-32.0589
-68.0105,-32.0589
-67.9105,-32.0589
-67.8105,-32.0589
-67.7105,-32.0589
-67.6105,-32.0589
-67.5105,-32.0589
-67.4105,-32.0589
-67.3105,-32.0589
-67.2105,-32.0589
-67.1105,-32.0589
-67.0105,-32.0589
-66.9105,-32.0589
-66.8105,-32.0589
-73.0105,-32.1589
-72.9105,-32.1589
-72.8105,-32.1589
-72.7105,-32.1589
-72.6105,-32.1589
-72.5105,-32.1589
-72.4105,-32.1589
-72.3105,-32.1589
-72.2105,-32.1589
-72.1105,-32.1589
-72.0105,-32.1589
-71.9105,-32.1589
-71.8105,-32.1589
-71.7105,-32.1589
-71.6105,-32.1589
-71.5105,-32.1589
-71.4105,-32.1589
-71.3105,-32.1589
-71.2105,-32.1589
-71.1105,-32.1589
-71.0105,-32.1589
-70.9105,-32.1589
-70.8105,-32.1589
-70.7105,-32.1589
-70.6105,-32.1589
-70.5105,-32.1589
-70.4105,-32.1589
-70.3105,-32.1589
-70.2105,-32.1589
-70.1105,-32.1589
-70.0105,-32.1589
-69.9105,-32.1589
-69.8105,-32.1589
-69.7105,-32.1589
-69.6105,-32.1589
-69.5105,-32.1589
-69.4105,-32.1589
-69.3105,-32.1589
-69.2105,-32.1589
-69.1105,-32.1589
-69.0105,-32.1589
-68.9105,-32.1589
-68.8105,-32.1589
-68.7105,-32.1589
-68.6105,-32.1589
-68.5105,-32.1589
-68.4105,-32.1589
-68.3105,-32.1589
-68.2105,-32.1589
-68.1105,-32.1589
-68.0105,-32.1589
-67.9105,-32.1589
-67.8105,-32.1589
-67.7105,-32.1589
-67.6105,-32.1589
-67.5105,-32.1589
-67.4105,-32.1589
-67.3105,-32.1589
-67.2105,-32.1589
-67.1105,-32.1589
-67.0105,-32.1589
-66.9105,-32.1589
-66.8105,-32.1589
-73.0105,-32.2589
-72.9105,-32.2589
-72.8105,-32.2589
-72.7105,-32.2589
-72.6105,-32.2589
-72.5105,-32.2589
-72.4105,-32.2589
-72.3105,-32.2589
-72.2105,-32.2589
-72.1105,-32.2589
-72.0105,-32.2589
-71.9105,-32.2589
-71.8105,-32.2589
-71.7105,-32.2589
-71.6105,-32.2589
-71.5105,-32.2589
-71.4105,-32.2589
-71.3105,-32.2589
-71.2105,-32.2589
-71.1105,-32.2589
-71.0105,-32.2589
-70.9105,-32.2589
-70.8105,-32.2589
-70.7105,-32.2589
-70.6105,-32.2589
-70.5105,-32.2589
-70.4105,-32.2589
-70.3105,-32.2589
-70.2105,-32.2589
-70.1105,-32.2589
-70.0105,-32.2589
-69.9105,-32.2589
-69.8105,-32.2589
-69.7105,-32.2589
-69.6105,-32.2589
-69.5105,-32.2589
-69.4105,-32.2589
-69.3105,-32.2589
-69.2105,-32.2589
-69.1105,-32.2589
-69.0105,-32.2589
-68.9105,-32.2589
-68.8105,-32.2589
-68.7105,-32.2589
-68.6105,-32.2589
-68.5105,-32.2589
-68.4105,-32.2589
-68.3105,-32.2589
-68.2105,-32.2589
-68.1105,-32.2589
-68.0105,-32.2589
-67.9105,-32.2589
-67.8105,-32.2589
-67.7105,-32.2589
-67.6105,-32.2589
-67.5105,-32.2589
-67.4105,-32.2589
-67.3105,-32.2589
-67.2105,-32.2589
-67.1105,-32.2589
-67.0105,-32.2589
-66.9105,-32.2589
-66.8105,-32.2589
-73.0105,-32.3589
-72.9105,-32.3589
-72.8105,-32.3589
-72.7105,-32.3589
-72.6105,-32.3589
-72.5105,-32.3589
-72.4105,-32.3589
-72.3105,-32.3589
-72.2105,-32.3589
-72.1105,-32.3589
-72.0105,-32.3589
-71.9105,-32.3589
-71.8105,-32.3589
-71.7105,-32.3589
-71.6105,-32.3589
-71.5105,-32.3589
-71.4105,-32.3589
-71.3105,-32.3589
-71.2105,-32.3589
-71.1105,-32.3589
-71.0105,-32.3589
-70.9105,-32.3589
-70.8105,-32.3589
-70.7105,-32.3589
-70.6105,-32.3589
-70.5105,-32.3589
-70.4105,-32.3589
-70.3105,-32.3589
-70.2105,-32.3589
-70.1105,-32.3589
-70.0105,-32.3589
-69.9105,-32.3589
-69.8105,-32.3589
-69.7105,-32.3589
-69.6105,-32.3589
-69.5105,-32.3589
-69.4105,-32.3589
-69.3105,-32.3589
-69.2105,-32.3589
-69.1105,-32.3589
-69.0105,-32.3589
-68.9105,-32.3589
-68.8105,-32.3589
-68.7105,-32.3589
-68.6105,-32.3589
-68.5105,-32.3589
-68.4105,-32.3589
-68.3105,-32.3589
-68.2105,-32.3589
-68.1105,-32.3589
-68.0105,-32.3589
-67.9105,-32.3589
-67.8105,-32.3589
-67.7105,-32.3589
-67.6105,-32.3589
-67.5105,-32.3589
-67.4105,-32.3589
-67.3105,-32.3589
-67.2105,-32.3589
-67.1105,-32.3589
-67.0105,-32.3589
-66.9105,-32.3589
-66.8105,-32.3589
-73.0105,-32.4589
-72.9105,-32.4589
-72.8105,-32.4589
-72.7105,-32.4589
-72.6105,-32.4589
-72.5105,-32.4589
-72.4105,-32.4589
-72.3105,-32.4589
-72.2105,-32.4589
-72.1105,-32.4589
-72.0105,-32.4589
-71.9105,-32.4589
-71.8105,-32.4589
-71.7105,-32.4589
-71.6105,-32.4589
-71.5105,-32.4589
-71.4105,-32.4589
-71.3105,-32.4589
-71.2105,-32.4589
-71.1105,-32.4589
-71.0105,-32.4589
-70.9105,-32.4589
-70.8105,-32.4589
-70.7105,-32.4589
-70.6105,-32.4589
-70.5105,-32.4589
-70.4105,-32.4589
-70.3105,-32.4589
-70.2105,-32.4589
-70.1105,-32.4589
-70.0105,-32.4589
-69.9105,-32.4589
-69.8105,-32.4589
-69.7105,-32.4589
-69.6105,-32.4589
-69.5105,-32.4589
-69.4105,-32.4589
-69.3105,-32.4589
-69.2105,-32.4589
-69.1105,-32.4589
-69.0105,-32.4589
-68.9105,-32.4589
-68.8105,-32.4589
-68.7105,-32.4589
-68.6105,-32.4589
-68.5105,-32.4589
-68.4105,-32.4589
-68.3105,-32.4589
-68.2105,-32.4589
-68.1105,-32.4589
-68.0105,-32.4589
-67.9105,-32.4589
-67.8105,-32.4589
-67.7105,-32.4589
-67.6105,-32.4589
-67.5105,-32.4589
-67.4105,-32.4589
-67.3105,-32.4589
-67.2105,-32.4589
-67.1105,-32.4589
-67.0105,-32.4589
-66.9105,-32.4589
-66.8105,-32.4589
-73.0105,-32.5589
-72.9105,-32.5589
-72.8105,-32.5589
-72.7105,-32.5589
-72.6105,-32.5589
-72.5105,-32.5589
-72.4105,-32.5589
-72.3105,-32.5589
-72.2105,-32.5589
-72.1105,-32.5589
-72.0105,-32.5589
-71.9105,-32.5589
-71.8105,-32.5589
-71.7105,-32.5589
-71.6105,-32.5589
-71.5105,-32.5589
-71.4105,-32.5589
-71.3105,-32.5589
-71.2105,-32.5589
-71.1105,-32.5589
-71.0105,-32.5589
-70.9105,-32.5589
-70.8105,-32.5589
-70.7105,-32.5589
-70.6105,-32.5589
-70.5105,-32.5589
-70.4105,-32.5589
-70.3105,-32.5589
-70.2105,-32.5589
-70.1105,-32.5589
-70.0105,-32.5589
-69.9105,-32.5589
-69.8105,-32.5589
-69.7105,-32.5589
-69.6105,-32.5589
-69.5105,-32.5589
-69.4105,-32.5589
-69.3105,-32.5589
-69.2105,-32.5589
-69.1105,-32.5589
-69.0105,-32.5589
-68.9105,-32.5589
-68.8105,-32.5589
-68.7105,-32.5589
-68.6105,-32.5589
-68.5105,-32.5589
-68.4105,-32.5589
-68.3105,-32.5589
-68.2105,-32.5589
-68.1105,-32.5589
-68.0105,-32.5589
-67.9105,-32.5589
-67.8105,-32.5589
-67.7105,-32.5589
-67.6105,-32.5589
-67.5105,-32.5589
-67.4105,-32.5589
-67.3105,-32.5589
-67.2105,-32.5589
-67.1105,-32.5589
-67.0105,-32.5589
-66.9105,-32.5589
-66.8105,-32.5589
-73.1105,-32.6589
-73.0105,-32.6589
-72.9105,-32.6589
-72.8105,-32.6589
-72.7105,-32.6589
-72.6105,-32.6589
-72.5105,-32.6589
-72.4105,-32.6589
-72.3105,-32.6589
-72.2105,-32.6589
-72.1105,-32.6589
-72.0105,-32.6589
-71.9105,-32.6589
-71.8105,-32.6589
-71.7105,-32.6589
-71.6105,-32.6589
-71.5105,-32.6589
-71.4105,-32.6589
-71.3105,-32.6589
-71.2105,-32.6589
-71.1105,-32.6589
-71.0105,-32.6589
-70.9105,-32.6589
-70.8105,-32.6589
-70.7105,-32.6589
-70.6105,-32.6589
-70.5105,-32.6589
-70.4105,-32.6589
-70.3105,-32.6589
-70.2105,-32.6589
-70.1105,-32.6589
-70.0105,-32.6589
-69.9105,-32.6589
-69.8105,-32.6589
-69.7105,-32.6589
-69.6105,-32.6589
-69.5105,-32.6589
-69.4105,-32.6589
-69.3105,-32.6589
-69.2105,-32.6589
-69.1105,-32.6589
-69.0105,-32.6589
-68.9105,-32.6589
-68.8105,-32.6589
-68.7105,-32.6589
-68.6105,-32.6589
-68.5105,-32.6589
-68.4105,-32.6589
-68.3105,-32.6589
-68.2105,-32.6589
-68.1105,-32.6589
-68.0105,-32.6589
-67.9105,-32.6589
-67.8105,-32.6589
-67.7105,-32.6589
-67.6105,-32.6589
-67.5105,-32.6589
-67.4105,-32.6589
-67.3105,-32.6589
-67.2105,-32.6589
-67.1105,-32.6589
-67.0105,-32.6589
-66.9105,-32.6589
-66.8105,-32.6589
-73.1105,-32.7589
-73.0105,-32.7589
-72.9105,-32.7589
-72.8105,-32.7589
-72.7105,-32.7589
-72.6105,-32.7589
-72.5105,-32.7589
-72.4105,-32.7589
-72.3105,-32.7589
-72.2105,-32.7589
-72.1105,-32.7589
-72.0105,-32.7589
-71.9105,-32.7589
-71.8105,-32.7589
-71.7105,-32.7589
-71.6105,-32.7589
-71.5105,-32.7589
-71.4105,-32.7589
-71.3105,-32.7589
-71.2105,-32.7589
-71.1105,-32.7589
-71.0105,-32.7589
-70.9105,-32.7589
-70.8105,-32.7589
-70.7105,-32.7589
-70.6105,-32.7589
-70.5105,-32.7589
-70.4105,-32.7589
-70.3105,-32.7589
-70.2105,-32.7589
-70.1105,-32.7589
-70.0105,-32.7589
-69.9105,-32.7589
-69.8105,-32.7589
-69.7105,-32.7589
-69.6105,-32.7589
-69.5105,-32.7589
-69.4105,-32.7589
-69.3105,-32.7589
-69.2105,-32.7589
-69.1105,-32.7589
-69.0105,-32.7589
-68.9105,-32.7589
-68.8105,-32.7589
-68.7105,-32.7589
-68.6105,-32.7589
-68.5105,-32.7589
-68.4105,-32.7589
-68.3105,-32.7589
-68.2105,-32.7589
-68.1105,-32.7589
-68.0105,-32.7589
-67.9105,-32.7589
-67.8105,-32.7589
-67.7105,-32.7589
-67.6105,-32.7589
-67.5105,-32.7589
-67.4105,-32.7589
-67.3105,-32.7589
-67.2105,-32.7589
-67.1105,-32.7589
-67.0105,-32.7589
-66.9105,-32.7589
-66.8105,-32.7589
-73.0105,-32.8589
-72.9105,-32.8589
-72.8105,-32.8589
-72.7105,-32.8589
-72.6105,-32.8589
-72.5105,-32.8589
-72.4105,-32.8589
-72.3105,-32.8589
-72.2105,-32.8589
-72.1105,-32.8589
-72.0105,-32.8589
-71.9105,-32.8589
-71.8105,-32.8589
-71.7105,-32.8589
-71.6105,-32.8589
-71.5105,-32.8589
-71.4105,-32.8589
-71.3105,-32.8589
-71.2105,-32.8589
-71.1105,-32.8589
-71.0105,-32.8589
-70.9105,-32.8589
-70.8105,-32.8589
-70.7105,-32.8589
-70.6105,-32.8589
-70.5105,-32.8589
-70.4105,-32.8589
-70.3105,-32.8589
-70.2105,-32.8589
-70.1105,-32.8589
-70.0105,-32.8589
-69.9105,-32.8589
-69.8105,-32.8589
-69.7105,-32.8589
-69.6105,-32.8589
-69.5105,-32.8589
-69.4105,-32.8589
-69.3105,-32.8589
-69.2105,-32.8589
-69.1105,-32.8589
-69.0105,-32.8589
-68.9105,-32.8589
-68.8105,-32.8589
-68.7105,-32.8589
-68.6105,-32.8589
-68.5105,-32.8589
-68.4105,-32.8589
-68.3105,-32.8589
-68.2105,-32.8589
-68.1105,-32.8589
-68.0105,-32.8589
-67.9105,-32.8589
-67.8105,-32.8589
-67.7105,-32.8589
-67.6105,-32.8589
-67.5105,-32.8589
-67.4105,-32.8589
-67.3105,-32.8589
-67.2105,-32.8589
-67.1105,-32.8589
-67.0105,-32.8589
-66.9105,-32.8589
-66.8105,-32.8589
-73.1105,-32.9589
-73.0105,-32.9589
-72.9105,-32.9589
-72.8105,-32.9589
-72.7105,-32.9589
-72.6105,-32.9589
-72.5105,-32.9589
-72.4105,-32.9589
-72.3105,-32.9589
-72.2105,-32.9589
-72.1105,-32.9589
-72.0105,-32.9589
-71.9105,-32.9589
-71.8105,-32.9589
-71.7105,-32.9589
-71.6105,-32.9589
-71.5105,-32.9589
-71.4105,-32.9589
-71.3105,-32.9589
-71.2105,-32.9589
-71.1105,-32.9589
-71.0105,-32.9589
-70.9105,-32.9589
-70.8105,-32.9589
-70.7105,-32.9589
-70.6105,-32.9589
-70.5105,-32.9589
-70.4105,-32.9589
-70.3105,-32.9589
-70.2105,-32.9589
-70.1105,-32.9589
-70.0105,-32.9589
-69.9105,-32.9589
-69.8105,-32.9589
-69.7105,-32.9589
-69.6105,-32.9589
-69.5105,-32.9589
-69.4105,-32.9589
-69.3105,-32.9589
-69.2105,-32.9589
-69.1105,-32.9589
-69.0105,-32.9589
-68.9105,-32.9589
-68.8105,-32.9589
-68.7105,-32.9589
-68.6105,-32.9589
-68.5105,-32.9589
-68.4105,-32.9589
-68.3105,-32.9589
-68.2105,-32.9589
-68.1105,-32.9589
-68.0105,-32.9589
-67.9105,-32.9589
-67.8105,-32.9589
-67.7105,-32.9589
-67.6105,-32.9589
-67.5105,-32.9589
-67.4105,-32.9589
-67.3105,-32.9589
-67.2105,-32.9589
-67.1105,-32.9589
-67.0105,-32.9589
-66.9105,-32.9589
-66.8105,-32.9589
-73.1105,-33.0589
-73.0105,-33.0589
-72.9105,-33.0589
-72.8105,-33.0589
-72.7105,-33.0589
-72.6105,-33.0589
-72.5105,-33.0589
-72.4105,-33.0589
-72.3105,-33.0589
-72.2105,-33.0589
-72.1105,-33.0589
-72.0105,-33.0589
-71.9105,-33.0589
-71.8105,-33.0589
-71.7105,-33.0589
-71.6105,-33.0589
-71.5105,-33.0589
-71.4105,-33.0589
-71.3105,-33.0589
-71.2105,-33.0589
-71.1105,-33.0589
-71.0105,-33.0589
-70.9105,-33.0589
-70.8105,-33.0589
-70.7105,-33.0589
-70.6105,-33.0589
-70.5105,-33.0589
-70.4105,-33.0589
-70.3105,-33.0589
-70.2105,-33.0589
-70.1105,-33.0589
-70.0105,-33.0589
-69.9105,-33.0589
-69.8105,-33.0589
-69.7105,-33.0589
-69.6105,-33.0589
-69.5105,-33.0589
-69.4105,-33.0589
-69.3105,-33.0589
-69.2105,-33.0589
-69.1105,-33.0589
-69.0105,-33.0589
-68.9105,-33.0589
-68.8105,-33.0589
-68.7105,-33.0589
-68.6105,-33.0589
-68.5105,-33.0589
-68.4105,-33.0589
-68.3105,-33.0589
-68.2105,-33.0589
-68.1105,-33.0589
-68.0105,-33.0589
-67.9105,-33.0589
-67.8105,-33.0589
-67.7105,-33.0589
-67.6105,-33.0589
-67.5105,-33.0589
-67.4105,-33.0589
-67.3105,-33.0589
-67.2105,-33.0589
-67.1105,-33.0589
-67.0105,-33.0589
-66.9105,-33.0589
-66.8105,-33.0589
-73.1105,-33.1589
-73.0105,-33.1589
-72.9105,-33.1589
-72.8105,-33.1589
-72.7105,-33.1589
-72.6105,-33.1589
-72.5105,-33.1589
-72.4105,-33.1589
-72.3105,-33.1589
-72.2105,-33.1589
-72.1105,-33.1589
-72.0105,-33.1589
-71.9105,-33.1589
-71.8105,-33.1589
-71.7105,-33.1589
-71.6105,-33.1589
-71.5105,-33.1589
-71.4105,-33.1589
-71.3105,-33.1589
-71.2105,-33.1589
-71.1105,-33.1589
-71.0105,-33.1589
-70.9105,-33.1589
-70.8105,-33.1589
-70.7105,-33.1589
-70.6105,-33.1589
-70.5105,-33.1589
-70.4105,-33.1589
-70.3105,-33.1589
-70.2105,-33.1589
-70.1105,-33.1589
-70.0105,-33.1589
-69.9105,-33.1589
-69.8105,-33.1589
-69.7105,-33.1589
-69.6105,-33.1589
-69.5105,-33.1589
-69.4105,-33.1589
-69.3105,-33.1589
-69.2105,-33.1589
-69.1105,-33.1589
-69.0105,-33.1589
-68.9105,-33.1589
-68.8105,-33.1589
-68.7105,-33.1589
-68.6105,-33.1589
-68.5105,-33.1589
-68.4105,-33.1589
-68.3105,-33.1589
-68.2105,-33.1589
-68.1105,-33.1589
-68.0105,-33.1589
-67.9105,-33.1589
-67.8105,-33.1589
-67.7105,-33.1589
-67.6105,-33.1589
-67.5105,-33.1589
-67.4105,-33.1589
-67.3105,-33.1589
-67.2105,-33.1589
-67.1105,-33.1589
-67.0105,-33.1589
-66.9105,-33.1589
-66.8105,-33.1589
-73.2105,-33.2589
-73.1105,-33.2589
-73.0105,-33.2589
-72.9105,-33.2589
-72.8105,-33.2589
-72.7105,-33.2589
-72.6105,-33.2589
-72.5105,-33.2589
-72.4105,-33.2589
-72.3105,-33.2589
-72.2105,-33.2589
-72.1105,-33.2589
-72.0105,-33.2589
-71.9105,-33.2589
-71.8105,-33.2589
-71.7105,-33.2589
-71.6105,-33.2589
-71.5105,-33.2589
-71.4105,-33.2589
-71.3105,-33.2589
-71.2105,-33.2589
-71.1105,-33.2589
-71.0105,-33.2589
-70.9105,-33.2589
-70.8105,-33.2589
-70.7105,-33.2589
-70.6105,-33.2589
-70.5105,-33.2589
-70.4105,-33.2589
-70.3105,-33.2589
-70.2105,-33.2589
-70.1105,-33.2589
-70.0105,-33.2589
-69.9105,-33.2589
-69.8105,-33.2589
-69.7105,-33.2589
-69.6105,-33.2589
-69.5105,-33.2589
-69.4105,-33.2589
-69.3105,-33.2589
-69.2105,-33.2589
-69.1105,-33.2589
-69.0105,-33.2589
-68.9105,-33.2589
-68.8105,-33.2589
-68.7105,-33.2589
-68.6105,-33.2589
-68.5105,-33.2589
-68.4105,-33.2589
-68.3105,-33.2589
-68.2105,-33.2589
-68.1105,-33.2589
-68.0105,-33.2589
-67.9105,-33.2589
-67.8105,-33.2589
-67.7105,-33.2589
-67.6105,-33.2589
-67.5105,-33.2589
-67.4105,-33.2589
-67.3105,-33.2589
-67.2105,-33.2589
-67.1105,-33.2589
-67.0105,-33.2589
-66.9105,-33.2589
-66.8105,-33.2589
-73.2105,-33.3589
-73.1105,-33.3589
-73.0105,-33.3589
-72.9105,-33.3589
-72.8105,-33.3589
-72.7105,-33.3589
-72.6105,-33.3589
-72.5105,-33.3589
-72.4105,-33.3589
-72.3105,-33.3589
-72.2105,-33.3589
-72.1105,-33.3589
-72.0105,-33.3589
-71.9105,-33.3589
-71.8105,-33.3589
-71.7105,-33.3589
-71.6105,-33.3589
-71.5105,-33.3589
-71.4105,-33.3589
-71.3105,-33.3589
-71.2105,-33.3589
-71.1105,-33.3589
-71.0105,-33.3589
-70.9105,-33.3589
-70.8105,-33.3589
-70.7105,-33.3589
-70.6105,-33.3589
-70.5105,-33.3589
-70.4105,-33.3589
-70.3105,-33.3589
-70.2105,-33.3589
-70.1105,-33.3589
-70.0105,-33.3589
-69.9105,-33.3589
-69.8105,-33.3589
-69.7105,-33.3589
-69.6105,-33.3589
-69.5105,-33.3589
-69.4105,-33.3589
-69.3105,-33.3589
-69.2105,-33.3589
-69.1105,-33.3589
-69.0105,-33.3589
-68.9105,-33.3589
-68.8105,-33.3589
-68.7105,-33.3589
-68.6105,-33.3589
-68.5105,-33.3589
-68.4105,-33.3589
-68.3105,-33.3589
-68.2105,-33.3589
-68.1105,-33.3589
-68.0105,-33.3589
-67.9105,-33.3589
-67.8105,-33.3589
-67.7105,-33.3589
-67.6105,-33.3589
-67.5105,-33.3589
-67.4105,-33.3589
-67.3105,-33.3589
-67.2105,-33.3589
-67.1105,-33.3589
-67.0105,-33.3589
-66.9105,-33.3589
-66.8105,-33.3589
-73.3105,-33.4589
-73.2105,-33.4589
-73.1105,-33.4589
-73.0105,-33.4589
-72.9105,-33.4589
-72.8105,-33.4589
-72.7105,-33.4589
-72.6105,-33.4589
-72.5105,-33.4589
-72.4105,-33.4589
-72.3105,-33.4589
-72.2105,-33.4589
-72.1105,-33.4589
-72.0105,-33.4589
-71.9105,-33.4589
-71.8105,-33.4589
-71.7105,-33.4589
-71.6105,-33.4589
-71.5105,-33.4589
-71.4105,-33.4589
-71.3105,-33.4589
-71.2105,-33.4589
-71.1105,-33.4589
-71.0105,-33.4589
-70.9105,-33.4589
-70.8105,-33.4589
-70.7105,-33.4589
-70.6105,-33.4589
-70.5105,-33.4589
-70.4105,-33.4589
-70.3105,-33.4589
-70.2105,-33.4589
-70.1105,-33.4589
-70.0105,-33.4589
-69.9105,-33.4589
-69.8105,-33.4589
-69.7105,-33.4589
-69.6105,-33.4589
-69.5105,-33.4589
-69.4105,-33.4589
-69.3105,-33.4589
-69.2105,-33.4589
-69.1105,-33.4589
-69.0105,-33.4589
-68.9105,-33.4589
-68.8105,-33.4589
-68.7105,-33.4589
-68.6105,-33.4589
-68.5105,-33.4589
-68.4105,-33.4589
-68.3105,-33.4589
-68.2105,-33.4589
-68.1105,-33.4589
-68.0105,-33.4589
-67.9105,-33.4589
-67.8105,-33.4589
-67.7105,-33.4589
-67.6105,-33.4589
-67.5105,-33.4589
-67.4105,-33.4589
-67.3105,-33.4589
-67.2105,-33.4589
-67.1105,-33.4589
-67.0105,-33.4589
-66.9105,-33.4589
-66.8105,-33.4589
-73.3105,-33.5589
-73.2105,-33.5589
-73.1105,-33.5589
-73.0105,-33.5589
-72.9105,-33.5589
-72.8105,-33.5589
-72.7105,-33.5589
-72.6105,-33.5589
-72.5105,-33.5589
-72.4105,-33.5589
-72.3105,-33.5589
-72.2105,-33.5589
-72.1105,-33.5589
-72.0105,-33.5589
-71.9105,-33.5589
-71.8105,-33.5589
-71.7105,-33.5589
-71.6105,-33.5589
-71.5105,-33.5589
-71.4105,-33.5589
-71.3105,-33.5589
-71.2105,-33.5589
-71.1105,-33.5589
-71.0105,-33.5589
-70.9105,-33.5589
-70.8105,-33.5589
-70.7105,-33.5589
-70.6105,-33.5589
-70.5105,-33.5589
-70.4105,-33.5589
-70.3105,-33.5589
-70.2105,-33.5589
-70.1105,-33.5589
-70.0105,-33.5589
-69.9105,-33.5589
-69.8105,-33.5589
-69.7105,-33.5589
-69.6105,-33.5589
-69.5105,-33.5589
-69.4105,-33.5589
-69.3105,-33.5589
-69.2105,-33.5589
-69.1105,-33.5589
-69.0105,-33.5589
-68.9105,-33.5589
-68.8105,-33.5589
-68.7105,-33.5589
-68.6105,-33.5589
-68.5105,-33.5589
-68.4105,-33.5589
-68.3105,-33.5589
-68.2105,-33.5589
-68.1105,-33.5589
-68.0105,-33.5589
-67.9105,-33.5589
-67.8105,-33.5589
-67.7105,-33.5589
-67.6105,-33.5589
-67.5105,-33.5589
-67.4105,-33.5589
-67.3105,-33.5589
-67.2105,-33.5589
-67.1105,-33.5589
-67.0105,-33.5589
-66.9105,-33.5589
-73.4105,-33.6589
-73.3105,-33.6589
-73.2105,-33.6589
-73.1105,-33.6589
-73.0105,-33.6589
-72.9105,-33.6589
-72.8105,-33.6589
-72.7105,-33.6589
-72.6105,-33.6589
-72.5105,-33.6589
-72.4105,-33.6589
-72.3105,-33.6589
-72.2105,-33.6589
-72.1105,-33.6589
-72.0105,-33.6589
-71.9105,-33.6589
-71.8105,-33.6589
-71.7105,-33.6589
-71.6105,-33.6589
-71.5105,-33.6589
-71.4105,-33.6589
-71.3105,-33.6589
-71.2105,-33.6589
-71.1105,-33.6589
-71.0105,-33.6589
-70.9105,-33.6589
-70.8105,-33.6589
-70.7105,-33.6589
-70.6105,-33.6589
-70.5105,-33.6589
-70.4105,-33.6589
-70.3105,-33.6589
-70.2105,-33.6589
-70.1105,-33.6589
-70.0105,-33.6589
-69.9105,-33.6589
-69.8105,-33.6589
-69.7105,-33.6589
-69.6105,-33.6589
-69.5105,-33.6589
-69.4105,-33.6589
-69.3105,-33.6589
-69.2105,-33.6589
-69.1105,-33.6589
-69.0105,-33.6589
-68.9105,-33.6589
-68.8105,-33.6589
-68.7105,-33.6589
-68.6105,-33.6589
-68.5105,-33.6589
-68.4105,-33.6589
-68.3105,-33.6589
-68.2105,-33.6589
-68.1105,-33.6589
-68.0105,-33.6589
-67.9105,-33.6589
-67.8105,-33.6589
-67.7105,-33.6589
-67.6105,-33.6589
-67.5105,-33.6589
-67.4105,-33.6589
-67.3105,-33.6589
-67.2105,-33.6589
-67.1105,-33.6589
-67.0105,-33.6589
-66.9105,-33.6589
-73.4105,-33.7589
-73.3105,-33.7589
-73.2105,-33.7589
-73.1105,-33.7589
-73.0105,-33.7589
-72.9105,-33.7589
-72.8105,-33.7589
-72.7105,-33.7589
-72.6105,-33.7589
-72.5105,-33.7589
-72.4105,-33.7589
-72.3105,-33.7589
-72.2105,-33.7589
-72.1105,-33.7589
-72.0105,-33.7589
-71.9105,-33.7589
-71.8105,-33.7589
-71.7105,-33.7589
-71.6105,-33.7589
-71.5105,-33.7589
-71.4105,-33.7589
-71.3105,-33.7589
-71.2105,-33.7589
-71.1105,-33.7589
-71.0105,-33.7589
-70.9105,-33.7589
-70.8105,-33.7589
-70.7105,-33.7589
-70.6105,-33.7589
-70.5105,-33.7589
-70.4105,-33.7589
-70.3105,-33.7589
-70.2105,-33.7589
-70.1105,-33.7589
-70.0105,-33.7589
-69.9105,-33.7589
-69.8105,-33.7589
-69.7105,-33.7589
-69.6105,-33.7589
-69.5105,-33.7589
-69.4105,-33.7589
-69.3105,-33.7589
-69.2105,-33.7589
-69.1105,-33.7589
-69.0105,-33.7589
-68.9105,-33.7589
-68.8105,-33.7589
-68.7105,-33.7589
-68.6105,-33.7589
-68.5105,-33.7589
-68.4105,-33.7589
-68.3105,-33.7589
-68.2105,-33.7589
-68.1105,-33.7589
-68.0105,-33.7589
-67.9105,-33.7589
-67.8105,-33.7589
-67.7105,-33.7589
-67.6105,-33.7589
-67.5105,-33.7589
-67.4105,-33.7589
-67.3105,-33.7589
-67.2105,-33.7589
-67.1105,-33.7589
-67.0105,-33.7589
-73.4105,-33.8589
-73.3105,-33.8589
-73.2105,-33.8589
-73.1105,-33.8589
-73.0105,-33.8589
-72.9105,-33.8589
-72.8105,-33.8589
-72.7105,-33.8589
-72.6105,-33.8589
-72.5105,-33.8589
-72.4105,-33.8589
-72.3105,-33.8589
-72.2105,-33.8589
-72.1105,-33.8589
-72.0105,-33.8589
-71.9105,-33.8589
-71.8105,-33.8589
-71.7105,-33.8589
-71.6105,-33.8589
-71.5105,-33.8589
-71.4105,-33.8589
-71.3105,-33.8589
-71.2105,-33.8589
-71.1105,-33.8589
-71.0105,-33.8589
-70.9105,-33.8589
-70.8105,-33.8589
-70.7105,-33.8589
-70.6105,-33.8589
-70.5105,-33.8589
-70.4105,-33.8589
-70.3105,-33.8589
-70.2105,-33.8589
-70.1105,-33.8589
-70.0105,-33.8589
-69.9105,-33.8589
-69.8105,-33.8589
-69.7105,-33.8589
-69.6105,-33.8589
-69.5105,-33.8589
-69.4105,-33.8589
-69.3105,-33.8589
-69.2105,-33.8589
-69.1105,-33.8589
-69.0105,-33.8589
-68.9105,-33.8589
-68.8105,-33.8589
-68.7105,-33.8589
-68.6105,-33.8589
-68.5105,-33.8589
-68.4105,-33.8589
-68.3105,-33.8589
-68.2105,-33.8589
-68.1105,-33.8589
-68.0105,-33.8589
-67.9105,-33.8589
-67.8105,-33.8589
-67.7105,-33.8589
-67.6105,-33.8589
-67.5105,-33.8589
-67.4105,-33.8589
-67.3105,-33.8589
-67.2105,-33.8589
-67.1105,-33.8589
-73.4105,-33.9589
-73.3105,-33.9589
-73.2105,-33.9589
-73.1105,-33.9589
-73.0105,-33.9589
-72.9105,-33.9589
-72.8105,-33.9589
-72.7105,-33.9589
-72.6105,-33.9589
-72.5105,-33.9589
-72.4105,-33.9589
-72.3105,-33.9589
-72.2105,-33.9589
-72.1105,-33.9589
-72.0105,-33.9589
-71.9105,-33.9589
-71.8105,-33.9589
-71.7105,-33.9589
-71.6105,-33.9589
-71.5105,-33.9589
-71.4105,-33.9589
-71.3105,-33.9589
-71.2105,-33.9589
-71.1105,-33.9589
-71.0105,-33.9589
-70.9105,-33.9589
-70.8105,-33.9589
-70.7105,-33.9589
-70.6105,-33.9589
-70.5105,-33.9589
-70.4105,-33.9589
-70.3105,-33.9589
-70.2105,-33.9589
-70.1105,-33.9589
-70.0105,-33.9589
-69.9105,-33.9589
-69.8105,-33.9589
-69.7105,-33.9589
-69.6105,-33.9589
-69.5105,-33.9589
-69.4105,-33.9589
-69.3105,-33.9589
-69.2105,-33.9589
-69.1105,-33.9589
-69.0105,-33.9589
-68.9105,-33.9589
-68.8105,-33.9589
-68.7105,-33.9589
-68.6105,-33.9589
-68.5105,-33.9589
-68.4105,-33.9589
-68.3105,-33.9589
-68.2105,-33.9589
-68.1105,-33.9589
-68.0105,-33.9589
-67.9105,-33.9589
-67.8105,-33.9589
-67.7105,-33.9589
-67.6105,-33.9589
-67.5105,-33.9589
-67.4105,-33.9589
-67.3105,-33.9589
-73.4105,-34.0589
-73.3105,-34.0589
-73.2105,-34.0589
-73.1105,-34.0589
-73.0105,-34.0589
-72.9105,-34.0589
-72.8105,-34.0589
-72.7105,-34.0589
-72.6105,-34.0589
-72.5105,-34.0589
-72.4105,-34.0589
-72.3105,-34.0589
-72.2105,-34.0589
-72.1105,-34.0589
-72.0105,-34.0589
-71.9105,-34.0589
-71.8105,-34.0589
-71.7105,-34.0589
-71.6105,-34.0589
-71.5105,-34.0589
-71.4105,-34.0589
-71.3105,-34.0589
-71.2105,-34.0589
-71.1105,-34.0589
-71.0105,-34.0589
-70.9105,-34.0589
-70.8105,-34.0589
-70.7105,-34.0589
-70.6105,-34.0589
-70.5105,-34.0589
-70.4105,-34.0589
-70.3105,-34.0589
-70.2105,-34.0589
-70.1105,-34.0589
-70.0105,-34.0589
-69.9105,-34.0589
-69.8105,-34.0589
-69.7105,-34.0589
-69.6105,-34.0589
-69.5105,-34.0589
-69.4105,-34.0589
-69.3105,-34.0589
-69.2105,-34.0589
-69.1105,-34.0589
-69.0105,-34.0589
-68.9105,-34.0589
-68.8105,-34.0589
-68.7105,-34.0589
-68.6105,-34.0589
-68.5105,-34.0589
-68.4105,-34.0589
-68.3105,-34.0589
-68.2105,-34.0589
-68.1105,-34.0589
-68.0105,-34.0589
-67.9105,-34.0589
-67.8105,-34.0589
-67.7105,-34.0589
-67.6105,-34.0589
-67.5105,-34.0589
-67.4105,-34.0589
-73.4105,-34.1589
-73.3105,-34.1589
-73.2105,-34.1589
-73.1105,-34.1589
-73.0105,-34.1589
-72.9105,-34.1589
-72.8105,-34.1589
-72.7105,-34.1589
-72.6105,-34.1589
-72.5105,-34.1589
-72.4105,-34.1589
-72.3105,-34.1589
-72.2105,-34.1589
-72.1105,-34.1589
-72.0105,-34.1589
-71.9105,-34.1589
-71.8105,-34.1589
-71.7105,-34.1589
-71.6105,-34.1589
-71.5105,-34.1589
-71.4105,-34.1589
-71.3105,-34.1589
-71.2105,-34.1589
-71.1105,-34.1589
-71.0105,-34.1589
-70.9105,-34.1589
-70.8105,-34.1589
-70.7105,-34.1589
-70.6105,-34.1589
-70.5105,-34.1589
-70.4105,-34.1589
-70.3105,-34.1589
-70.2105,-34.1589
-70.1105,-34.1589
-70.0105,-34.1589
-69.9105,-34.1589
-69.8105,-34.1589
-69.7105,-34.1589
-69.6105,-34.1589
-69.5105,-34.1589
-69.4105,-34.1589
-69.3105,-34.1589
-69.2105,-34.1589
-69.1105,-34.1589
-69.0105,-34.1589
-68.9105,-34.1589
-68.8105,-34.1589
-68.7105,-34.1589
-68.6105,-34.1589
-68.5105,-34.1589
-68.4105,-34.1589
-68.3105,-34.1589
-68.2105,-34.1589
-68.1105,-34.1589
-68.0105,-34.1589
-67.9105,-34.1589
-67.8105,-34.1589
-67.7105,-34.1589
-67.6105,-34.1589
-67.5105,-34.1589
-73.5105,-34.2589
-73.4105,-34.2589
-73.3105,-34.2589
-73.2105,-34.2589
-73.1105,-34.2589
-73.0105,-34.2589
-72.9105,-34.2589
-72.8105,-34.2589
-72.7105,-34.2589
-72.6105,-34.2589
-72.5105,-34.2589
-72.4105,-34.2589
-72.3105,-34.2589
-72.2105,-34.2589
-72.1105,-34.2589
-72.0105,-34.2589
-71.9105,-34.2589
-71.8105,-34.2589
-71.7105,-34.2589
-71.6105,-34.2589
-71.5105,-34.2589
-71.4105,-34.2589
-71.3105,-34.2589
-71.2105,-34.2589
-71.1105,-34.2589
-71.0105,-34.2589
-70.9105,-34.2589
-70.8105,-34.2589
-70.7105,-34.2589
-70.6105,-34.2589
-70.5105,-34.2589
-70.4105,-34.2589
-70.3105,-34.2589
-70.2105,-34.2589
-70.1105,-34.2589
-70.0105,-34.2589
-69.9105,-34.2589
-69.8105,-34.2589
-69.7105,-34.2589
-69.6105,-34.2589
-69.5105,-34.2589
-69.4105,-34.2589
-69.3105,-34.2589
-69.2105,-34.2589
-69.1105,-34.2589
-69.0105,-34.2589
-68.9105,-34.2589
-68.8105,-34.2589
-68.7105,-34.2589
-68.6105,-34.2589
-68.5105,-34.2589
-68.4105,-34.2589
-68.3105,-34.2589
-68.2105,-34.2589
-68.1105,-34.2589
-68.0105,-34.2589
-67.9105,-34.2589
-67.8105,-34.2589
-67.7105,-34.2589
-73.5105,-34.3589
-73.4105,-34.3589
-73.3105,-34.3589
-73.2105,-34.3589
-73.1105,-34.3589
-73.0105,-34.3589
-72.9105,-34.3589
-72.8105,-34.3589
-72.7105,-34.3589
-72.6105,-34.3589
-72.5105,-34.3589
-72.4105,-34.3589
-72.3105,-34.3589
-72.2105,-34.3589
-72.1105,-34.3589
-72.0105,-34.3589
-71.9105,-34.3589
-71.8105,-34.3589
-71.7105,-34.3589
-71.6105,-34.3589
-71.5105,-34.3589
-71.4105,-34.3589
-71.3105,-34.3589
-71.2105,-34.3589
-71.1105,-34.3589
-71.0105,-34.3589
-70.9105,-34.3589
-70.8105,-34.3589
-70.7105,-34.3589
-70.6105,-34.3589
-70.5105,-34.3589
-70.4105,-34.3589
-70.3105,-34.3589
-70.2105,-34.3589
-70.1105,-34.3589
-70.0105,-34.3589
-69.9105,-34.3589
-69.8105,-34.3589
-69.7105,-34.3589
-69.6105,-34.3589
-69.5105,-34.3589
-69.4105,-34.3589
-69.3105,-34.3589
-69.2105,-34.3589
-69.1105,-34.3589
-69.0105,-34.3589
-68.9105,-34.3589
-68.8105,-34.3589
-68.7105,-34.3589
-68.6105,-34.3589
-68.5105,-34.3589
-68.4105,-34.3589
-68.3105,-34.3589
-68.2105,-34.3589
-68.1105,-34.3589
-68.0105,-34.3589
-67.9105,-34.3589
-67.8105,-34.3589
-73.6105,-34.4589
-73.5105,-34.4589
-73.4105,-34.4589
-73.3105,-34.4589
-73.2105,-34.4589
-73.1105,-34.4589
-73.0105,-34.4589
-72.9105,-34.4589
-72.8105,-34.4589
-72.7105,-34.4589
-72.6105,-34.4589
-72.5105,-34.4589
-72.4105,-34.4589
-72.3105,-34.4589
-72.2105,-34.4589
-72.1105,-34.4589
-72.0105,-34.4589
-71.9105,-34.4589
-71.8105,-34.4589
-71.7105,-34.4589
-71.6105,-34.4589
-71.5105,-34.4589
-71.4105,-34.4589
-71.3105,-34.4589
-71.2105,-34.4589
-71.1105,-34.4589
-71.0105,-34.4589
-70.9105,-34.4589
-70.8105,-34.4589
-70.7105,-34.4589
-70.6105,-34.4589
-70.5105,-34.4589
-70.4105,-34.4589
-70.3105,-34.4589
-70.2105,-34.4589
-70.1105,-34.4589
-70.0105,-34.4589
-69.9105,-34.4589
-69.8105,-34.4589
-69.7105,-34.4589
-69.6105,-34.4589
-69.5105,-34.4589
-69.4105,-34.4589
-69.3105,-34.4589
-69.2105,-34.4589
-69.1105,-34.4589
-69.0105,-34.4589
-68.9105,-34.4589
-68.8105,-34.4589
-68.7105,-34.4589
-68.6105,-34.4589
-68.5105,-34.4589
-68.4105,-34.4589
-68.3105,-34.4589
-68.2105,-34.4589
-68.1105,-34.4589
-68.0105,-34.4589
-67.9105,-34.4589
-73.7105,-34.5589
-73.6105,-34.5589
-73.5105,-34.5589
-73.4105,-34.5589
-73.3105,-34.5589
-73.2105,-34.5589
-73.1105,-34.5589
-73.0105,-34.5589
-72.9105,-34.5589
-72.8105,-34.5589
-72.7105,-34.5589
-72.6105,-34.5589
-72.5105,-34.5589
-72.4105,-34.5589
-72.3105,-34.5589
-72.2105,-34.5589
-72.1105,-34.5589
-72.0105,-34.5589
-71.9105,-34.5589
-71.8105,-34.5589
-71.7105,-34.5589
-71.6105,-34.5589
-71.5105,-34.5589
-71.4105,-34.5589
-71.3105,-34.5589
-71.2105,-34.5589
-71.1105,-34.5589
-71.0105,-34.5589
-70.9105,-34.5589
-70.8105,-34.5589
-70.7105,-34.5589
-70.6105,-34.5589
-70.5105,-34.5589
-70.4105,-34.5589
-70.3105,-34.5589
-70.2105,-34.5589
-70.1105,-34.5589
-70.0105,-34.5589
-69.9105,-34.5589
-69.8105,-34.5589
-69.7105,-34.5589
-69.6105,-34.5589
-69.5105,-34.5589
-69.4105,-34.5589
-69.3105,-34.5589
-69.2105,-34.5589
-69.1105,-34.5589
-69.0105,-34.5589
-68.9105,-34.5589
-68.8105,-34.5589
-68.7105,-34.5589
-68.6105,-34.5589
-68.5105,-34.5589
-68.4105,-34.5589
-68.3105,-34.5589
-68.2105,-34.5589
-68.1105,-34.5589
-73.7105,-34.6589
-73.6105,-34.6589
-73.5105,-34.6589
-73.4105,-34.6589
-73.3105,-34.6589
-73.2105,-34.6589
-73.1105,-34.6589
-73.0105,-34.6589
-72.9105,-34.6589
-72.8105,-34.6589
-72.7105,-34.6589
-72.6105,-34.6589
-72.5105,-34.6589
-72.4105,-34.6589
-72.3105,-34.6589
-72.2105,-34.6589
-72.1105,-34.6589
-72.0105,-34.6589
-71.9105,-34.6589
-71.8105,-34.6589
-71.7105,-34.6589
-71.6105,-34.6589
-71.5105,-34.6589
-71.4105,-34.6589
-71.3105,-34.6589
-71.2105,-34.6589
-71.1105,-34.6589
-71.0105,-34.6589
-70.9105,-34.6589
-70.8105,-34.6589
-70.7105,-34.6589
-70.6105,-34.6589
-70.5105,-34.6589
-70.4105,-34.6589
-70.3105,-34.6589
-70.2105,-34.6589
-70.1105,-34.6589
-70.0105,-34.6589
-69.9105,-34.6589
-69.8105,-34.6589
-69.7105,-34.6589
-69.6105,-34.6589
-69.5105,-34.6589
-69.4105,-34.6589
-69.3105,-34.6589
-69.2105,-34.6589
-69.1105,-34.6589
-69.0105,-34.6589
-68.9105,-34.6589
-68.8105,-34.6589
-68.7105,-34.6589
-68.6105,-34.6589
-68.5105,-34.6589
-68.4105,-34.6589
-68.3105,-34.6589
-68.2105,-34.6589
-73.8105,-34.7589
-73.7105,-34.7589
-73.6105,-34.7589
-73.5105,-34.7589
-73.4105,-34.7589
-73.3105,-34.7589
-73.2105,-34.7589
-73.1105,-34.7589
-73.0105,-34.7589
-72.9105,-34.7589
-72.8105,-34.7589
-72.7105,-34.7589
-72.6105,-34.7589
-72.5105,-34.7589
-72.4105,-34.7589
-72.3105,-34.7589
-72.2105,-34.7589
-72.1105,-34.7589
-72.0105,-34.7589
-71.9105,-34.7589
-71.8105,-34.7589
-71.7105,-34.7589
-71.6105,-34.7589
-71.5105,-34.7589
-71.4105,-34.7589
-71.3105,-34.7589
-71.2105,-34.7589
-71.1105,-34.7589
-71.0105,-34.7589
-70.9105,-34.7589
-70.8105,-34.7589
-70.7105,-34.7589
-70.6105,-34.7589
-70.5105,-34.7589
-70.4105,-34.7589
-70.3105,-34.7589
-70.2105,-34.7589
-70.1105,-34.7589
-70.0105,-34.7589
-69.9105,-34.7589
-69.8105,-34.7589
-69.7105,-34.7589
-69.6105,-34.7589
-69.5105,-34.7589
-69.4105,-34.7589
-69.3105,-34.7589
-69.2105,-34.7589
-69.1105,-34.7589
-69.0105,-34.7589
-68.9105,-34.7589
-68.8105,-34.7589
-68.7105,-34.7589
-68.6105,-34.7589
-68.5105,-34.7589
-68.4105,-34.7589
-68.3105,-34.7589
-73.9105,-34.8589
-73.8105,-34.8589
-73.7105,-34.8589
-73.6105,-34.8589
-73.5105,-34.8589
-73.4105,-34.8589
-73.3105,-34.8589
-73.2105,-34.8589
-73.1105,-34.8589
-73.0105,-34.8589
-72.9105,-34.8589
-72.8105,-34.8589
-72.7105,-34.8589
-72.6105,-34.8589
-72.5105,-34.8589
-72.4105,-34.8589
-72.3105,-34.8589
-72.2105,-34.8589
-72.1105,-34.8589
-72.0105,-34.8589
-71.9105,-34.8589
-71.8105,-34.8589
-71.7105,-34.8589
-71.6105,-34.8589
-71.5105,-34.8589
-71.4105,-34.8589
-71.3105,-34.8589
-71.2105,-34.8589
-71.1105,-34.8589
-71.0105,-34.8589
-70.9105,-34.8589
-70.8105,-34.8589
-70.7105,-34.8589
-70.6105,-34.8589
-70.5105,-34.8589
-70.4105,-34.8589
-70.3105,-34.8589
-70.2105,-34.8589
-70.1105,-34.8589
-70.0105,-34.8589
-69.9105,-34.8589
-69.8105,-34.8589
-69.7105,-34.8589
-69.6105,-34.8589
-69.5105,-34.8589
-69.4105,-34.8589
-69.3105,-34.8589
-69.2105,-34.8589
-69.1105,-34.8589
-69.0105,-34.8589
-68.9105,-34.8589
-68.8105,-34.8589
-68.7105,-34.8589
-68.6105,-34.8589
-68.5105,-34.8589
-73.9105,-34.9589
-73.8105,-34.9589
-73.7105,-34.9589
-73.6105,-34.9589
-73.5105,-34.9589
-73.4105,-34.9589
-73.3105,-34.9589
-73.2105,-34.9589
-73.1105,-34.9589
-73.0105,-34.9589
-72.9105,-34.9589
-72.8105,-34.9589
-72.7105,-34.9589
-72.6105,-34.9589
-72.5105,-34.9589
-72.4105,-34.9589
-72.3105,-34.9589
-72.2105,-34.9589
-72.1105,-34.9589
-72.0105,-34.9589
-71.9105,-34.9589
-71.8105,-34.9589
-71.7105,-34.9589
-71.6105,-34.9589
-71.5105,-34.9589
-71.4105,-34.9589
-71.3105,-34.9589
-71.2105,-34.9589
-71.1105,-34.9589
-71.0105,-34.9589
-70.9105,-34.9589
-70.8105,-34.9589
-70.7105,-34.9589
-70.6105,-34.9589
-70.5105,-34.9589
-70.4105,-34.9589
-70.3105,-34.9589
-70.2105,-34.9589
-70.1105,-34.9589
-70.0105,-34.9589
-69.9105,-34.9589
-69.8105,-34.9589
-69.7105,-34.9589
-69.6105,-34.9589
-69.5105,-34.9589
-69.4105,-34.9589
-69.3105,-34.9589
-69.2105,-34.9589
-69.1105,-34.9589
-69.0105,-34.9589
-68.9105,-34.9589
-68.8105,-34.9589
-68.7105,-34.9589
-68.6105,-34.9589
-74.0105,-35.0589
-73.9105,-35.0589
-73.8105,-35.0589
-73.7105,-35.0589
-73.6105,-35.0589
-73.5105,-35.0589
-73.4105,-35.0589
-73.3105,-35.0589
-73.2105,-35.0589
-73.1105,-35.0589
-73.0105,-35.0589
-72.9105,-35.0589
-72.8105,-35.0589
-72.7105,-35.0589
-72.6105,-35.0589
-72.5105,-35.0589
-72.4105,-35.0589
-72.3105,-35.0589
-72.2105,-35.0589
-72.1105,-35.0589
-72.0105,-35.0589
-71.9105,-35.0589
-71.8105,-35.0589
-71.7105,-35.0589
-71.6105,-35.0589
-71.5105,-35.0589
-71.4105,-35.0589
-71.3105,-35.0589
-71.2105,-35.0589
-71.1105,-35.0589
-71.0105,-35.0589
-70.9105,-35.0589
-70.8105,-35.0589
-70.7105,-35.0589
-70.6105,-35.0589
-70.5105,-35.0589
-70.4105,-35.0589
-70.3105,-35.0589
-70.2105,-35.0589
-70.1105,-35.0589
-70.0105,-35.0589
-69.9105,-35.0589
-69.8105,-35.0589
-69.7105,-35.0589
-69.6105,-35.0589
-69.5105,-35.0589
-69.4105,-35.0589
-69.3105,-35.0589
-69.2105,-35.0589
-69.1105,-35.0589
-69.0105,-35.0589
-68.9105,-35.0589
-68.8105,-35.0589
-68.7105,-35.0589
-74.0105,-35.1589
-73.9105,-35.1589
-73.8105,-35.1589
-73.7105,-35.1589
-73.6105,-35.1589
-73.5105,-35.1589
-73.4105,-35.1589
-73.3105,-35.1589
-73.2105,-35.1589
-73.1105,-35.1589
-73.0105,-35.1589
-72.9105,-35.1589
-72.8105,-35.1589
-72.7105,-35.1589
-72.6105,-35.1589
-72.5105,-35.1589
-72.4105,-35.1589
-72.3105,-35.1589
-72.2105,-35.1589
-72.1105,-35.1589
-72.0105,-35.1589
-71.9105,-35.1589
-71.8105,-35.1589
-71.7105,-35.1589
-71.6105,-35.1589
-71.5105,-35.1589
-71.4105,-35.1589
-71.3105,-35.1589
-71.2105,-35.1589
-71.1105,-35.1589
-71.0105,-35.1589
-70.9105,-35.1589
-70.8105,-35.1589
-70.7105,-35.1589
-70.6105,-35.1589
-70.5105,-35.1589
-70.4105,-35.1589
-70.3105,-35.1589
-70.2105,-35.1589
-70.1105,-35.1589
-70.0105,-35.1589
-69.9105,-35.1589
-69.8105,-35.1589
-69.7105,-35.1589
-69.6105,-35.1589
-69.5105,-35.1589
-69.4105,-35.1589
-69.3105,-35.1589
-69.2105,-35.1589
-69.1105,-35.1589
-69.0105,-35.1589
-68.9105,-35.1589
-68.8105,-35.1589
-74.0105,-35.2589
-73.9105,-35.2589
-73.8105,-35.2589
-73.7105,-35.2589
-73.6105,-35.2589
-73.5105,-35.2589
-73.4105,-35.2589
-73.3105,-35.2589
-73.2105,-35.2589
-73.1105,-35.2589
-73.0105,-35.2589
-72.9105,-35.2589
-72.8105,-35.2589
-72.7105,-35.2589
-72.6105,-35.2589
-72.5105,-35.2589
-72.4105,-35.2589
-72.3105,-35.2589
-72.2105,-35.2589
-72.1105,-35.2589
-72.0105,-35.2589
-71.9105,-35.2589
-71.8105,-35.2589
-71.7105,-35.2589
-71.6105,-35.2589
-71.5105,-35.2589
-71.4105,-35.2589
-71.3105,-35.2589
-71.2105,-35.2589
-71.1105,-35.2589
-71.0105,-35.2589
-70.9105,-35.2589
-70.8105,-35.2589
-70.7105,-35.2589
-70.6105,-35.2589
-70.5105,-35.2589
-70.4105,-35.2589
-70.3105,-35.2589
-70.2105,-35.2589
-70.1105,-35.2589
-70.0105,-35.2589
-69.9105,-35.2589
-69.8105,-35.2589
-69.7105,-35.2589
-69.6105,-35.2589
-69.5105,-35.2589
-69.4105,-35.2589
-69.3105,-35.2589
-69.2105,-35.2589
-69.1105,-35.2589
-69.0105,-35.2589
-68.9105,-35.2589
-74.1105,-35.3589
-74.0105,-35.3589
-73.9105,-35.3589
-73.8105,-35.3589
-73.7105,-35.3589
-73.6105,-35.3589
-73.5105,-35.3589
-73.4105,-35.3589
-73.3105,-35.3589
-73.2105,-35.3589
-73.1105,-35.3589
-73.0105,-35.3589
-72.9105,-35.3589
-72.8105,-35.3589
-72.7105,-35.3589
-72.6105,-35.3589
-72.5105,-35.3589
-72.4105,-35.3589
-72.3105,-35.3589
-72.2105,-35.3589
-72.1105,-35.3589
-72.0105,-35.3589
-71.9105,-35.3589
-71.8105,-35.3589
-71.7105,-35.3589
-71.6105,-35.3589
-71.5105,-35.3589
-71.4105,-35.3589
-71.3105,-35.3589
-71.2105,-35.3589
-71.1105,-35.3589
-71.0105,-35.3589
-70.9105,-35.3589
-70.8105,-35.3589
-70.7105,-35.3589
-70.6105,-35.3589
-70.5105,-35.3589
-70.4105,-35.3589
-70.3105,-35.3589
-70.2105,-35.3589
-70.1105,-35.3589
-70.0105,-35.3589
-69.9105,-35.3589
-69.8105,-35.3589
-69.7105,-35.3589
-69.6105,-35.3589
-69.5105,-35.3589
-69.4105,-35.3589
-69.3105,-35.3589
-69.2105,-35.3589
-69.1105,-35.3589
-69.0105,-35.3589
-68.9105,-35.3589
-74.1105,-35.4589
-74.0105,-35.4589
-73.9105,-35.4589
-73.8105,-35.4589
-73.7105,-35.4589
-73.6105,-35.4589
-73.5105,-35.4589
-73.4105,-35.4589
-73.3105,-35.4589
-73.2105,-35.4589
-73.1105,-35.4589
-73.0105,-35.4589
-72.9105,-35.4589
-72.8105,-35.4589
-72.7105,-35.4589
-72.6105,-35.4589
-72.5105,-35.4589
-72.4105,-35.4589
-72.3105,-35.4589
-72.2105,-35.4589
-72.1105,-35.4589
-72.0105,-35.4589
-71.9105,-35.4589
-71.8105,-35.4589
-71.7105,-35.4589
-71.6105,-35.4589
-71.5105,-35.4589
-71.4105,-35.4589
-71.3105,-35.4589
-71.2105,-35.4589
-71.1105,-35.4589
-71.0105,-35.4589
-70.9105,-35.4589
-70.8105,-35.4589
-70.7105,-35.4589
-70.6105,-35.4589
-70.5105,-35.4589
-70.4105,-35.4589
-70.3105,-35.4589
-70.2105,-35.4589
-70.1105,-35.4589
-70.0105,-35.4589
-69.9105,-35.4589
-69.8105,-35.4589
-69.7105,-35.4589
-69.6105,-35.4589
-69.5105,-35.4589
-69.4105,-35.4589
-69.3105,-35.4589
-69.2105,-35.4589
-69.1105,-35.4589
-69.0105,-35.4589
-74.1105,-35.5589
-74.0105,-35.5589
-73.9105,-35.5589
-73.8105,-35.5589
-73.7105,-35.5589
-73.6105,-35.5589
-73.5105,-35.5589
-73.4105,-35.5589
-73.3105,-35.5589
-73.2105,-35.5589
-73.1105,-35.5589
-73.0105,-35.5589
-72.9105,-35.5589
-72.8105,-35.5589
-72.7105,-35.5589
-72.6105,-35.5589
-72.5105,-35.5589
-72.4105,-35.5589
-72.3105,-35.5589
-72.2105,-35.5589
-72.1105,-35.5589
-72.0105,-35.5589
-71.9105,-35.5589
-71.8105,-35.5589
-71.7105,-35.5589
-71.6105,-35.5589
-71.5105,-35.5589
-71.4105,-35.5589
-71.3105,-35.5589
-71.2105,-35.5589
-71.1105,-35.5589
-71.0105,-35.5589
-70.9105,-35.5589
-70.8105,-35.5589
-70.7105,-35.5589
-70.6105,-35.5589
-70.5105,-35.5589
-70.4105,-35.5589
-70.3105,-35.5589
-70.2105,-35.5589
-70.1105,-35.5589
-70.0105,-35.5589
-69.9105,-35.5589
-69.8105,-35.5589
-69.7105,-35.5589
-69.6105,-35.5589
-69.5105,-35.5589
-69.4105,-35.5589
-69.3105,-35.5589
-69.2105,-35.5589
-69.1105,-35.5589
-69.0105,-35.5589
-68.9105,-35.5589
-74.2105,-35.6589
-74.1105,-35.6589
-74.0105,-35.6589
-73.9105,-35.6589
-73.8105,-35.6589
-73.7105,-35.6589
-73.6105,-35.6589
-73.5105,-35.6589
-73.4105,-35.6589
-73.3105,-35.6589
-73.2105,-35.6589
-73.1105,-35.6589
-73.0105,-35.6589
-72.9105,-35.6589
-72.8105,-35.6589
-72.7105,-35.6589
-72.6105,-35.6589
-72.5105,-35.6589
-72.4105,-35.6589
-72.3105,-35.6589
-72.2105,-35.6589
-72.1105,-35.6589
-72.0105,-35.6589
-71.9105,-35.6589
-71.8105,-35.6589
-71.7105,-35.6589
-71.6105,-35.6589
-71.5105,-35.6589
-71.4105,-35.6589
-71.3105,-35.6589
-71.2105,-35.6589
-71.1105,-35.6589
-71.0105,-35.6589
-70.9105,-35.6589
-70.8105,-35.6589
-70.7105,-35.6589
-70.6105,-35.6589
-70.5105,-35.6589
-70.4105,-35.6589
-70.3105,-35.6589
-70.2105,-35.6589
-70.1105,-35.6589
-70.0105,-35.6589
-69.9105,-35.6589
-69.8105,-35.6589
-69.7105,-35.6589
-69.6105,-35.6589
-69.5105,-35.6589
-69.4105,-35.6589
-69.3105,-35.6589
-69.2105,-35.6589
-69.1105,-35.6589
-69.0105,-35.6589
-68.9105,-35.6589
-74.2105,-35.7589
-74.1105,-35.7589
-74.0105,-35.7589
-73.9105,-35.7589
-73.8105,-35.7589
-73.7105,-35.7589
-73.6105,-35.7589
-73.5105,-35.7589
-73.4105,-35.7589
-73.3105,-35.7589
-73.2105,-35.7589
-73.1105,-35.7589
-73.0105,-35.7589
-72.9105,-35.7589
-72.8105,-35.7589
-72.7105,-35.7589
-72.6105,-35.7589
-72.5105,-35.7589
-72.4105,-35.7589
-72.3105,-35.7589
-72.2105,-35.7589
-72.1105,-35.7589
-72.0105,-35.7589
-71.9105,-35.7589
-71.8105,-35.7589
-71.7105,-35.7589
-71.6105,-35.7589
-71.5105,-35.7589
-71.4105,-35.7589
-71.3105,-35.7589
-71.2105,-35.7589
-71.1105,-35.7589
-71.0105,-35.7589
-70.9105,-35.7589
-70.8105,-35.7589
-70.7105,-35.7589
-70.6105,-35.7589
-70.5105,-35.7589
-70.4105,-35.7589
-70.3105,-35.7589
-70.2105,-35.7589
-70.1105,-35.7589
-70.0105,-35.7589
-69.9105,-35.7589
-69.8105,-35.7589
-69.7105,-35.7589
-69.6105,-35.7589
-69.5105,-35.7589
-69.4105,-35.7589
-69.3105,-35.7589
-69.2105,-35.7589
-69.1105,-35.7589
-69.0105,-35.7589
-74.3105,-35.8589
-74.2105,-35.8589
-74.1105,-35.8589
-74.0105,-35.8589
-73.9105,-35.8589
-73.8105,-35.8589
-73.7105,-35.8589
-73.6105,-35.8589
-73.5105,-35.8589
-73.4105,-35.8589
-73.3105,-35.8589
-73.2105,-35.8589
-73.1105,-35.8589
-73.0105,-35.8589
-72.9105,-35.8589
-72.8105,-35.8589
-72.7105,-35.8589
-72.6105,-35.8589
-72.5105,-35.8589
-72.4105,-35.8589
-72.3105,-35.8589
-72.2105,-35.8589
-72.1105,-35.8589
-72.0105,-35.8589
-71.9105,-35.8589
-71.8105,-35.8589
-71.7105,-35.8589
-71.6105,-35.8589
-71.5105,-35.8589
-71.4105,-35.8589
-71.3105,-35.8589
-71.2105,-35.8589
-71.1105,-35.8589
-71.0105,-35.8589
-70.9105,-35.8589
-70.8105,-35.8589
-70.7105,-35.8589
-70.6105,-35.8589
-70.5105,-35.8589
-70.4105,-35.8589
-70.3105,-35.8589
-70.2105,-35.8589
-70.1105,-35.8589
-70.0105,-35.8589
-69.9105,-35.8589
-69.8105,-35.8589
-69.7105,-35.8589
-69.6105,-35.8589
-69.5105,-35.8589
-69.4105,-35.8589
-69.3105,-35.8589
-69.2105,-35.8589
-69.1105,-35.8589
-69.0105,-35.8589
-74.4105,-35.9589
-74.3105,-35.9589
-74.2105,-35.9589
-74.1105,-35.9589
-74.0105,-35.9589
-73.9105,-35.9589
-73.8105,-35.9589
-73.7105,-35.9589
-73.6105,-35.9589
-73.5105,-35.9589
-73.4105,-35.9589
-73.3105,-35.9589
-73.2105,-35.9589
-73.1105,-35.9589
-73.0105,-35.9589
-72.9105,-35.9589
-72.8105,-35.9589
-72.7105,-35.9589
-72.6105,-35.9589
-72.5105,-35.9589
-72.4105,-35.9589
-72.3105,-35.9589
-72.2105,-35.9589
-72.1105,-35.9589
-72.0105,-35.9589
-71.9105,-35.9589
-71.8105,-35.9589
-71.7105,-35.9589
-71.6105,-35.9589
-71.5105,-35.9589
-71.4105,-35.9589
-71.3105,-35.9589
-71.2105,-35.9589
-71.1105,-35.9589
-71.0105,-35.9589
-70.9105,-35.9589
-70.8105,-35.9589
-70.7105,-35.9589
-70.6105,-35.9589
-70.5105,-35.9589
-70.4105,-35.9589
-70.3105,-35.9589
-70.2105,-35.9589
-70.1105,-35.9589
-70.0105,-35.9589
-69.9105,-35.9589
-69.8105,-35.9589
-69.7105,-35.9589
-69.6105,-35.9589
-69.5105,-35.9589
-69.4105,-35.9589
-69.3105,-35.9589
-69.2105,-35.9589
-69.1105,-35.9589
-69.0105,-35.9589
-74.6105,-36.0589
-74.5105,-36.0589
-74.4105,-36.0589
-74.3105,-36.0589
-74.2105,-36.0589
-74.1105,-36.0589
-74.0105,-36.0589
-73.9105,-36.0589
-73.8105,-36.0589
-73.7105,-36.0589
-73.6105,-36.0589
-73.5105,-36.0589
-73.4105,-36.0589
-73.3105,-36.0589
-73.2105,-36.0589
-73.1105,-36.0589
-73.0105,-36.0589
-72.9105,-36.0589
-72.8105,-36.0589
-72.7105,-36.0589
-72.6105,-36.0589
-72.5105,-36.0589
-72.4105,-36.0589
-72.3105,-36.0589
-72.2105,-36.0589
-72.1105,-36.0589
-72.0105,-36.0589
-71.9105,-36.0589
-71.8105,-36.0589
-71.7105,-36.0589
-71.6105,-36.0589
-71.5105,-36.0589
-71.4105,-36.0589
-71.3105,-36.0589
-71.2105,-36.0589
-71.1105,-36.0589
-71.0105,-36.0589
-70.9105,-36.0589
-70.8105,-36.0589
-70.7105,-36.0589
-70.6105,-36.0589
-70.5105,-36.0589
-70.4105,-36.0589
-70.3105,-36.0589
-70.2105,-36.0589
-70.1105,-36.0589
-70.0105,-36.0589
-69.9105,-36.0589
-69.8105,-36.0589
-69.7105,-36.0589
-69.6105,-36.0589
-69.5105,-36.0589
-69.4105,-36.0589
-69.3105,-36.0589
-69.2105,-36.0589
-69.1105,-36.0589
-69.0105,-36.0589
-74.7105,-36.1589
-74.6105,-36.1589
-74.5105,-36.1589
-74.4105,-36.1589
-74.3105,-36.1589
-74.2105,-36.1589
-74.1105,-36.1589
-74.0105,-36.1589
-73.9105,-36.1589
-73.8105,-36.1589
-73.7105,-36.1589
-73.6105,-36.1589
-73.5105,-36.1589
-73.4105,-36.1589
-73.3105,-36.1589
-73.2105,-36.1589
-73.1105,-36.1589
-73.0105,-36.1589
-72.9105,-36.1589
-72.8105,-36.1589
-72.7105,-36.1589
-72.6105,-36.1589
-72.5105,-36.1589
-72.4105,-36.1589
-72.3105,-36.1589
-72.2105,-36.1589
-72.1105,-36.1589
-72.0105,-36.1589
-71.9105,-36.1589
-71.8105,-36.1589
-71.7105,-36.1589
-71.6105,-36.1589
-71.5105,-36.1589
-71.4105,-36.1589
-71.3105,-36.1589
-71.2105,-36.1589
-71.1105,-36.1589
-71.0105,-36.1589
-70.9105,-36.1589
-70.8105,-36.1589
-70.7105,-36.1589
-70.6105,-36.1589
-70.5105,-36.1589
-70.4105,-36.1589
-70.3105,-36.1589
-70.2105,-36.1589
-70.1105,-36.1589
-70.0105,-36.1589
-69.9105,-36.1589
-69.8105,-36.1589
-69.7105,-36.1589
-69.6105,-36.1589
-69.5105,-36.1589
-69.4105,-36.1589
-69.3105,-36.1589
-69.2105,-36.1589
-69.1105,-36.1589
-69.0105,-36.1589
-74.7105,-36.2589
-74.6105,-36.2589
-74.5105,-36.2589
-74.4105,-36.2589
-74.3105,-36.2589
-74.2105,-36.2589
-74.1105,-36.2589
-74.0105,-36.2589
-73.9105,-36.2589
-73.8105,-36.2589
-73.7105,-36.2589
-73.6105,-36.2589
-73.5105,-36.2589
-73.4105,-36.2589
-73.3105,-36.2589
-73.2105,-36.2589
-73.1105,-36.2589
-73.0105,-36.2589
-72.9105,-36.2589
-72.8105,-36.2589
-72.7105,-36.2589
-72.6105,-36.2589
-72.5105,-36.2589
-72.4105,-36.2589
-72.3105,-36.2589
-72.2105,-36.2589
-72.1105,-36.2589
-72.0105,-36.2589
-71.9105,-36.2589
-71.8105,-36.2589
-71.7105,-36.2589
-71.6105,-36.2589
-71.5105,-36.2589
-71.4105,-36.2589
-71.3105,-36.2589
-71.2105,-36.2589
-71.1105,-36.2589
-71.0105,-36.2589
-70.9105,-36.2589
-70.8105,-36.2589
-70.7105,-36.2589
-70.6105,-36.2589
-70.5105,-36.2589
-70.4105,-36.2589
-70.3105,-36.2589
-70.2105,-36.2589
-70.1105,-36.2589
-70.0105,-36.2589
-69.9105,-36.2589
-69.8105,-36.2589
-69.7105,-36.2589
-69.6105,-36.2589
-69.5105,-36.2589
-69.4105,-36.2589
-69.3105,-36.2589
-69.2105,-36.2589
-69.1105,-36.2589
-69.0105,-36.2589
-74.8105,-36.3589
-74.7105,-36.3589
-74.6105,-36.3589
-74.5105,-36.3589
-74.4105,-36.3589
-74.3105,-36.3589
-74.2105,-36.3589
-74.1105,-36.3589
-74.0105,-36.3589
-73.9105,-36.3589
-73.8105,-36.3589
-73.7105,-36.3589
-73.6105,-36.3589
-73.5105,-36.3589
-73.4105,-36.3589
-73.3105,-36.3589
-73.2105,-36.3589
-73.1105,-36.3589
-73.0105,-36.3589
-72.9105,-36.3589
-72.8105,-36.3589
-72.7105,-36.3589
-72.6105,-36.3589
-72.5105,-36.3589
-72.4105,-36.3589
-72.3105,-36.3589
-72.2105,-36.3589
-72.1105,-36.3589
-72.0105,-36.3589
-71.9105,-36.3589
-71.8105,-36.3589
-71.7105,-36.3589
-71.6105,-36.3589
-71.5105,-36.3589
-71.4105,-36.3589
-71.3105,-36.3589
-71.2105,-36.3589
-71.1105,-36.3589
-71.0105,-36.3589
-70.9105,-36.3589
-70.8105,-36.3589
-70.7105,-36.3589
-70.6105,-36.3589
-70.5105,-36.3589
-70.4105,-36.3589
-70.3105,-36.3589
-70.2105,-36.3589
-70.1105,-36.3589
-70.0105,-36.3589
-69.9105,-36.3589
-69.8105,-36.3589
-69.7105,-36.3589
-69.6105,-36.3589
-69.5105,-36.3589
-69.4105,-36.3589
-69.3105,-36.3589
-69.2105,-36.3589
-69.1105,-36.3589
-69.0105,-36.3589
-74.9105,-36.4589
-74.8105,-36.4589
-74.7105,-36.4589
-74.6105,-36.4589
-74.5105,-36.4589
-74.4105,-36.4589
-74.3105,-36.4589
-74.2105,-36.4589
-74.1105,-36.4589
-74.0105,-36.4589
-73.9105,-36.4589
-73.8105,-36.4589
-73.7105,-36.4589
-73.6105,-36.4589
-73.5105,-36.4589
-73.4105,-36.4589
-73.3105,-36.4589
-73.2105,-36.4589
-73.1105,-36.4589
-73.0105,-36.4589
-72.9105,-36.4589
-72.8105,-36.4589
-72.7105,-36.4589
-72.6105,-36.4589
-72.5105,-36.4589
-72.4105,-36.4589
-72.3105,-36.4589
-72.2105,-36.4589
-72.1105,-36.4589
-72.0105,-36.4589
-71.9105,-36.4589
-71.8105,-36.4589
-71.7105,-36.4589
-71.6105,-36.4589
-71.5105,-36.4589
-71.4105,-36.4589
-71.3105,-36.4589
-71.2105,-36.4589
-71.1105,-36.4589
-71.0105,-36.4589
-70.9105,-36.4589
-70.8105,-36.4589
-70.7105,-36.4589
-70.6105,-36.4589
-70.5105,-36.4589
-70.4105,-36.4589
-70.3105,-36.4589
-70.2105,-36.4589
-70.1105,-36.4589
-70.0105,-36.4589
-69.9105,-36.4589
-69.8105,-36.4589
-69.7105,-36.4589
-69.6105,-36.4589
-69.5105,-36.4589
-69.4105,-36.4589
-69.3105,-36.4589
-69.2105,-36.4589
-69.1105,-36.4589
-74.9105,-36.5589
-74.8105,-36.5589
-74.7105,-36.5589
-74.6105,-36.5589
-74.5105,-36.5589
-74.4105,-36.5589
-74.3105,-36.5589
-74.2105,-36.5589
-74.1105,-36.5589
-74.0105,-36.5589
-73.9105,-36.5589
-73.8105,-36.5589
-73.7105,-36.5589
-73.6105,-36.5589
-73.5105,-36.5589
-73.4105,-36.5589
-73.3105,-36.5589
-73.2105,-36.5589
-73.1105,-36.5589
-73.0105,-36.5589
-72.9105,-36.5589
-72.8105,-36.5589
-72.7105,-36.5589
-72.6105,-36.5589
-72.5105,-36.5589
-72.4105,-36.5589
-72.3105,-36.5589
-72.2105,-36.5589
-72.1105,-36.5589
-72.0105,-36.5589
-71.9105,-36.5589
-71.8105,-36.5589
-71.7105,-36.5589
-71.6105,-36.5589
-71.5105,-36.5589
-71.4105,-36.5589
-71.3105,-36.5589
-71.2105,-36.5589
-71.1105,-36.5589
-71.0105,-36.5589
-70.9105,-36.5589
-70.8105,-36.5589
-70.7105,-36.5589
-70.6105,-36.5589
-70.5105,-36.5589
-70.4105,-36.5589
-70.3105,-36.5589
-70.2105,-36.5589
-70.1105,-36.5589
-70.0105,-36.5589
-69.9105,-36.5589
-69.8105,-36.5589
-69.7105,-36.5589
-69.6105,-36.5589
-69.5105,-36.5589
-69.4105,-36.5589
-69.3105,-36.5589
-69.2105,-36.5589
-69.1105,-36.5589
-75.0105,-36.6589
-74.9105,-36.6589
-74.8105,-36.6589
-74.7105,-36.6589
-74.6105,-36.6589
-74.5105,-36.6589
-74.4105,-36.6589
-74.3105,-36.6589
-74.2105,-36.6589
-74.1105,-36.6589
-74.0105,-36.6589
-73.9105,-36.6589
-73.8105,-36.6589
-73.7105,-36.6589
-73.6105,-36.6589
-73.5105,-36.6589
-73.4105,-36.6589
-73.3105,-36.6589
-73.2105,-36.6589
-73.1105,-36.6589
-73.0105,-36.6589
-72.9105,-36.6589
-72.8105,-36.6589
-72.7105,-36.6589
-72.6105,-36.6589
-72.5105,-36.6589
-72.4105,-36.6589
-72.3105,-36.6589
-72.2105,-36.6589
-72.1105,-36.6589
-72.0105,-36.6589
-71.9105,-36.6589
-71.8105,-36.6589
-71.7105,-36.6589
-71.6105,-36.6589
-71.5105,-36.6589
-71.4105,-36.6589
-71.3105,-36.6589
-71.2105,-36.6589
-71.1105,-36.6589
-71.0105,-36.6589
-70.9105,-36.6589
-70.8105,-36.6589
-70.7105,-36.6589
-70.6105,-36.6589
-70.5105,-36.6589
-70.4105,-36.6589
-70.3105,-36.6589
-70.2105,-36.6589
-70.1105,-36.6589
-70.0105,-36.6589
-69.9105,-36.6589
-69.8105,-36.6589
-69.7105,-36.6589
-69.6105,-36.6589
-69.5105,-36.6589
-69.4105,-36.6589
-69.3105,-36.6589
-69.2105,-36.6589
-69.1105,-36.6589
-75.0105,-36.7589
-74.9105,-36.7589
-74.8105,-36.7589
-74.7105,-36.7589
-74.6105,-36.7589
-74.5105,-36.7589
-74.4105,-36.7589
-74.3105,-36.7589
-74.2105,-36.7589
-74.1105,-36.7589
-74.0105,-36.7589
-73.9105,-36.7589
-73.8105,-36.7589
-73.7105,-36.7589
-73.6105,-36.7589
-73.5105,-36.7589
-73.4105,-36.7589
-73.3105,-36.7589
-73.2105,-36.7589
-73.1105,-36.7589
-73.0105,-36.7589
-72.9105,-36.7589
-72.8105,-36.7589
-72.7105,-36.7589
-72.6105,-36.7589
-72.5105,-36.7589
-72.4105,-36.7589
-72.3105,-36.7589
-72.2105,-36.7589
-72.1105,-36.7589
-72.0105,-36.7589
-71.9105,-36.7589
-71.8105,-36.7589
-71.7105,-36.7589
-71.6105,-36.7589
-71.5105,-36.7589
-71.4105,-36.7589
-71.3105,-36.7589
-71.2105,-36.7589
-71.1105,-36.7589
-71.0105,-36.7589
-70.9105,-36.7589
-70.8105,-36.7589
-70.7105,-36.7589
-70.6105,-36.7589
-70.5105,-36.7589
-70.4105,-36.7589
-70.3105,-36.7589
-70.2105,-36.7589
-70.1105,-36.7589
-70.0105,-36.7589
-69.9105,-36.7589
-69.8105,-36.7589
-69.7105,-36.7589
-69.6105,-36.7589
-69.5105,-36.7589
-69.4105,-36.7589
-69.3105,-36.7589
-69.2105,-36.7589
-69.1105,-36.7589
-75.0105,-36.8589
-74.9105,-36.8589
-74.8105,-36.8589
-74.7105,-36.8589
-74.6105,-36.8589
-74.5105,-36.8589
-74.4105,-36.8589
-74.3105,-36.8589
-74.2105,-36.8589
-74.1105,-36.8589
-74.0105,-36.8589
-73.9105,-36.8589
-73.8105,-36.8589
-73.7105,-36.8589
-73.6105,-36.8589
-73.5105,-36.8589
-73.4105,-36.8589
-73.3105,-36.8589
-73.2105,-36.8589
-73.1105,-36.8589
-73.0105,-36.8589
-72.9105,-36.8589
-72.8105,-36.8589
-72.7105,-36.8589
-72.6105,-36.8589
-72.5105,-36.8589
-72.4105,-36.8589
-72.3105,-36.8589
-72.2105,-36.8589
-72.1105,-36.8589
-72.0105,-36.8589
-71.9105,-36.8589
-71.8105,-36.8589
-71.7105,-36.8589
-71.6105,-36.8589
-71.5105,-36.8589
-71.4105,-36.8589
-71.3105,-36.8589
-71.2105,-36.8589
-71.1105,-36.8589
-71.0105,-36.8589
-70.9105,-36.8589
-70.8105,-36.8589
-70.7105,-36.8589
-70.6105,-36.8589
-70.5105,-36.8589
-70.4105,-36.8589
-70.3105,-36.8589
-70.2105,-36.8589
-70.1105,-36.8589
-70.0105,-36.8589
-69.9105,-36.8589
-69.8105,-36.8589
-69.7105,-36.8589
-69.6105,-36.8589
-69.5105,-36.8589
-69.4105,-36.8589
-69.3105,-36.8589
-69.2105,-36.8589
-75.1105,-36.9589
-75.0105,-36.9589
-74.9105,-36.9589
-74.8105,-36.9589
-74.7105,-36.9589
-74.6105,-36.9589
-74.5105,-36.9589
-74.4105,-36.9589
-74.3105,-36.9589
-74.2105,-36.9589
-74.1105,-36.9589
-74.0105,-36.9589
-73.9105,-36.9589
-73.8105,-36.9589
-73.7105,-36.9589
-73.6105,-36.9589
-73.5105,-36.9589
-73.4105,-36.9589
-73.3105,-36.9589
-73.2105,-36.9589
-73.1105,-36.9589
-73.0105,-36.9589
-72.9105,-36.9589
-72.8105,-36.9589
-72.7105,-36.9589
-72.6105,-36.9589
-72.5105,-36.9589
-72.4105,-36.9589
-72.3105,-36.9589
-72.2105,-36.9589
-72.1105,-36.9589
-72.0105,-36.9589
-71.9105,-36.9589
-71.8105,-36.9589
-71.7105,-36.9589
-71.6105,-36.9589
-71.5105,-36.9589
-71.4105,-36.9589
-71.3105,-36.9589
-71.2105,-36.9589
-71.1105,-36.9589
-71.0105,-36.9589
-70.9105,-36.9589
-70.8105,-36.9589
-70.7105,-36.9589
-70.6105,-36.9589
-70.5105,-36.9589
-70.4105,-36.9589
-70.3105,-36.9589
-70.2105,-36.9589
-70.1105,-36.9589
-70.0105,-36.9589
-69.9105,-36.9589
-69.8105,-36.9589
-69.7105,-36.9589
-69.6105,-36.9589
-69.5105,-36.9589
-69.4105,-36.9589
-69.3105,-36.9589
-69.2105,-36.9589
-75.1105,-37.0589
-75.0105,-37.0589
-74.9105,-37.0589
-74.8105,-37.0589
-74.7105,-37.0589
-74.6105,-37.0589
-74.5105,-37.0589
-74.4105,-37.0589
-74.3105,-37.0589
-74.2105,-37.0589
-74.1105,-37.0589
-74.0105,-37.0589
-73.9105,-37.0589
-73.8105,-37.0589
-73.7105,-37.0589
-73.6105,-37.0589
-73.5105,-37.0589
-73.4105,-37.0589
-73.3105,-37.0589
-73.2105,-37.0589
-73.1105,-37.0589
-73.0105,-37.0589
-72.9105,-37.0589
-72.8105,-37.0589
-72.7105,-37.0589
-72.6105,-37.0589
-72.5105,-37.0589
-72.4105,-37.0589
-72.3105,-37.0589
-72.2105,-37.0589
-72.1105,-37.0589
-72.0105,-37.0589
-71.9105,-37.0589
-71.8105,-37.0589
-71.7105,-37.0589
-71.6105,-37.0589
-71.5105,-37.0589
-71.4105,-37.0589
-71.3105,-37.0589
-71.2105,-37.0589
-71.1105,-37.0589
-71.0105,-37.0589
-70.9105,-37.0589
-70.8105,-37.0589
-70.7105,-37.0589
-70.6105,-37.0589
-70.5105,-37.0589
-70.4105,-37.0589
-70.3105,-37.0589
-70.2105,-37.0589
-70.1105,-37.0589
-70.0105,-37.0589
-69.9105,-37.0589
-69.8105,-37.0589
-69.7105,-37.0589
-69.6105,-37.0589
-69.5105,-37.0589
-69.4105,-37.0589
-69.3105,-37.0589
-75.1105,-37.1589
-75.0105,-37.1589
-74.9105,-37.1589
-74.8105,-37.1589
-74.7105,-37.1589
-74.6105,-37.1589
-74.5105,-37.1589
-74.4105,-37.1589
-74.3105,-37.1589
-74.2105,-37.1589
-74.1105,-37.1589
-74.0105,-37.1589
-73.9105,-37.1589
-73.8105,-37.1589
-73.7105,-37.1589
-73.6105,-37.1589
-73.5105,-37.1589
-73.4105,-37.1589
-73.3105,-37.1589
-73.2105,-37.1589
-73.1105,-37.1589
-73.0105,-37.1589
-72.9105,-37.1589
-72.8105,-37.1589
-72.7105,-37.1589
-72.6105,-37.1589
-72.5105,-37.1589
-72.4105,-37.1589
-72.3105,-37.1589
-72.2105,-37.1589
-72.1105,-37.1589
-72.0105,-37.1589
-71.9105,-37.1589
-71.8105,-37.1589
-71.7105,-37.1589
-71.6105,-37.1589
-71.5105,-37.1589
-71.4105,-37.1589
-71.3105,-37.1589
-71.2105,-37.1589
-71.1105,-37.1589
-71.0105,-37.1589
-70.9105,-37.1589
-70.8105,-37.1589
-70.7105,-37.1589
-70.6105,-37.1589
-70.5105,-37.1589
-70.4105,-37.1589
-70.3105,-37.1589
-70.2105,-37.1589
-70.1105,-37.1589
-70.0105,-37.1589
-69.9105,-37.1589
-69.8105,-37.1589
-69.7105,-37.1589
-69.6105,-37.1589
-69.5105,-37.1589
-69.4105,-37.1589
-75.1105,-37.2589
-75.0105,-37.2589
-74.9105,-37.2589
-74.8105,-37.2589
-74.7105,-37.2589
-74.6105,-37.2589
-74.5105,-37.2589
-74.4105,-37.2589
-74.3105,-37.2589
-74.2105,-37.2589
-74.1105,-37.2589
-74.0105,-37.2589
-73.9105,-37.2589
-73.8105,-37.2589
-73.7105,-37.2589
-73.6105,-37.2589
-73.5105,-37.2589
-73.4105,-37.2589
-73.3105,-37.2589
-73.2105,-37.2589
-73.1105,-37.2589
-73.0105,-37.2589
-72.9105,-37.2589
-72.8105,-37.2589
-72.7105,-37.2589
-72.6105,-37.2589
-72.5105,-37.2589
-72.4105,-37.2589
-72.3105,-37.2589
-72.2105,-37.2589
-72.1105,-37.2589
-72.0105,-37.2589
-71.9105,-37.2589
-71.8105,-37.2589
-71.7105,-37.2589
-71.6105,-37.2589
-71.5105,-37.2589
-71.4105,-37.2589
-71.3105,-37.2589
-71.2105,-37.2589
-71.1105,-37.2589
-71.0105,-37.2589
-70.9105,-37.2589
-70.8105,-37.2589
-70.7105,-37.2589
-70.6105,-37.2589
-70.5105,-37.2589
-70.4105,-37.2589
-70.3105,-37.2589
-70.2105,-37.2589
-70.1105,-37.2589
-70.0105,-37.2589
-69.9105,-37.2589
-69.8105,-37.2589
-69.7105,-37.2589
-69.6105,-37.2589
-69.5105,-37.2589
-75.1105,-37.3589
-75.0105,-37.3589
-74.9105,-37.3589
-74.8105,-37.3589
-74.7105,-37.3589
-74.6105,-37.3589
-74.5105,-37.3589
-74.4105,-37.3589
-74.3105,-37.3589
-74.2105,-37.3589
-74.1105,-37.3589
-74.0105,-37.3589
-73.9105,-37.3589
-73.8105,-37.3589
-73.7105,-37.3589
-73.6105,-37.3589
-73.5105,-37.3589
-73.4105,-37.3589
-73.3105,-37.3589
-73.2105,-37.3589
-73.1105,-37.3589
-73.0105,-37.3589
-72.9105,-37.3589
-72.8105,-37.3589
-72.7105,-37.3589
-72.6105,-37.3589
-72.5105,-37.3589
-72.4105,-37.3589
-72.3105,-37.3589
-72.2105,-37.3589
-72.1105,-37.3589
-72.0105,-37.3589
-71.9105,-37.3589
-71.8105,-37.3589
-71.7105,-37.3589
-71.6105,-37.3589
-71.5105,-37.3589
-71.4105,-37.3589
-71.3105,-37.3589
-71.2105,-37.3589
-71.1105,-37.3589
-71.0105,-37.3589
-70.9105,-37.3589
-70.8105,-37.3589
-70.7105,-37.3589
-70.6105,-37.3589
-70.5105,-37.3589
-70.4105,-37.3589
-70.3105,-37.3589
-70.2105,-37.3589
-70.1105,-37.3589
-70.0105,-37.3589
-69.9105,-37.3589
-69.8105,-37.3589
-69.7105,-37.3589
-69.6105,-37.3589
-75.1105,-37.4589
-75.0105,-37.4589
-74.9105,-37.4589
-74.8105,-37.4589
-74.7105,-37.4589
-74.6105,-37.4589
-74.5105,-37.4589
-74.4105,-37.4589
-74.3105,-37.4589
-74.2105,-37.4589
-74.1105,-37.4589
-74.0105,-37.4589
-73.9105,-37.4589
-73.8105,-37.4589
-73.7105,-37.4589
-73.6105,-37.4589
-73.5105,-37.4589
-73.4105,-37.4589
-73.3105,-37.4589
-73.2105,-37.4589
-73.1105,-37.4589
-73.0105,-37.4589
-72.9105,-37.4589
-72.8105,-37.4589
-72.7105,-37.4589
-72.6105,-37.4589
-72.5105,-37.4589
-72.4105,-37.4589
-72.3105,-37.4589
-72.2105,-37.4589
-72.1105,-37.4589
-72.0105,-37.4589
-71.9105,-37.4589
-71.8105,-37.4589
-71.7105,-37.4589
-71.6105,-37.4589
-71.5105,-37.4589
-71.4105,-37.4589
-71.3105,-37.4589
-71.2105,-37.4589
-71.1105,-37.4589
-71.0105,-37.4589
-70.9105,-37.4589
-70.8105,-37.4589
-70.7105,-37.4589
-70.6105,-37.4589
-70.5105,-37.4589
-70.4105,-37.4589
-70.3105,-37.4589
-70.2105,-37.4589
-70.1105,-37.4589
-70.0105,-37.4589
-69.9105,-37.4589
-69.8105,-37.4589
-69.7105,-37.4589
-75.1105,-37.5589
-75.0105,-37.5589
-74.9105,-37.5589
-74.8105,-37.5589
-74.7105,-37.5589
-74.6105,-37.5589
-74.5105,-37.5589
-74.4105,-37.5589
-74.3105,-37.5589
-74.2105,-37.5589
-74.1105,-37.5589
-74.0105,-37.5589
-73.9105,-37.5589
-73.8105,-37.5589
-73.7105,-37.5589
-73.6105,-37.5589
-73.5105,-37.5589
-73.4105,-37.5589
-73.3105,-37.5589
-73.2105,-37.5589
-73.1105,-37.5589
-73.0105,-37.5589
-72.9105,-37.5589
-72.8105,-37.5589
-72.7105,-37.5589
-72.6105,-37.5589
-72.5105,-37.5589
-72.4105,-37.5589
-72.3105,-37.5589
-72.2105,-37.5589
-72.1105,-37.5589
-72.0105,-37.5589
-71.9105,-37.5589
-71.8105,-37.5589
-71.7105,-37.5589
-71.6105,-37.5589
-71.5105,-37.5589
-71.4105,-37.5589
-71.3105,-37.5589
-71.2105,-37.5589
-71.1105,-37.5589
-71.0105,-37.5589
-70.9105,-37.5589
-70.8105,-37.5589
-70.7105,-37.5589
-70.6105,-37.5589
-70.5105,-37.5589
-70.4105,-37.5589
-70.3105,-37.5589
-70.2105,-37.5589
-70.1105,-37.5589
-70.0105,-37.5589
-69.9105,-37.5589
-69.8105,-37.5589
-69.7105,-37.5589
-75.1105,-37.6589
-75.0105,-37.6589
-74.9105,-37.6589
-74.8105,-37.6589
-74.7105,-37.6589
-74.6105,-37.6589
-74.5105,-37.6589
-74.4105,-37.6589
-74.3105,-37.6589
-74.2105,-37.6589
-74.1105,-37.6589
-74.0105,-37.6589
-73.9105,-37.6589
-73.8105,-37.6589
-73.7105,-37.6589
-73.6105,-37.6589
-73.5105,-37.6589
-73.4105,-37.6589
-73.3105,-37.6589
-73.2105,-37.6589
-73.1105,-37.6589
-73.0105,-37.6589
-72.9105,-37.6589
-72.8105,-37.6589
-72.7105,-37.6589
-72.6105,-37.6589
-72.5105,-37.6589
-72.4105,-37.6589
-72.3105,-37.6589
-72.2105,-37.6589
-72.1105,-37.6589
-72.0105,-37.6589
-71.9105,-37.6589
-71.8105,-37.6589
-71.7105,-37.6589
-71.6105,-37.6589
-71.5105,-37.6589
-71.4105,-37.6589
-71.3105,-37.6589
-71.2105,-37.6589
-71.1105,-37.6589
-71.0105,-37.6589
-70.9105,-37.6589
-70.8105,-37.6589
-70.7105,-37.6589
-70.6105,-37.6589
-70.5105,-37.6589
-70.4105,-37.6589
-70.3105,-37.6589
-70.2105,-37.6589
-70.1105,-37.6589
-70.0105,-37.6589
-69.9105,-37.6589
-69.8105,-37.6589
-69.7105,-37.6589
-69.6105,-37.6589
-75.1105,-37.7589
-75.0105,-37.7589
-74.9105,-37.7589
-74.8105,-37.7589
-74.7105,-37.7589
-74.6105,-37.7589
-74.5105,-37.7589
-74.4105,-37.7589
-74.3105,-37.7589
-74.2105,-37.7589
-74.1105,-37.7589
-74.0105,-37.7589
-73.9105,-37.7589
-73.8105,-37.7589
-73.7105,-37.7589
-73.6105,-37.7589
-73.5105,-37.7589
-73.4105,-37.7589
-73.3105,-37.7589
-73.2105,-37.7589
-73.1105,-37.7589
-73.0105,-37.7589
-72.9105,-37.7589
-72.8105,-37.7589
-72.7105,-37.7589
-72.6105,-37.7589
-72.5105,-37.7589
-72.4105,-37.7589
-72.3105,-37.7589
-72.2105,-37.7589
-72.1105,-37.7589
-72.0105,-37.7589
-71.9105,-37.7589
-71.8105,-37.7589
-71.7105,-37.7589
-71.6105,-37.7589
-71.5105,-37.7589
-71.4105,-37.7589
-71.3105,-37.7589
-71.2105,-37.7589
-71.1105,-37.7589
-71.0105,-37.7589
-70.9105,-37.7589
-70.8105,-37.7589
-70.7105,-37.7589
-70.6105,-37.7589
-70.5105,-37.7589
-70.4105,-37.7589
-70.3105,-37.7589
-70.2105,-37.7589
-70.1105,-37.7589
-70.0105,-37.7589
-69.9105,-37.7589
-69.8105,-37.7589
-69.7105,-37.7589
-69.6105,-37.7589
-75.1105,-37.8589
-75.0105,-37.8589
-74.9105,-37.8589
-74.8105,-37.8589
-74.7105,-37.8589
-74.6105,-37.8589
-74.5105,-37.8589
-74.4105,-37.8589
-74.3105,-37.8589
-74.2105,-37.8589
-74.1105,-37.8589
-74.0105,-37.8589
-73.9105,-37.8589
-73.8105,-37.8589
-73.7105,-37.8589
-73.6105,-37.8589
-73.5105,-37.8589
-73.4105,-37.8589
-73.3105,-37.8589
-73.2105,-37.8589
-73.1105,-37.8589
-73.0105,-37.8589
-72.9105,-37.8589
-72.8105,-37.8589
-72.7105,-37.8589
-72.6105,-37.8589
-72.5105,-37.8589
-72.4105,-37.8589
-72.3105,-37.8589
-72.2105,-37.8589
-72.1105,-37.8589
-72.0105,-37.8589
-71.9105,-37.8589
-71.8105,-37.8589
-71.7105,-37.8589
-71.6105,-37.8589
-71.5105,-37.8589
-71.4105,-37.8589
-71.3105,-37.8589
-71.2105,-37.8589
-71.1105,-37.8589
-71.0105,-37.8589
-70.9105,-37.8589
-70.8105,-37.8589
-70.7105,-37.8589
-70.6105,-37.8589
-70.5105,-37.8589
-70.4105,-37.8589
-70.3105,-37.8589
-70.2105,-37.8589
-70.1105,-37.8589
-70.0105,-37.8589
-69.9105,-37.8589
-69.8105,-37.8589
-69.7105,-37.8589
-69.6105,-37.8589
-75.1105,-37.9589
-75.0105,-37.9589
-74.9105,-37.9589
-74.8105,-37.9589
-74.7105,-37.9589
-74.6105,-37.9589
-74.5105,-37.9589
-74.4105,-37.9589
-74.3105,-37.9589
-74.2105,-37.9589
-74.1105,-37.9589
-74.0105,-37.9589
-73.9105,-37.9589
-73.8105,-37.9589
-73.7105,-37.9589
-73.6105,-37.9589
-73.5105,-37.9589
-73.4105,-37.9589
-73.3105,-37.9589
-73.2105,-37.9589
-73.1105,-37.9589
-73.0105,-37.9589
-72.9105,-37.9589
-72.8105,-37.9589
-72.7105,-37.9589
-72.6105,-37.9589
-72.5105,-37.9589
-72.4105,-37.9589
-72.3105,-37.9589
-72.2105,-37.9589
-72.1105,-37.9589
-72.0105,-37.9589
-71.9105,-37.9589
-71.8105,-37.9589
-71.7105,-37.9589
-71.6105,-37.9589
-71.5105,-37.9589
-71.4105,-37.9589
-71.3105,-37.9589
-71.2105,-37.9589
-71.1105,-37.9589
-71.0105,-37.9589
-70.9105,-37.9589
-70.8105,-37.9589
-70.7105,-37.9589
-70.6105,-37.9589
-70.5105,-37.9589
-70.4105,-37.9589
-70.3105,-37.9589
-70.2105,-37.9589
-70.1105,-37.9589
-70.0105,-37.9589
-69.9105,-37.9589
-69.8105,-37.9589
-69.7105,-37.9589
-69.6105,-37.9589
-69.5105,-37.9589
-75.3105,-38.0589
-75.2105,-38.0589
-75.1105,-38.0589
-75.0105,-38.0589
-74.9105,-38.0589
-74.8105,-38.0589
-74.7105,-38.0589
-74.6105,-38.0589
-74.5105,-38.0589
-74.4105,-38.0589
-74.3105,-38.0589
-74.2105,-38.0589
-74.1105,-38.0589
-74.0105,-38.0589
-73.9105,-38.0589
-73.8105,-38.0589
-73.7105,-38.0589
-73.6105,-38.0589
-73.5105,-38.0589
-73.4105,-38.0589
-73.3105,-38.0589
-73.2105,-38.0589
-73.1105,-38.0589
-73.0105,-38.0589
-72.9105,-38.0589
-72.8105,-38.0589
-72.7105,-38.0589
-72.6105,-38.0589
-72.5105,-38.0589
-72.4105,-38.0589
-72.3105,-38.0589
-72.2105,-38.0589
-72.1105,-38.0589
-72.0105,-38.0589
-71.9105,-38.0589
-71.8105,-38.0589
-71.7105,-38.0589
-71.6105,-38.0589
-71.5105,-38.0589
-71.4105,-38.0589
-71.3105,-38.0589
-71.2105,-38.0589
-71.1105,-38.0589
-71.0105,-38.0589
-70.9105,-38.0589
-70.8105,-38.0589
-70.7105,-38.0589
-70.6105,-38.0589
-70.5105,-38.0589
-70.4105,-38.0589
-70.3105,-38.0589
-70.2105,-38.0589
-70.1105,-38.0589
-70.0105,-38.0589
-69.9105,-38.0589
-69.8105,-38.0589
-69.7105,-38.0589
-69.6105,-38.0589
-69.5105,-38.0589
-75.4105,-38.1589
-75.3105,-38.1589
-75.2105,-38.1589
-75.1105,-38.1589
-75.0105,-38.1589
-74.9105,-38.1589
-74.8105,-38.1589
-74.7105,-38.1589
-74.6105,-38.1589
-74.5105,-38.1589
-74.4105,-38.1589
-74.3105,-38.1589
-74.2105,-38.1589
-74.1105,-38.1589
-74.0105,-38.1589
-73.9105,-38.1589
-73.8105,-38.1589
-73.7105,-38.1589
-73.6105,-38.1589
-73.5105,-38.1589
-73.4105,-38.1589
-73.3105,-38.1589
-73.2105,-38.1589
-73.1105,-38.1589
-73.0105,-38.1589
-72.9105,-38.1589
-72.8105,-38.1589
-72.7105,-38.1589
-72.6105,-38.1589
-72.5105,-38.1589
-72.4105,-38.1589
-72.3105,-38.1589
-72.2105,-38.1589
-72.1105,-38.1589
-72.0105,-38.1589
-71.9105,-38.1589
-71.8105,-38.1589
-71.7105,-38.1589
-71.6105,-38.1589
-71.5105,-38.1589
-71.4105,-38.1589
-71.3105,-38.1589
-71.2105,-38.1589
-71.1105,-38.1589
-71.0105,-38.1589
-70.9105,-38.1589
-70.8105,-38.1589
-70.7105,-38.1589
-70.6105,-38.1589
-70.5105,-38.1589
-70.4105,-38.1589
-70.3105,-38.1589
-70.2105,-38.1589
-70.1105,-38.1589
-70.0105,-38.1589
-69.9105,-38.1589
-69.8105,-38.1589
-69.7105,-38.1589
-69.6105,-38.1589
-69.5105,-38.1589
-75.4105,-38.2589
-75.3105,-38.2589
-75.2105,-38.2589
-75.1105,-38.2589
-75.0105,-38.2589
-74.9105,-38.2589
-74.8105,-38.2589
-74.7105,-38.2589
-74.6105,-38.2589
-74.5105,-38.2589
-74.4105,-38.2589
-74.3105,-38.2589
-74.2105,-38.2589
-74.1105,-38.2589
-74.0105,-38.2589
-73.9105,-38.2589
-73.8105,-38.2589
-73.7105,-38.2589
-73.6105,-38.2589
-73.5105,-38.2589
-73.4105,-38.2589
-73.3105,-38.2589
-73.2105,-38.2589
-73.1105,-38.2589
-73.0105,-38.2589
-72.9105,-38.2589
-72.8105,-38.2589
-72.7105,-38.2589
-72.6105,-38.2589
-72.5105,-38.2589
-72.4105,-38.2589
-72.3105,-38.2589
-72.2105,-38.2589
-72.1105,-38.2589
-72.0105,-38.2589
-71.9105,-38.2589
-71.8105,-38.2589
-71.7105,-38.2589
-71.6105,-38.2589
-71.5105,-38.2589
-71.4105,-38.2589
-71.3105,-38.2589
-71.2105,-38.2589
-71.1105,-38.2589
-71.0105,-38.2589
-70.9105,-38.2589
-70.8105,-38.2589
-70.7105,-38.2589
-70.6105,-38.2589
-70.5105,-38.2589
-70.4105,-38.2589
-70.3105,-38.2589
-70.2105,-38.2589
-70.1105,-38.2589
-70.0105,-38.2589
-69.9105,-38.2589
-69.8105,-38.2589
-69.7105,-38.2589
-69.6105,-38.2589
-69.5105,-38.2589
-75.4105,-38.3589
-75.3105,-38.3589
-75.2105,-38.3589
-75.1105,-38.3589
-75.0105,-38.3589
-74.9105,-38.3589
-74.8105,-38.3589
-74.7105,-38.3589
-74.6105,-38.3589
-74.5105,-38.3589
-74.4105,-38.3589
-74.3105,-38.3589
-74.2105,-38.3589
-74.1105,-38.3589
-74.0105,-38.3589
-73.9105,-38.3589
-73.8105,-38.3589
-73.7105,-38.3589
-73.6105,-38.3589
-73.5105,-38.3589
-73.4105,-38.3589
-73.3105,-38.3589
-73.2105,-38.3589
-73.1105,-38.3589
-73.0105,-38.3589
-72.9105,-38.3589
-72.8105,-38.3589
-72.7105,-38.3589
-72.6105,-38.3589
-72.5105,-38.3589
-72.4105,-38.3589
-72.3105,-38.3589
-72.2105,-38.3589
-72.1105,-38.3589
-72.0105,-38.3589
-71.9105,-38.3589
-71.8105,-38.3589
-71.7105,-38.3589
-71.6105,-38.3589
-71.5105,-38.3589
-71.4105,-38.3589
-71.3105,-38.3589
-71.2105,-38.3589
-71.1105,-38.3589
-71.0105,-38.3589
-70.9105,-38.3589
-70.8105,-38.3589
-70.7105,-38.3589
-70.6105,-38.3589
-70.5105,-38.3589
-70.4105,-38.3589
-70.3105,-38.3589
-70.2105,-38.3589
-70.1105,-38.3589
-70.0105,-38.3589
-69.9105,-38.3589
-69.8105,-38.3589
-69.7105,-38.3589
-69.6105,-38.3589
-69.5105,-38.3589
-69.4105,-38.3589
-75.4105,-38.4589
-75.3105,-38.4589
-75.2105,-38.4589
-75.1105,-38.4589
-75.0105,-38.4589
-74.9105,-38.4589
-74.8105,-38.4589
-74.7105,-38.4589
-74.6105,-38.4589
-74.5105,-38.4589
-74.4105,-38.4589
-74.3105,-38.4589
-74.2105,-38.4589
-74.1105,-38.4589
-74.0105,-38.4589
-73.9105,-38.4589
-73.8105,-38.4589
-73.7105,-38.4589
-73.6105,-38.4589
-73.5105,-38.4589
-73.4105,-38.4589
-73.3105,-38.4589
-73.2105,-38.4589
-73.1105,-38.4589
-73.0105,-38.4589
-72.9105,-38.4589
-72.8105,-38.4589
-72.7105,-38.4589
-72.6105,-38.4589
-72.5105,-38.4589
-72.4105,-38.4589
-72.3105,-38.4589
-72.2105,-38.4589
-72.1105,-38.4589
-72.0105,-38.4589
-71.9105,-38.4589
-71.8105,-38.4589
-71.7105,-38.4589
-71.6105,-38.4589
-71.5105,-38.4589
-71.4105,-38.4589
-71.3105,-38.4589
-71.2105,-38.4589
-71.1105,-38.4589
-71.0105,-38.4589
-70.9105,-38.4589
-70.8105,-38.4589
-70.7105,-38.4589
-70.6105,-38.4589
-70.5105,-38.4589
-70.4105,-38.4589
-70.3105,-38.4589
-70.2105,-38.4589
-70.1105,-38.4589
-70.0105,-38.4589
-69.9105,-38.4589
-69.8105,-38.4589
-69.7105,-38.4589
-69.6105,-38.4589
-69.5105,-38.4589
-69.4105,-38.4589
-75.4105,-38.5589
-75.3105,-38.5589
-75.2105,-38.5589
-75.1105,-38.5589
-75.0105,-38.5589
-74.9105,-38.5589
-74.8105,-38.5589
-74.7105,-38.5589
-74.6105,-38.5589
-74.5105,-38.5589
-74.4105,-38.5589
-74.3105,-38.5589
-74.2105,-38.5589
-74.1105,-38.5589
-74.0105,-38.5589
-73.9105,-38.5589
-73.8105,-38.5589
-73.7105,-38.5589
-73.6105,-38.5589
-73.5105,-38.5589
-73.4105,-38.5589
-73.3105,-38.5589
-73.2105,-38.5589
-73.1105,-38.5589
-73.0105,-38.5589
-72.9105,-38.5589
-72.8105,-38.5589
-72.7105,-38.5589
-72.6105,-38.5589
-72.5105,-38.5589
-72.4105,-38.5589
-72.3105,-38.5589
-72.2105,-38.5589
-72.1105,-38.5589
-72.0105,-38.5589
-71.9105,-38.5589
-71.8105,-38.5589
-71.7105,-38.5589
-71.6105,-38.5589
-71.5105,-38.5589
-71.4105,-38.5589
-71.3105,-38.5589
-71.2105,-38.5589
-71.1105,-38.5589
-71.0105,-38.5589
-70.9105,-38.5589
-70.8105,-38.5589
-70.7105,-38.5589
-70.6105,-38.5589
-70.5105,-38.5589
-70.4105,-38.5589
-70.3105,-38.5589
-70.2105,-38.5589
-70.1105,-38.5589
-70.0105,-38.5589
-69.9105,-38.5589
-69.8105,-38.5589
-69.7105,-38.5589
-69.6105,-38.5589
-69.5105,-38.5589
-69.4105,-38.5589
-75.4105,-38.6589
-75.3105,-38.6589
-75.2105,-38.6589
-75.1105,-38.6589
-75.0105,-38.6589
-74.9105,-38.6589
-74.8105,-38.6589
-74.7105,-38.6589
-74.6105,-38.6589
-74.5105,-38.6589
-74.4105,-38.6589
-74.3105,-38.6589
-74.2105,-38.6589
-74.1105,-38.6589
-74.0105,-38.6589
-73.9105,-38.6589
-73.8105,-38.6589
-73.7105,-38.6589
-73.6105,-38.6589
-73.5105,-38.6589
-73.4105,-38.6589
-73.3105,-38.6589
-73.2105,-38.6589
-73.1105,-38.6589
-73.0105,-38.6589
-72.9105,-38.6589
-72.8105,-38.6589
-72.7105,-38.6589
-72.6105,-38.6589
-72.5105,-38.6589
-72.4105,-38.6589
-72.3105,-38.6589
-72.2105,-38.6589
-72.1105,-38.6589
-72.0105,-38.6589
-71.9105,-38.6589
-71.8105,-38.6589
-71.7105,-38.6589
-71.6105,-38.6589
-71.5105,-38.6589
-71.4105,-38.6589
-71.3105,-38.6589
-71.2105,-38.6589
-71.1105,-38.6589
-71.0105,-38.6589
-70.9105,-38.6589
-70.8105,-38.6589
-70.7105,-38.6589
-70.6105,-38.6589
-70.5105,-38.6589
-70.4105,-38.6589
-70.3105,-38.6589
-70.2105,-38.6589
-70.1105,-38.6589
-70.0105,-38.6589
-69.9105,-38.6589
-69.8105,-38.6589
-69.7105,-38.6589
-69.6105,-38.6589
-69.5105,-38.6589
-69.4105,-38.6589
-75.4105,-38.7589
-75.3105,-38.7589
-75.2105,-38.7589
-75.1105,-38.7589
-75.0105,-38.7589
-74.9105,-38.7589
-74.8105,-38.7589
-74.7105,-38.7589
-74.6105,-38.7589
-74.5105,-38.7589
-74.4105,-38.7589
-74.3105,-38.7589
-74.2105,-38.7589
-74.1105,-38.7589
-74.0105,-38.7589
-73.9105,-38.7589
-73.8105,-38.7589
-73.7105,-38.7589
-73.6105,-38.7589
-73.5105,-38.7589
-73.4105,-38.7589
-73.3105,-38.7589
-73.2105,-38.7589
-73.1105,-38.7589
-73.0105,-38.7589
-72.9105,-38.7589
-72.8105,-38.7589
-72.7105,-38.7589
-72.6105,-38.7589
-72.5105,-38.7589
-72.4105,-38.7589
-72.3105,-38.7589
-72.2105,-38.7589
-72.1105,-38.7589
-72.0105,-38.7589
-71.9105,-38.7589
-71.8105,-38.7589
-71.7105,-38.7589
-71.6105,-38.7589
-71.5105,-38.7589
-71.4105,-38.7589
-71.3105,-38.7589
-71.2105,-38.7589
-71.1105,-38.7589
-71.0105,-38.7589
-70.9105,-38.7589
-70.8105,-38.7589
-70.7105,-38.7589
-70.6105,-38.7589
-70.5105,-38.7589
-70.4105,-38.7589
-70.3105,-38.7589
-70.2105,-38.7589
-70.1105,-38.7589
-70.0105,-38.7589
-69.9105,-38.7589
-69.8105,-38.7589
-69.7105,-38.7589
-69.6105,-38.7589
-69.5105,-38.7589
-69.4105,-38.7589
-75.4105,-38.8589
-75.3105,-38.8589
-75.2105,-38.8589
-75.1105,-38.8589
-75.0105,-38.8589
-74.9105,-38.8589
-74.8105,-38.8589
-74.7105,-38.8589
-74.6105,-38.8589
-74.5105,-38.8589
-74.4105,-38.8589
-74.3105,-38.8589
-74.2105,-38.8589
-74.1105,-38.8589
-74.0105,-38.8589
-73.9105,-38.8589
-73.8105,-38.8589
-73.7105,-38.8589
-73.6105,-38.8589
-73.5105,-38.8589
-73.4105,-38.8589
-73.3105,-38.8589
-73.2105,-38.8589
-73.1105,-38.8589
-73.0105,-38.8589
-72.9105,-38.8589
-72.8105,-38.8589
-72.7105,-38.8589
-72.6105,-38.8589
-72.5105,-38.8589
-72.4105,-38.8589
-72.3105,-38.8589
-72.2105,-38.8589
-72.1105,-38.8589
-72.0105,-38.8589
-71.9105,-38.8589
-71.8105,-38.8589
-71.7105,-38.8589
-71.6105,-38.8589
-71.5105,-38.8589
-71.4105,-38.8589
-71.3105,-38.8589
-71.2105,-38.8589
-71.1105,-38.8589
-71.0105,-38.8589
-70.9105,-38.8589
-70.8105,-38.8589
-70.7105,-38.8589
-70.6105,-38.8589
-70.5105,-38.8589
-70.4105,-38.8589
-70.3105,-38.8589
-70.2105,-38.8589
-70.1105,-38.8589
-70.0105,-38.8589
-69.9105,-38.8589
-69.8105,-38.8589
-69.7105,-38.8589
-69.6105,-38.8589
-69.5105,-38.8589
-69.4105,-38.8589
-75.4105,-38.9589
-75.3105,-38.9589
-75.2105,-38.9589
-75.1105,-38.9589
-75.0105,-38.9589
-74.9105,-38.9589
-74.8105,-38.9589
-74.7105,-38.9589
-74.6105,-38.9589
-74.5105,-38.9589
-74.4105,-38.9589
-74.3105,-38.9589
-74.2105,-38.9589
-74.1105,-38.9589
-74.0105,-38.9589
-73.9105,-38.9589
-73.8105,-38.9589
-73.7105,-38.9589
-73.6105,-38.9589
-73.5105,-38.9589
-73.4105,-38.9589
-73.3105,-38.9589
-73.2105,-38.9589
-73.1105,-38.9589
-73.0105,-38.9589
-72.9105,-38.9589
-72.8105,-38.9589
-72.7105,-38.9589
-72.6105,-38.9589
-72.5105,-38.9589
-72.4105,-38.9589
-72.3105,-38.9589
-72.2105,-38.9589
-72.1105,-38.9589
-72.0105,-38.9589
-71.9105,-38.9589
-71.8105,-38.9589
-71.7105,-38.9589
-71.6105,-38.9589
-71.5105,-38.9589
-71.4105,-38.9589
-71.3105,-38.9589
-71.2105,-38.9589
-71.1105,-38.9589
-71.0105,-38.9589
-70.9105,-38.9589
-70.8105,-38.9589
-70.7105,-38.9589
-70.6105,-38.9589
-70.5105,-38.9589
-70.4105,-38.9589
-70.3105,-38.9589
-70.2105,-38.9589
-70.1105,-38.9589
-70.0105,-38.9589
-69.9105,-38.9589
-69.8105,-38.9589
-69.7105,-38.9589
-69.6105,-38.9589
-69.5105,-38.9589
-69.4105,-38.9589
-75.5105,-39.0589
-75.4105,-39.0589
-75.3105,-39.0589
-75.2105,-39.0589
-75.1105,-39.0589
-75.0105,-39.0589
-74.9105,-39.0589
-74.8105,-39.0589
-74.7105,-39.0589
-74.6105,-39.0589
-74.5105,-39.0589
-74.4105,-39.0589
-74.3105,-39.0589
-74.2105,-39.0589
-74.1105,-39.0589
-74.0105,-39.0589
-73.9105,-39.0589
-73.8105,-39.0589
-73.7105,-39.0589
-73.6105,-39.0589
-73.5105,-39.0589
-73.4105,-39.0589
-73.3105,-39.0589
-73.2105,-39.0589
-73.1105,-39.0589
-73.0105,-39.0589
-72.9105,-39.0589
-72.8105,-39.0589
-72.7105,-39.0589
-72.6105,-39.0589
-72.5105,-39.0589
-72.4105,-39.0589
-72.3105,-39.0589
-72.2105,-39.0589
-72.1105,-39.0589
-72.0105,-39.0589
-71.9105,-39.0589
-71.8105,-39.0589
-71.7105,-39.0589
-71.6105,-39.0589
-71.5105,-39.0589
-71.4105,-39.0589
-71.3105,-39.0589
-71.2105,-39.0589
-71.1105,-39.0589
-71.0105,-39.0589
-70.9105,-39.0589
-70.8105,-39.0589
-70.7105,-39.0589
-70.6105,-39.0589
-70.5105,-39.0589
-70.4105,-39.0589
-70.3105,-39.0589
-70.2105,-39.0589
-70.1105,-39.0589
-70.0105,-39.0589
-69.9105,-39.0589
-69.8105,-39.0589
-69.7105,-39.0589
-69.6105,-39.0589
-69.5105,-39.0589
-75.5105,-39.1589
-75.4105,-39.1589
-75.3105,-39.1589
-75.2105,-39.1589
-75.1105,-39.1589
-75.0105,-39.1589
-74.9105,-39.1589
-74.8105,-39.1589
-74.7105,-39.1589
-74.6105,-39.1589
-74.5105,-39.1589
-74.4105,-39.1589
-74.3105,-39.1589
-74.2105,-39.1589
-74.1105,-39.1589
-74.0105,-39.1589
-73.9105,-39.1589
-73.8105,-39.1589
-73.7105,-39.1589
-73.6105,-39.1589
-73.5105,-39.1589
-73.4105,-39.1589
-73.3105,-39.1589
-73.2105,-39.1589
-73.1105,-39.1589
-73.0105,-39.1589
-72.9105,-39.1589
-72.8105,-39.1589
-72.7105,-39.1589
-72.6105,-39.1589
-72.5105,-39.1589
-72.4105,-39.1589
-72.3105,-39.1589
-72.2105,-39.1589
-72.1105,-39.1589
-72.0105,-39.1589
-71.9105,-39.1589
-71.8105,-39.1589
-71.7105,-39.1589
-71.6105,-39.1589
-71.5105,-39.1589
-71.4105,-39.1589
-71.3105,-39.1589
-71.2105,-39.1589
-71.1105,-39.1589
-71.0105,-39.1589
-70.9105,-39.1589
-70.8105,-39.1589
-70.7105,-39.1589
-70.6105,-39.1589
-70.5105,-39.1589
-70.4105,-39.1589
-70.3105,-39.1589
-70.2105,-39.1589
-70.1105,-39.1589
-70.0105,-39.1589
-69.9105,-39.1589
-69.8105,-39.1589
-69.7105,-39.1589
-69.6105,-39.1589
-69.5105,-39.1589
-75.5105,-39.2589
-75.4105,-39.2589
-75.3105,-39.2589
-75.2105,-39.2589
-75.1105,-39.2589
-75.0105,-39.2589
-74.9105,-39.2589
-74.8105,-39.2589
-74.7105,-39.2589
-74.6105,-39.2589
-74.5105,-39.2589
-74.4105,-39.2589
-74.3105,-39.2589
-74.2105,-39.2589
-74.1105,-39.2589
-74.0105,-39.2589
-73.9105,-39.2589
-73.8105,-39.2589
-73.7105,-39.2589
-73.6105,-39.2589
-73.5105,-39.2589
-73.4105,-39.2589
-73.3105,-39.2589
-73.2105,-39.2589
-73.1105,-39.2589
-73.0105,-39.2589
-72.9105,-39.2589
-72.8105,-39.2589
-72.7105,-39.2589
-72.6105,-39.2589
-72.5105,-39.2589
-72.4105,-39.2589
-72.3105,-39.2589
-72.2105,-39.2589
-72.1105,-39.2589
-72.0105,-39.2589
-71.9105,-39.2589
-71.8105,-39.2589
-71.7105,-39.2589
-71.6105,-39.2589
-71.5105,-39.2589
-71.4105,-39.2589
-71.3105,-39.2589
-71.2105,-39.2589
-71.1105,-39.2589
-71.0105,-39.2589
-70.9105,-39.2589
-70.8105,-39.2589
-70.7105,-39.2589
-70.6105,-39.2589
-70.5105,-39.2589
-70.4105,-39.2589
-70.3105,-39.2589
-70.2105,-39.2589
-70.1105,-39.2589
-70.0105,-39.2589
-69.9105,-39.2589
-69.8105,-39.2589
-69.7105,-39.2589
-69.6105,-39.2589
-75.5105,-39.3589
-75.4105,-39.3589
-75.3105,-39.3589
-75.2105,-39.3589
-75.1105,-39.3589
-75.0105,-39.3589
-74.9105,-39.3589
-74.8105,-39.3589
-74.7105,-39.3589
-74.6105,-39.3589
-74.5105,-39.3589
-74.4105,-39.3589
-74.3105,-39.3589
-74.2105,-39.3589
-74.1105,-39.3589
-74.0105,-39.3589
-73.9105,-39.3589
-73.8105,-39.3589
-73.7105,-39.3589
-73.6105,-39.3589
-73.5105,-39.3589
-73.4105,-39.3589
-73.3105,-39.3589
-73.2105,-39.3589
-73.1105,-39.3589
-73.0105,-39.3589
-72.9105,-39.3589
-72.8105,-39.3589
-72.7105,-39.3589
-72.6105,-39.3589
-72.5105,-39.3589
-72.4105,-39.3589
-72.3105,-39.3589
-72.2105,-39.3589
-72.1105,-39.3589
-72.0105,-39.3589
-71.9105,-39.3589
-71.8105,-39.3589
-71.7105,-39.3589
-71.6105,-39.3589
-71.5105,-39.3589
-71.4105,-39.3589
-71.3105,-39.3589
-71.2105,-39.3589
-71.1105,-39.3589
-71.0105,-39.3589
-70.9105,-39.3589
-70.8105,-39.3589
-70.7105,-39.3589
-70.6105,-39.3589
-70.5105,-39.3589
-70.4105,-39.3589
-70.3105,-39.3589
-70.2105,-39.3589
-70.1105,-39.3589
-70.0105,-39.3589
-69.9105,-39.3589
-69.8105,-39.3589
-69.7105,-39.3589
-69.6105,-39.3589
-75.5105,-39.4589
-75.4105,-39.4589
-75.3105,-39.4589
-75.2105,-39.4589
-75.1105,-39.4589
-75.0105,-39.4589
-74.9105,-39.4589
-74.8105,-39.4589
-74.7105,-39.4589
-74.6105,-39.4589
-74.5105,-39.4589
-74.4105,-39.4589
-74.3105,-39.4589
-74.2105,-39.4589
-74.1105,-39.4589
-74.0105,-39.4589
-73.9105,-39.4589
-73.8105,-39.4589
-73.7105,-39.4589
-73.6105,-39.4589
-73.5105,-39.4589
-73.4105,-39.4589
-73.3105,-39.4589
-73.2105,-39.4589
-73.1105,-39.4589
-73.0105,-39.4589
-72.9105,-39.4589
-72.8105,-39.4589
-72.7105,-39.4589
-72.6105,-39.4589
-72.5105,-39.4589
-72.4105,-39.4589
-72.3105,-39.4589
-72.2105,-39.4589
-72.1105,-39.4589
-72.0105,-39.4589
-71.9105,-39.4589
-71.8105,-39.4589
-71.7105,-39.4589
-71.6105,-39.4589
-71.5105,-39.4589
-71.4105,-39.4589
-71.3105,-39.4589
-71.2105,-39.4589
-71.1105,-39.4589
-71.0105,-39.4589
-70.9105,-39.4589
-70.8105,-39.4589
-70.7105,-39.4589
-70.6105,-39.4589
-70.5105,-39.4589
-70.4105,-39.4589
-70.3105,-39.4589
-70.2105,-39.4589
-70.1105,-39.4589
-70.0105,-39.4589
-69.9105,-39.4589
-69.8105,-39.4589
-69.7105,-39.4589
-75.5105,-39.5589
-75.4105,-39.5589
-75.3105,-39.5589
-75.2105,-39.5589
-75.1105,-39.5589
-75.0105,-39.5589
-74.9105,-39.5589
-74.8105,-39.5589
-74.7105,-39.5589
-74.6105,-39.5589
-74.5105,-39.5589
-74.4105,-39.5589
-74.3105,-39.5589
-74.2105,-39.5589
-74.1105,-39.5589
-74.0105,-39.5589
-73.9105,-39.5589
-73.8105,-39.5589
-73.7105,-39.5589
-73.6105,-39.5589
-73.5105,-39.5589
-73.4105,-39.5589
-73.3105,-39.5589
-73.2105,-39.5589
-73.1105,-39.5589
-73.0105,-39.5589
-72.9105,-39.5589
-72.8105,-39.5589
-72.7105,-39.5589
-72.6105,-39.5589
-72.5105,-39.5589
-72.4105,-39.5589
-72.3105,-39.5589
-72.2105,-39.5589
-72.1105,-39.5589
-72.0105,-39.5589
-71.9105,-39.5589
-71.8105,-39.5589
-71.7105,-39.5589
-71.6105,-39.5589
-71.5105,-39.5589
-71.4105,-39.5589
-71.3105,-39.5589
-71.2105,-39.5589
-71.1105,-39.5589
-71.0105,-39.5589
-70.9105,-39.5589
-70.8105,-39.5589
-70.7105,-39.5589
-70.6105,-39.5589
-70.5105,-39.5589
-70.4105,-39.5589
-70.3105,-39.5589
-70.2105,-39.5589
-70.1105,-39.5589
-70.0105,-39.5589
-69.9105,-39.5589
-69.8105,-39.5589
-69.7105,-39.5589
-75.5105,-39.6589
-75.4105,-39.6589
-75.3105,-39.6589
-75.2105,-39.6589
-75.1105,-39.6589
-75.0105,-39.6589
-74.9105,-39.6589
-74.8105,-39.6589
-74.7105,-39.6589
-74.6105,-39.6589
-74.5105,-39.6589
-74.4105,-39.6589
-74.3105,-39.6589
-74.2105,-39.6589
-74.1105,-39.6589
-74.0105,-39.6589
-73.9105,-39.6589
-73.8105,-39.6589
-73.7105,-39.6589
-73.6105,-39.6589
-73.5105,-39.6589
-73.4105,-39.6589
-73.3105,-39.6589
-73.2105,-39.6589
-73.1105,-39.6589
-73.0105,-39.6589
-72.9105,-39.6589
-72.8105,-39.6589
-72.7105,-39.6589
-72.6105,-39.6589
-72.5105,-39.6589
-72.4105,-39.6589
-72.3105,-39.6589
-72.2105,-39.6589
-72.1105,-39.6589
-72.0105,-39.6589
-71.9105,-39.6589
-71.8105,-39.6589
-71.7105,-39.6589
-71.6105,-39.6589
-71.5105,-39.6589
-71.4105,-39.6589
-71.3105,-39.6589
-71.2105,-39.6589
-71.1105,-39.6589
-71.0105,-39.6589
-70.9105,-39.6589
-70.8105,-39.6589
-70.7105,-39.6589
-70.6105,-39.6589
-70.5105,-39.6589
-70.4105,-39.6589
-70.3105,-39.6589
-70.2105,-39.6589
-70.1105,-39.6589
-70.0105,-39.6589
-69.9105,-39.6589
-69.8105,-39.6589
-75.5105,-39.7589
-75.4105,-39.7589
-75.3105,-39.7589
-75.2105,-39.7589
-75.1105,-39.7589
-75.0105,-39.7589
-74.9105,-39.7589
-74.8105,-39.7589
-74.7105,-39.7589
-74.6105,-39.7589
-74.5105,-39.7589
-74.4105,-39.7589
-74.3105,-39.7589
-74.2105,-39.7589
-74.1105,-39.7589
-74.0105,-39.7589
-73.9105,-39.7589
-73.8105,-39.7589
-73.7105,-39.7589
-73.6105,-39.7589
-73.5105,-39.7589
-73.4105,-39.7589
-73.3105,-39.7589
-73.2105,-39.7589
-73.1105,-39.7589
-73.0105,-39.7589
-72.9105,-39.7589
-72.8105,-39.7589
-72.7105,-39.7589
-72.6105,-39.7589
-72.5105,-39.7589
-72.4105,-39.7589
-72.3105,-39.7589
-72.2105,-39.7589
-72.1105,-39.7589
-72.0105,-39.7589
-71.9105,-39.7589
-71.8105,-39.7589
-71.7105,-39.7589
-71.6105,-39.7589
-71.5105,-39.7589
-71.4105,-39.7589
-71.3105,-39.7589
-71.2105,-39.7589
-71.1105,-39.7589
-71.0105,-39.7589
-70.9105,-39.7589
-70.8105,-39.7589
-70.7105,-39.7589
-70.6105,-39.7589
-70.5105,-39.7589
-70.4105,-39.7589
-70.3105,-39.7589
-70.2105,-39.7589
-70.1105,-39.7589
-70.0105,-39.7589
-69.9105,-39.7589
-75.5105,-39.8589
-75.4105,-39.8589
-75.3105,-39.8589
-75.2105,-39.8589
-75.1105,-39.8589
-75.0105,-39.8589
-74.9105,-39.8589
-74.8105,-39.8589
-74.7105,-39.8589
-74.6105,-39.8589
-74.5105,-39.8589
-74.4105,-39.8589
-74.3105,-39.8589
-74.2105,-39.8589
-74.1105,-39.8589
-74.0105,-39.8589
-73.9105,-39.8589
-73.8105,-39.8589
-73.7105,-39.8589
-73.6105,-39.8589
-73.5105,-39.8589
-73.4105,-39.8589
-73.3105,-39.8589
-73.2105,-39.8589
-73.1105,-39.8589
-73.0105,-39.8589
-72.9105,-39.8589
-72.8105,-39.8589
-72.7105,-39.8589
-72.6105,-39.8589
-72.5105,-39.8589
-72.4105,-39.8589
-72.3105,-39.8589
-72.2105,-39.8589
-72.1105,-39.8589
-72.0105,-39.8589
-71.9105,-39.8589
-71.8105,-39.8589
-71.7105,-39.8589
-71.6105,-39.8589
-71.5105,-39.8589
-71.4105,-39.8589
-71.3105,-39.8589
-71.2105,-39.8589
-71.1105,-39.8589
-71.0105,-39.8589
-70.9105,-39.8589
-70.8105,-39.8589
-70.7105,-39.8589
-70.6105,-39.8589
-70.5105,-39.8589
-70.4105,-39.8589
-70.3105,-39.8589
-70.2105,-39.8589
-70.1105,-39.8589
-70.0105,-39.8589
-75.5105,-39.9589
-75.4105,-39.9589
-75.3105,-39.9589
-75.2105,-39.9589
-75.1105,-39.9589
-75.0105,-39.9589
-74.9105,-39.9589
-74.8105,-39.9589
-74.7105,-39.9589
-74.6105,-39.9589
-74.5105,-39.9589
-74.4105,-39.9589
-74.3105,-39.9589
-74.2105,-39.9589
-74.1105,-39.9589
-74.0105,-39.9589
-73.9105,-39.9589
-73.8105,-39.9589
-73.7105,-39.9589
-73.6105,-39.9589
-73.5105,-39.9589
-73.4105,-39.9589
-73.3105,-39.9589
-73.2105,-39.9589
-73.1105,-39.9589
-73.0105,-39.9589
-72.9105,-39.9589
-72.8105,-39.9589
-72.7105,-39.9589
-72.6105,-39.9589
-72.5105,-39.9589
-72.4105,-39.9589
-72.3105,-39.9589
-72.2105,-39.9589
-72.1105,-39.9589
-72.0105,-39.9589
-71.9105,-39.9589
-71.8105,-39.9589
-71.7105,-39.9589
-71.6105,-39.9589
-71.5105,-39.9589
-71.4105,-39.9589
-71.3105,-39.9589
-71.2105,-39.9589
-71.1105,-39.9589
-71.0105,-39.9589
-70.9105,-39.9589
-70.8105,-39.9589
-70.7105,-39.9589
-70.6105,-39.9589
-70.5105,-39.9589
-70.4105,-39.9589
-70.3105,-39.9589
-70.2105,-39.9589
-70.1105,-39.9589
-75.6105,-40.0589
-75.5105,-40.0589
-75.4105,-40.0589
-75.3105,-40.0589
-75.2105,-40.0589
-75.1105,-40.0589
-75.0105,-40.0589
-74.9105,-40.0589
-74.8105,-40.0589
-74.7105,-40.0589
-74.6105,-40.0589
-74.5105,-40.0589
-74.4105,-40.0589
-74.3105,-40.0589
-74.2105,-40.0589
-74.1105,-40.0589
-74.0105,-40.0589
-73.9105,-40.0589
-73.8105,-40.0589
-73.7105,-40.0589
-73.6105,-40.0589
-73.5105,-40.0589
-73.4105,-40.0589
-73.3105,-40.0589
-73.2105,-40.0589
-73.1105,-40.0589
-73.0105,-40.0589
-72.9105,-40.0589
-72.8105,-40.0589
-72.7105,-40.0589
-72.6105,-40.0589
-72.5105,-40.0589
-72.4105,-40.0589
-72.3105,-40.0589
-72.2105,-40.0589
-72.1105,-40.0589
-72.0105,-40.0589
-71.9105,-40.0589
-71.8105,-40.0589
-71.7105,-40.0589
-71.6105,-40.0589
-71.5105,-40.0589
-71.4105,-40.0589
-71.3105,-40.0589
-71.2105,-40.0589
-71.1105,-40.0589
-71.0105,-40.0589
-70.9105,-40.0589
-70.8105,-40.0589
-70.7105,-40.0589
-70.6105,-40.0589
-70.5105,-40.0589
-70.4105,-40.0589
-70.3105,-40.0589
-70.2105,-40.0589
-75.6105,-40.1589
-75.5105,-40.1589
-75.4105,-40.1589
-75.3105,-40.1589
-75.2105,-40.1589
-75.1105,-40.1589
-75.0105,-40.1589
-74.9105,-40.1589
-74.8105,-40.1589
-74.7105,-40.1589
-74.6105,-40.1589
-74.5105,-40.1589
-74.4105,-40.1589
-74.3105,-40.1589
-74.2105,-40.1589
-74.1105,-40.1589
-74.0105,-40.1589
-73.9105,-40.1589
-73.8105,-40.1589
-73.7105,-40.1589
-73.6105,-40.1589
-73.5105,-40.1589
-73.4105,-40.1589
-73.3105,-40.1589
-73.2105,-40.1589
-73.1105,-40.1589
-73.0105,-40.1589
-72.9105,-40.1589
-72.8105,-40.1589
-72.7105,-40.1589
-72.6105,-40.1589
-72.5105,-40.1589
-72.4105,-40.1589
-72.3105,-40.1589
-72.2105,-40.1589
-72.1105,-40.1589
-72.0105,-40.1589
-71.9105,-40.1589
-71.8105,-40.1589
-71.7105,-40.1589
-71.6105,-40.1589
-71.5105,-40.1589
-71.4105,-40.1589
-71.3105,-40.1589
-71.2105,-40.1589
-71.1105,-40.1589
-71.0105,-40.1589
-70.9105,-40.1589
-70.8105,-40.1589
-70.7105,-40.1589
-70.6105,-40.1589
-70.5105,-40.1589
-70.4105,-40.1589
-70.3105,-40.1589
-70.2105,-40.1589
-75.6105,-40.2589
-75.5105,-40.2589
-75.4105,-40.2589
-75.3105,-40.2589
-75.2105,-40.2589
-75.1105,-40.2589
-75.0105,-40.2589
-74.9105,-40.2589
-74.8105,-40.2589
-74.7105,-40.2589
-74.6105,-40.2589
-74.5105,-40.2589
-74.4105,-40.2589
-74.3105,-40.2589
-74.2105,-40.2589
-74.1105,-40.2589
-74.0105,-40.2589
-73.9105,-40.2589
-73.8105,-40.2589
-73.7105,-40.2589
-73.6105,-40.2589
-73.5105,-40.2589
-73.4105,-40.2589
-73.3105,-40.2589
-73.2105,-40.2589
-73.1105,-40.2589
-73.0105,-40.2589
-72.9105,-40.2589
-72.8105,-40.2589
-72.7105,-40.2589
-72.6105,-40.2589
-72.5105,-40.2589
-72.4105,-40.2589
-72.3105,-40.2589
-72.2105,-40.2589
-72.1105,-40.2589
-72.0105,-40.2589
-71.9105,-40.2589
-71.8105,-40.2589
-71.7105,-40.2589
-71.6105,-40.2589
-71.5105,-40.2589
-71.4105,-40.2589
-71.3105,-40.2589
-71.2105,-40.2589
-71.1105,-40.2589
-71.0105,-40.2589
-70.9105,-40.2589
-70.8105,-40.2589
-70.7105,-40.2589
-70.6105,-40.2589
-70.5105,-40.2589
-70.4105,-40.2589
-70.3105,-40.2589
-70.2105,-40.2589
-75.6105,-40.3589
-75.5105,-40.3589
-75.4105,-40.3589
-75.3105,-40.3589
-75.2105,-40.3589
-75.1105,-40.3589
-75.0105,-40.3589
-74.9105,-40.3589
-74.8105,-40.3589
-74.7105,-40.3589
-74.6105,-40.3589
-74.5105,-40.3589
-74.4105,-40.3589
-74.3105,-40.3589
-74.2105,-40.3589
-74.1105,-40.3589
-74.0105,-40.3589
-73.9105,-40.3589
-73.8105,-40.3589
-73.7105,-40.3589
-73.6105,-40.3589
-73.5105,-40.3589
-73.4105,-40.3589
-73.3105,-40.3589
-73.2105,-40.3589
-73.1105,-40.3589
-73.0105,-40.3589
-72.9105,-40.3589
-72.8105,-40.3589
-72.7105,-40.3589
-72.6105,-40.3589
-72.5105,-40.3589
-72.4105,-40.3589
-72.3105,-40.3589
-72.2105,-40.3589
-72.1105,-40.3589
-72.0105,-40.3589
-71.9105,-40.3589
-71.8105,-40.3589
-71.7105,-40.3589
-71.6105,-40.3589
-71.5105,-40.3589
-71.4105,-40.3589
-71.3105,-40.3589
-71.2105,-40.3589
-71.1105,-40.3589
-71.0105,-40.3589
-70.9105,-40.3589
-70.8105,-40.3589
-70.7105,-40.3589
-70.6105,-40.3589
-70.5105,-40.3589
-70.4105,-40.3589
-70.3105,-40.3589
-70.2105,-40.3589
-75.6105,-40.4589
-75.5105,-40.4589
-75.4105,-40.4589
-75.3105,-40.4589
-75.2105,-40.4589
-75.1105,-40.4589
-75.0105,-40.4589
-74.9105,-40.4589
-74.8105,-40.4589
-74.7105,-40.4589
-74.6105,-40.4589
-74.5105,-40.4589
-74.4105,-40.4589
-74.3105,-40.4589
-74.2105,-40.4589
-74.1105,-40.4589
-74.0105,-40.4589
-73.9105,-40.4589
-73.8105,-40.4589
-73.7105,-40.4589
-73.6105,-40.4589
-73.5105,-40.4589
-73.4105,-40.4589
-73.3105,-40.4589
-73.2105,-40.4589
-73.1105,-40.4589
-73.0105,-40.4589
-72.9105,-40.4589
-72.8105,-40.4589
-72.7105,-40.4589
-72.6105,-40.4589
-72.5105,-40.4589
-72.4105,-40.4589
-72.3105,-40.4589
-72.2105,-40.4589
-72.1105,-40.4589
-72.0105,-40.4589
-71.9105,-40.4589
-71.8105,-40.4589
-71.7105,-40.4589
-71.6105,-40.4589
-71.5105,-40.4589
-71.4105,-40.4589
-71.3105,-40.4589
-71.2105,-40.4589
-71.1105,-40.4589
-71.0105,-40.4589
-70.9105,-40.4589
-70.8105,-40.4589
-70.7105,-40.4589
-70.6105,-40.4589
-70.5105,-40.4589
-70.4105,-40.4589
-70.3105,-40.4589
-70.2105,-40.4589
-75.6105,-40.5589
-75.5105,-40.5589
-75.4105,-40.5589
-75.3105,-40.5589
-75.2105,-40.5589
-75.1105,-40.5589
-75.0105,-40.5589
-74.9105,-40.5589
-74.8105,-40.5589
-74.7105,-40.5589
-74.6105,-40.5589
-74.5105,-40.5589
-74.4105,-40.5589
-74.3105,-40.5589
-74.2105,-40.5589
-74.1105,-40.5589
-74.0105,-40.5589
-73.9105,-40.5589
-73.8105,-40.5589
-73.7105,-40.5589
-73.6105,-40.5589
-73.5105,-40.5589
-73.4105,-40.5589
-73.3105,-40.5589
-73.2105,-40.5589
-73.1105,-40.5589
-73.0105,-40.5589
-72.9105,-40.5589
-72.8105,-40.5589
-72.7105,-40.5589
-72.6105,-40.5589
-72.5105,-40.5589
-72.4105,-40.5589
-72.3105,-40.5589
-72.2105,-40.5589
-72.1105,-40.5589
-72.0105,-40.5589
-71.9105,-40.5589
-71.8105,-40.5589
-71.7105,-40.5589
-71.6105,-40.5589
-71.5105,-40.5589
-71.4105,-40.5589
-71.3105,-40.5589
-71.2105,-40.5589
-71.1105,-40.5589
-71.0105,-40.5589
-70.9105,-40.5589
-70.8105,-40.5589
-70.7105,-40.5589
-70.6105,-40.5589
-70.5105,-40.5589
-70.4105,-40.5589
-70.3105,-40.5589
-70.2105,-40.5589
-75.6105,-40.6589
-75.5105,-40.6589
-75.4105,-40.6589
-75.3105,-40.6589
-75.2105,-40.6589
-75.1105,-40.6589
-75.0105,-40.6589
-74.9105,-40.6589
-74.8105,-40.6589
-74.7105,-40.6589
-74.6105,-40.6589
-74.5105,-40.6589
-74.4105,-40.6589
-74.3105,-40.6589
-74.2105,-40.6589
-74.1105,-40.6589
-74.0105,-40.6589
-73.9105,-40.6589
-73.8105,-40.6589
-73.7105,-40.6589
-73.6105,-40.6589
-73.5105,-40.6589
-73.4105,-40.6589
-73.3105,-40.6589
-73.2105,-40.6589
-73.1105,-40.6589
-73.0105,-40.6589
-72.9105,-40.6589
-72.8105,-40.6589
-72.7105,-40.6589
-72.6105,-40.6589
-72.5105,-40.6589
-72.4105,-40.6589
-72.3105,-40.6589
-72.2105,-40.6589
-72.1105,-40.6589
-72.0105,-40.6589
-71.9105,-40.6589
-71.8105,-40.6589
-71.7105,-40.6589
-71.6105,-40.6589
-71.5105,-40.6589
-71.4105,-40.6589
-71.3105,-40.6589
-71.2105,-40.6589
-71.1105,-40.6589
-71.0105,-40.6589
-70.9105,-40.6589
-70.8105,-40.6589
-70.7105,-40.6589
-70.6105,-40.6589
-70.5105,-40.6589
-70.4105,-40.6589
-70.3105,-40.6589
-75.6105,-40.7589
-75.5105,-40.7589
-75.4105,-40.7589
-75.3105,-40.7589
-75.2105,-40.7589
-75.1105,-40.7589
-75.0105,-40.7589
-74.9105,-40.7589
-74.8105,-40.7589
-74.7105,-40.7589
-74.6105,-40.7589
-74.5105,-40.7589
-74.4105,-40.7589
-74.3105,-40.7589
-74.2105,-40.7589
-74.1105,-40.7589
-74.0105,-40.7589
-73.9105,-40.7589
-73.8105,-40.7589
-73.7105,-40.7589
-73.6105,-40.7589
-73.5105,-40.7589
-73.4105,-40.7589
-73.3105,-40.7589
-73.2105,-40.7589
-73.1105,-40.7589
-73.0105,-40.7589
-72.9105,-40.7589
-72.8105,-40.7589
-72.7105,-40.7589
-72.6105,-40.7589
-72.5105,-40.7589
-72.4105,-40.7589
-72.3105,-40.7589
-72.2105,-40.7589
-72.1105,-40.7589
-72.0105,-40.7589
-71.9105,-40.7589
-71.8105,-40.7589
-71.7105,-40.7589
-71.6105,-40.7589
-71.5105,-40.7589
-71.4105,-40.7589
-71.3105,-40.7589
-71.2105,-40.7589
-71.1105,-40.7589
-71.0105,-40.7589
-70.9105,-40.7589
-70.8105,-40.7589
-70.7105,-40.7589
-70.6105,-40.7589
-70.5105,-40.7589
-70.4105,-40.7589
-70.3105,-40.7589
-75.6105,-40.8589
-75.5105,-40.8589
-75.4105,-40.8589
-75.3105,-40.8589
-75.2105,-40.8589
-75.1105,-40.8589
-75.0105,-40.8589
-74.9105,-40.8589
-74.8105,-40.8589
-74.7105,-40.8589
-74.6105,-40.8589
-74.5105,-40.8589
-74.4105,-40.8589
-74.3105,-40.8589
-74.2105,-40.8589
-74.1105,-40.8589
-74.0105,-40.8589
-73.9105,-40.8589
-73.8105,-40.8589
-73.7105,-40.8589
-73.6105,-40.8589
-73.5105,-40.8589
-73.4105,-40.8589
-73.3105,-40.8589
-73.2105,-40.8589
-73.1105,-40.8589
-73.0105,-40.8589
-72.9105,-40.8589
-72.8105,-40.8589
-72.7105,-40.8589
-72.6105,-40.8589
-72.5105,-40.8589
-72.4105,-40.8589
-72.3105,-40.8589
-72.2105,-40.8589
-72.1105,-40.8589
-72.0105,-40.8589
-71.9105,-40.8589
-71.8105,-40.8589
-71.7105,-40.8589
-71.6105,-40.8589
-71.5105,-40.8589
-71.4105,-40.8589
-71.3105,-40.8589
-71.2105,-40.8589
-71.1105,-40.8589
-71.0105,-40.8589
-70.9105,-40.8589
-70.8105,-40.8589
-70.7105,-40.8589
-70.6105,-40.8589
-70.5105,-40.8589
-70.4105,-40.8589
-70.3105,-40.8589
-75.6105,-40.9589
-75.5105,-40.9589
-75.4105,-40.9589
-75.3105,-40.9589
-75.2105,-40.9589
-75.1105,-40.9589
-75.0105,-40.9589
-74.9105,-40.9589
-74.8105,-40.9589
-74.7105,-40.9589
-74.6105,-40.9589
-74.5105,-40.9589
-74.4105,-40.9589
-74.3105,-40.9589
-74.2105,-40.9589
-74.1105,-40.9589
-74.0105,-40.9589
-73.9105,-40.9589
-73.8105,-40.9589
-73.7105,-40.9589
-73.6105,-40.9589
-73.5105,-40.9589
-73.4105,-40.9589
-73.3105,-40.9589
-73.2105,-40.9589
-73.1105,-40.9589
-73.0105,-40.9589
-72.9105,-40.9589
-72.8105,-40.9589
-72.7105,-40.9589
-72.6105,-40.9589
-72.5105,-40.9589
-72.4105,-40.9589
-72.3105,-40.9589
-72.2105,-40.9589
-72.1105,-40.9589
-72.0105,-40.9589
-71.9105,-40.9589
-71.8105,-40.9589
-71.7105,-40.9589
-71.6105,-40.9589
-71.5105,-40.9589
-71.4105,-40.9589
-71.3105,-40.9589
-71.2105,-40.9589
-71.1105,-40.9589
-71.0105,-40.9589
-70.9105,-40.9589
-70.8105,-40.9589
-70.7105,-40.9589
-70.6105,-40.9589
-70.5105,-40.9589
-70.4105,-40.9589
-75.6105,-41.0589
-75.5105,-41.0589
-75.4105,-41.0589
-75.3105,-41.0589
-75.2105,-41.0589
-75.1105,-41.0589
-75.0105,-41.0589
-74.9105,-41.0589
-74.8105,-41.0589
-74.7105,-41.0589
-74.6105,-41.0589
-74.5105,-41.0589
-74.4105,-41.0589
-74.3105,-41.0589
-74.2105,-41.0589
-74.1105,-41.0589
-74.0105,-41.0589
-73.9105,-41.0589
-73.8105,-41.0589
-73.7105,-41.0589
-73.6105,-41.0589
-73.5105,-41.0589
-73.4105,-41.0589
-73.3105,-41.0589
-73.2105,-41.0589
-73.1105,-41.0589
-73.0105,-41.0589
-72.9105,-41.0589
-72.8105,-41.0589
-72.7105,-41.0589
-72.6105,-41.0589
-72.5105,-41.0589
-72.4105,-41.0589
-72.3105,-41.0589
-72.2105,-41.0589
-72.1105,-41.0589
-72.0105,-41.0589
-71.9105,-41.0589
-71.8105,-41.0589
-71.7105,-41.0589
-71.6105,-41.0589
-71.5105,-41.0589
-71.4105,-41.0589
-71.3105,-41.0589
-71.2105,-41.0589
-71.1105,-41.0589
-71.0105,-41.0589
-70.9105,-41.0589
-70.8105,-41.0589
-70.7105,-41.0589
-70.6105,-41.0589
-70.5105,-41.0589
-70.4105,-41.0589
-75.7105,-41.1589
-75.6105,-41.1589
-75.5105,-41.1589
-75.4105,-41.1589
-75.3105,-41.1589
-75.2105,-41.1589
-75.1105,-41.1589
-75.0105,-41.1589
-74.9105,-41.1589
-74.8105,-41.1589
-74.7105,-41.1589
-74.6105,-41.1589
-74.5105,-41.1589
-74.4105,-41.1589
-74.3105,-41.1589
-74.2105,-41.1589
-74.1105,-41.1589
-74.0105,-41.1589
-73.9105,-41.1589
-73.8105,-41.1589
-73.7105,-41.1589
-73.6105,-41.1589
-73.5105,-41.1589
-73.4105,-41.1589
-73.3105,-41.1589
-73.2105,-41.1589
-73.1105,-41.1589
-73.0105,-41.1589
-72.9105,-41.1589
-72.8105,-41.1589
-72.7105,-41.1589
-72.6105,-41.1589
-72.5105,-41.1589
-72.4105,-41.1589
-72.3105,-41.1589
-72.2105,-41.1589
-72.1105,-41.1589
-72.0105,-41.1589
-71.9105,-41.1589
-71.8105,-41.1589
-71.7105,-41.1589
-71.6105,-41.1589
-71.5105,-41.1589
-71.4105,-41.1589
-71.3105,-41.1589
-71.2105,-41.1589
-71.1105,-41.1589
-71.0105,-41.1589
-70.9105,-41.1589
-70.8105,-41.1589
-70.7105,-41.1589
-70.6105,-41.1589
-70.5105,-41.1589
-70.4105,-41.1589
-75.7105,-41.2589
-75.6105,-41.2589
-75.5105,-41.2589
-75.4105,-41.2589
-75.3105,-41.2589
-75.2105,-41.2589
-75.1105,-41.2589
-75.0105,-41.2589
-74.9105,-41.2589
-74.8105,-41.2589
-74.7105,-41.2589
-74.6105,-41.2589
-74.5105,-41.2589
-74.4105,-41.2589
-74.3105,-41.2589
-74.2105,-41.2589
-74.1105,-41.2589
-74.0105,-41.2589
-73.9105,-41.2589
-73.8105,-41.2589
-73.7105,-41.2589
-73.6105,-41.2589
-73.5105,-41.2589
-73.4105,-41.2589
-73.3105,-41.2589
-73.2105,-41.2589
-73.1105,-41.2589
-73.0105,-41.2589
-72.9105,-41.2589
-72.8105,-41.2589
-72.7105,-41.2589
-72.6105,-41.2589
-72.5105,-41.2589
-72.4105,-41.2589
-72.3105,-41.2589
-72.2105,-41.2589
-72.1105,-41.2589
-72.0105,-41.2589
-71.9105,-41.2589
-71.8105,-41.2589
-71.7105,-41.2589
-71.6105,-41.2589
-71.5105,-41.2589
-71.4105,-41.2589
-71.3105,-41.2589
-71.2105,-41.2589
-71.1105,-41.2589
-71.0105,-41.2589
-70.9105,-41.2589
-70.8105,-41.2589
-70.7105,-41.2589
-70.6105,-41.2589
-70.5105,-41.2589
-70.4105,-41.2589
-75.7105,-41.3589
-75.6105,-41.3589
-75.5105,-41.3589
-75.4105,-41.3589
-75.3105,-41.3589
-75.2105,-41.3589
-75.1105,-41.3589
-75.0105,-41.3589
-74.9105,-41.3589
-74.8105,-41.3589
-74.7105,-41.3589
-74.6105,-41.3589
-74.5105,-41.3589
-74.4105,-41.3589
-74.3105,-41.3589
-74.2105,-41.3589
-74.1105,-41.3589
-74.0105,-41.3589
-73.9105,-41.3589
-73.8105,-41.3589
-73.7105,-41.3589
-73.6105,-41.3589
-73.5105,-41.3589
-73.4105,-41.3589
-73.3105,-41.3589
-73.2105,-41.3589
-73.1105,-41.3589
-73.0105,-41.3589
-72.9105,-41.3589
-72.8105,-41.3589
-72.7105,-41.3589
-72.6105,-41.3589
-72.5105,-41.3589
-72.4105,-41.3589
-72.3105,-41.3589
-72.2105,-41.3589
-72.1105,-41.3589
-72.0105,-41.3589
-71.9105,-41.3589
-71.8105,-41.3589
-71.7105,-41.3589
-71.6105,-41.3589
-71.5105,-41.3589
-71.4105,-41.3589
-71.3105,-41.3589
-71.2105,-41.3589
-71.1105,-41.3589
-71.0105,-41.3589
-70.9105,-41.3589
-70.8105,-41.3589
-70.7105,-41.3589
-70.6105,-41.3589
-70.5105,-41.3589
-70.4105,-41.3589
-75.7105,-41.4589
-75.6105,-41.4589
-75.5105,-41.4589
-75.4105,-41.4589
-75.3105,-41.4589
-75.2105,-41.4589
-75.1105,-41.4589
-75.0105,-41.4589
-74.9105,-41.4589
-74.8105,-41.4589
-74.7105,-41.4589
-74.6105,-41.4589
-74.5105,-41.4589
-74.4105,-41.4589
-74.3105,-41.4589
-74.2105,-41.4589
-74.1105,-41.4589
-74.0105,-41.4589
-73.9105,-41.4589
-73.8105,-41.4589
-73.7105,-41.4589
-73.6105,-41.4589
-73.5105,-41.4589
-73.4105,-41.4589
-73.3105,-41.4589
-73.2105,-41.4589
-73.1105,-41.4589
-73.0105,-41.4589
-72.9105,-41.4589
-72.8105,-41.4589
-72.7105,-41.4589
-72.6105,-41.4589
-72.5105,-41.4589
-72.4105,-41.4589
-72.3105,-41.4589
-72.2105,-41.4589
-72.1105,-41.4589
-72.0105,-41.4589
-71.9105,-41.4589
-71.8105,-41.4589
-71.7105,-41.4589
-71.6105,-41.4589
-71.5105,-41.4589
-71.4105,-41.4589
-71.3105,-41.4589
-71.2105,-41.4589
-71.1105,-41.4589
-71.0105,-41.4589
-70.9105,-41.4589
-70.8105,-41.4589
-70.7105,-41.4589
-70.6105,-41.4589
-70.5105,-41.4589
-70.4105,-41.4589
-75.7105,-41.5589
-75.6105,-41.5589
-75.5105,-41.5589
-75.4105,-41.5589
-75.3105,-41.5589
-75.2105,-41.5589
-75.1105,-41.5589
-75.0105,-41.5589
-74.9105,-41.5589
-74.8105,-41.5589
-74.7105,-41.5589
-74.6105,-41.5589
-74.5105,-41.5589
-74.4105,-41.5589
-74.3105,-41.5589
-74.2105,-41.5589
-74.1105,-41.5589
-74.0105,-41.5589
-73.9105,-41.5589
-73.8105,-41.5589
-73.7105,-41.5589
-73.6105,-41.5589
-73.5105,-41.5589
-73.4105,-41.5589
-73.3105,-41.5589
-73.2105,-41.5589
-73.1105,-41.5589
-73.0105,-41.5589
-72.9105,-41.5589
-72.8105,-41.5589
-72.7105,-41.5589
-72.6105,-41.5589
-72.5105,-41.5589
-72.4105,-41.5589
-72.3105,-41.5589
-72.2105,-41.5589
-72.1105,-41.5589
-72.0105,-41.5589
-71.9105,-41.5589
-71.8105,-41.5589
-71.7105,-41.5589
-71.6105,-41.5589
-71.5105,-41.5589
-71.4105,-41.5589
-71.3105,-41.5589
-71.2105,-41.5589
-71.1105,-41.5589
-71.0105,-41.5589
-70.9105,-41.5589
-70.8105,-41.5589
-70.7105,-41.5589
-70.6105,-41.5589
-70.5105,-41.5589
-70.4105,-41.5589
-75.7105,-41.6589
-75.6105,-41.6589
-75.5105,-41.6589
-75.4105,-41.6589
-75.3105,-41.6589
-75.2105,-41.6589
-75.1105,-41.6589
-75.0105,-41.6589
-74.9105,-41.6589
-74.8105,-41.6589
-74.7105,-41.6589
-74.6105,-41.6589
-74.5105,-41.6589
-74.4105,-41.6589
-74.3105,-41.6589
-74.2105,-41.6589
-74.1105,-41.6589
-74.0105,-41.6589
-73.9105,-41.6589
-73.8105,-41.6589
-73.7105,-41.6589
-73.6105,-41.6589
-73.5105,-41.6589
-73.4105,-41.6589
-73.3105,-41.6589
-73.2105,-41.6589
-73.1105,-41.6589
-73.0105,-41.6589
-72.9105,-41.6589
-72.8105,-41.6589
-72.7105,-41.6589
-72.6105,-41.6589
-72.5105,-41.6589
-72.4105,-41.6589
-72.3105,-41.6589
-72.2105,-41.6589
-72.1105,-41.6589
-72.0105,-41.6589
-71.9105,-41.6589
-71.8105,-41.6589
-71.7105,-41.6589
-71.6105,-41.6589
-71.5105,-41.6589
-71.4105,-41.6589
-71.3105,-41.6589
-71.2105,-41.6589
-71.1105,-41.6589
-71.0105,-41.6589
-70.9105,-41.6589
-70.8105,-41.6589
-70.7105,-41.6589
-70.6105,-41.6589
-70.5105,-41.6589
-70.4105,-41.6589
-75.7105,-41.7589
-75.6105,-41.7589
-75.5105,-41.7589
-75.4105,-41.7589
-75.3105,-41.7589
-75.2105,-41.7589
-75.1105,-41.7589
-75.0105,-41.7589
-74.9105,-41.7589
-74.8105,-41.7589
-74.7105,-41.7589
-74.6105,-41.7589
-74.5105,-41.7589
-74.4105,-41.7589
-74.3105,-41.7589
-74.2105,-41.7589
-74.1105,-41.7589
-74.0105,-41.7589
-73.9105,-41.7589
-73.8105,-41.7589
-73.7105,-41.7589
-73.6105,-41.7589
-73.5105,-41.7589
-73.4105,-41.7589
-73.3105,-41.7589
-73.2105,-41.7589
-73.1105,-41.7589
-73.0105,-41.7589
-72.9105,-41.7589
-72.8105,-41.7589
-72.7105,-41.7589
-72.6105,-41.7589
-72.5105,-41.7589
-72.4105,-41.7589
-72.3105,-41.7589
-72.2105,-41.7589
-72.1105,-41.7589
-72.0105,-41.7589
-71.9105,-41.7589
-71.8105,-41.7589
-71.7105,-41.7589
-71.6105,-41.7589
-71.5105,-41.7589
-71.4105,-41.7589
-71.3105,-41.7589
-71.2105,-41.7589
-71.1105,-41.7589
-71.0105,-41.7589
-70.9105,-41.7589
-70.8105,-41.7589
-70.7105,-41.7589
-70.6105,-41.7589
-70.5105,-41.7589
-70.4105,-41.7589
-70.3105,-41.7589
-75.7105,-41.8589
-75.6105,-41.8589
-75.5105,-41.8589
-75.4105,-41.8589
-75.3105,-41.8589
-75.2105,-41.8589
-75.1105,-41.8589
-75.0105,-41.8589
-74.9105,-41.8589
-74.8105,-41.8589
-74.7105,-41.8589
-74.6105,-41.8589
-74.5105,-41.8589
-74.4105,-41.8589
-74.3105,-41.8589
-74.2105,-41.8589
-74.1105,-41.8589
-74.0105,-41.8589
-73.9105,-41.8589
-73.8105,-41.8589
-73.7105,-41.8589
-73.6105,-41.8589
-73.5105,-41.8589
-73.4105,-41.8589
-73.3105,-41.8589
-73.2105,-41.8589
-73.1105,-41.8589
-73.0105,-41.8589
-72.9105,-41.8589
-72.8105,-41.8589
-72.7105,-41.8589
-72.6105,-41.8589
-72.5105,-41.8589
-72.4105,-41.8589
-72.3105,-41.8589
-72.2105,-41.8589
-72.1105,-41.8589
-72.0105,-41.8589
-71.9105,-41.8589
-71.8105,-41.8589
-71.7105,-41.8589
-71.6105,-41.8589
-71.5105,-41.8589
-71.4105,-41.8589
-71.3105,-41.8589
-71.2105,-41.8589
-71.1105,-41.8589
-71.0105,-41.8589
-70.9105,-41.8589
-70.8105,-41.8589
-70.7105,-41.8589
-70.6105,-41.8589
-70.5105,-41.8589
-70.4105,-41.8589
-70.3105,-41.8589
-75.7105,-41.9589
-75.6105,-41.9589
-75.5105,-41.9589
-75.4105,-41.9589
-75.3105,-41.9589
-75.2105,-41.9589
-75.1105,-41.9589
-75.0105,-41.9589
-74.9105,-41.9589
-74.8105,-41.9589
-74.7105,-41.9589
-74.6105,-41.9589
-74.5105,-41.9589
-74.4105,-41.9589
-74.3105,-41.9589
-74.2105,-41.9589
-74.1105,-41.9589
-74.0105,-41.9589
-73.9105,-41.9589
-73.8105,-41.9589
-73.7105,-41.9589
-73.6105,-41.9589
-73.5105,-41.9589
-73.4105,-41.9589
-73.3105,-41.9589
-73.2105,-41.9589
-73.1105,-41.9589
-73.0105,-41.9589
-72.9105,-41.9589
-72.8105,-41.9589
-72.7105,-41.9589
-72.6105,-41.9589
-72.5105,-41.9589
-72.4105,-41.9589
-72.3105,-41.9589
-72.2105,-41.9589
-72.1105,-41.9589
-72.0105,-41.9589
-71.9105,-41.9589
-71.8105,-41.9589
-71.7105,-41.9589
-71.6105,-41.9589
-71.5105,-41.9589
-71.4105,-41.9589
-71.3105,-41.9589
-71.2105,-41.9589
-71.1105,-41.9589
-71.0105,-41.9589
-70.9105,-41.9589
-70.8105,-41.9589
-70.7105,-41.9589
-70.6105,-41.9589
-70.5105,-41.9589
-70.4105,-41.9589
-70.3105,-41.9589
-75.7105,-42.0589
-75.6105,-42.0589
-75.5105,-42.0589
-75.4105,-42.0589
-75.3105,-42.0589
-75.2105,-42.0589
-75.1105,-42.0589
-75.0105,-42.0589
-74.9105,-42.0589
-74.8105,-42.0589
-74.7105,-42.0589
-74.6105,-42.0589
-74.5105,-42.0589
-74.4105,-42.0589
-74.3105,-42.0589
-74.2105,-42.0589
-74.1105,-42.0589
-74.0105,-42.0589
-73.9105,-42.0589
-73.8105,-42.0589
-73.7105,-42.0589
-73.6105,-42.0589
-73.5105,-42.0589
-73.4105,-42.0589
-73.3105,-42.0589
-73.2105,-42.0589
-73.1105,-42.0589
-73.0105,-42.0589
-72.9105,-42.0589
-72.8105,-42.0589
-72.7105,-42.0589
-72.6105,-42.0589
-72.5105,-42.0589
-72.4105,-42.0589
-72.3105,-42.0589
-72.2105,-42.0589
-72.1105,-42.0589
-72.0105,-42.0589
-71.9105,-42.0589
-71.8105,-42.0589
-71.7105,-42.0589
-71.6105,-42.0589
-71.5105,-42.0589
-71.4105,-42.0589
-71.3105,-42.0589
-71.2105,-42.0589
-71.1105,-42.0589
-71.0105,-42.0589
-70.9105,-42.0589
-70.8105,-42.0589
-70.7105,-42.0589
-70.6105,-42.0589
-70.5105,-42.0589
-70.4105,-42.0589
-70.3105,-42.0589
-75.7105,-42.1589
-75.6105,-42.1589
-75.5105,-42.1589
-75.4105,-42.1589
-75.3105,-42.1589
-75.2105,-42.1589
-75.1105,-42.1589
-75.0105,-42.1589
-74.9105,-42.1589
-74.8105,-42.1589
-74.7105,-42.1589
-74.6105,-42.1589
-74.5105,-42.1589
-74.4105,-42.1589
-74.3105,-42.1589
-74.2105,-42.1589
-74.1105,-42.1589
-74.0105,-42.1589
-73.9105,-42.1589
-73.8105,-42.1589
-73.7105,-42.1589
-73.6105,-42.1589
-73.5105,-42.1589
-73.4105,-42.1589
-73.3105,-42.1589
-73.2105,-42.1589
-73.1105,-42.1589
-73.0105,-42.1589
-72.9105,-42.1589
-72.8105,-42.1589
-72.7105,-42.1589
-72.6105,-42.1589
-72.5105,-42.1589
-72.4105,-42.1589
-72.3105,-42.1589
-72.2105,-42.1589
-72.1105,-42.1589
-72.0105,-42.1589
-71.9105,-42.1589
-71.8105,-42.1589
-71.7105,-42.1589
-71.6105,-42.1589
-71.5105,-42.1589
-71.4105,-42.1589
-71.3105,-42.1589
-71.2105,-42.1589
-71.1105,-42.1589
-71.0105,-42.1589
-70.9105,-42.1589
-70.8105,-42.1589
-70.7105,-42.1589
-70.6105,-42.1589
-70.5105,-42.1589
-70.4105,-42.1589
-70.3105,-42.1589
-75.8105,-42.2589
-75.7105,-42.2589
-75.6105,-42.2589
-75.5105,-42.2589
-75.4105,-42.2589
-75.3105,-42.2589
-75.2105,-42.2589
-75.1105,-42.2589
-75.0105,-42.2589
-74.9105,-42.2589
-74.8105,-42.2589
-74.7105,-42.2589
-74.6105,-42.2589
-74.5105,-42.2589
-74.4105,-42.2589
-74.3105,-42.2589
-74.2105,-42.2589
-74.1105,-42.2589
-74.0105,-42.2589
-73.9105,-42.2589
-73.8105,-42.2589
-73.7105,-42.2589
-73.6105,-42.2589
-73.5105,-42.2589
-73.4105,-42.2589
-73.3105,-42.2589
-73.2105,-42.2589
-73.1105,-42.2589
-73.0105,-42.2589
-72.9105,-42.2589
-72.8105,-42.2589
-72.7105,-42.2589
-72.6105,-42.2589
-72.5105,-42.2589
-72.4105,-42.2589
-72.3105,-42.2589
-72.2105,-42.2589
-72.1105,-42.2589
-72.0105,-42.2589
-71.9105,-42.2589
-71.8105,-42.2589
-71.7105,-42.2589
-71.6105,-42.2589
-71.5105,-42.2589
-71.4105,-42.2589
-71.3105,-42.2589
-71.2105,-42.2589
-71.1105,-42.2589
-71.0105,-42.2589
-70.9105,-42.2589
-70.8105,-42.2589
-70.7105,-42.2589
-70.6105,-42.2589
-70.5105,-42.2589
-70.4105,-42.2589
-70.3105,-42.2589
-75.8105,-42.3589
-75.7105,-42.3589
-75.6105,-42.3589
-75.5105,-42.3589
-75.4105,-42.3589
-75.3105,-42.3589
-75.2105,-42.3589
-75.1105,-42.3589
-75.0105,-42.3589
-74.9105,-42.3589
-74.8105,-42.3589
-74.7105,-42.3589
-74.6105,-42.3589
-74.5105,-42.3589
-74.4105,-42.3589
-74.3105,-42.3589
-74.2105,-42.3589
-74.1105,-42.3589
-74.0105,-42.3589
-73.9105,-42.3589
-73.8105,-42.3589
-73.7105,-42.3589
-73.6105,-42.3589
-73.5105,-42.3589
-73.4105,-42.3589
-73.3105,-42.3589
-73.2105,-42.3589
-73.1105,-42.3589
-73.0105,-42.3589
-72.9105,-42.3589
-72.8105,-42.3589
-72.7105,-42.3589
-72.6105,-42.3589
-72.5105,-42.3589
-72.4105,-42.3589
-72.3105,-42.3589
-72.2105,-42.3589
-72.1105,-42.3589
-72.0105,-42.3589
-71.9105,-42.3589
-71.8105,-42.3589
-71.7105,-42.3589
-71.6105,-42.3589
-71.5105,-42.3589
-71.4105,-42.3589
-71.3105,-42.3589
-71.2105,-42.3589
-71.1105,-42.3589
-71.0105,-42.3589
-70.9105,-42.3589
-70.8105,-42.3589
-70.7105,-42.3589
-70.6105,-42.3589
-70.5105,-42.3589
-70.4105,-42.3589
-75.8105,-42.4589
-75.7105,-42.4589
-75.6105,-42.4589
-75.5105,-42.4589
-75.4105,-42.4589
-75.3105,-42.4589
-75.2105,-42.4589
-75.1105,-42.4589
-75.0105,-42.4589
-74.9105,-42.4589
-74.8105,-42.4589
-74.7105,-42.4589
-74.6105,-42.4589
-74.5105,-42.4589
-74.4105,-42.4589
-74.3105,-42.4589
-74.2105,-42.4589
-74.1105,-42.4589
-74.0105,-42.4589
-73.9105,-42.4589
-73.8105,-42.4589
-73.7105,-42.4589
-73.6105,-42.4589
-73.5105,-42.4589
-73.4105,-42.4589
-73.3105,-42.4589
-73.2105,-42.4589
-73.1105,-42.4589
-73.0105,-42.4589
-72.9105,-42.4589
-72.8105,-42.4589
-72.7105,-42.4589
-72.6105,-42.4589
-72.5105,-42.4589
-72.4105,-42.4589
-72.3105,-42.4589
-72.2105,-42.4589
-72.1105,-42.4589
-72.0105,-42.4589
-71.9105,-42.4589
-71.8105,-42.4589
-71.7105,-42.4589
-71.6105,-42.4589
-71.5105,-42.4589
-71.4105,-42.4589
-71.3105,-42.4589
-71.2105,-42.4589
-71.1105,-42.4589
-71.0105,-42.4589
-70.9105,-42.4589
-70.8105,-42.4589
-70.7105,-42.4589
-70.6105,-42.4589
-70.5105,-42.4589
-70.4105,-42.4589
-75.8105,-42.5589
-75.7105,-42.5589
-75.6105,-42.5589
-75.5105,-42.5589
-75.4105,-42.5589
-75.3105,-42.5589
-75.2105,-42.5589
-75.1105,-42.5589
-75.0105,-42.5589
-74.9105,-42.5589
-74.8105,-42.5589
-74.7105,-42.5589
-74.6105,-42.5589
-74.5105,-42.5589
-74.4105,-42.5589
-74.3105,-42.5589
-74.2105,-42.5589
-74.1105,-42.5589
-74.0105,-42.5589
-73.9105,-42.5589
-73.8105,-42.5589
-73.7105,-42.5589
-73.6105,-42.5589
-73.5105,-42.5589
-73.4105,-42.5589
-73.3105,-42.5589
-73.2105,-42.5589
-73.1105,-42.5589
-73.0105,-42.5589
-72.9105,-42.5589
-72.8105,-42.5589
-72.7105,-42.5589
-72.6105,-42.5589
-72.5105,-42.5589
-72.4105,-42.5589
-72.3105,-42.5589
-72.2105,-42.5589
-72.1105,-42.5589
-72.0105,-42.5589
-71.9105,-42.5589
-71.8105,-42.5589
-71.7105,-42.5589
-71.6105,-42.5589
-71.5105,-42.5589
-71.4105,-42.5589
-71.3105,-42.5589
-71.2105,-42.5589
-71.1105,-42.5589
-71.0105,-42.5589
-70.9105,-42.5589
-70.8105,-42.5589
-70.7105,-42.5589
-70.6105,-42.5589
-70.5105,-42.5589
-70.4105,-42.5589
-75.8105,-42.6589
-75.7105,-42.6589
-75.6105,-42.6589
-75.5105,-42.6589
-75.4105,-42.6589
-75.3105,-42.6589
-75.2105,-42.6589
-75.1105,-42.6589
-75.0105,-42.6589
-74.9105,-42.6589
-74.8105,-42.6589
-74.7105,-42.6589
-74.6105,-42.6589
-74.5105,-42.6589
-74.4105,-42.6589
-74.3105,-42.6589
-74.2105,-42.6589
-74.1105,-42.6589
-74.0105,-42.6589
-73.9105,-42.6589
-73.8105,-42.6589
-73.7105,-42.6589
-73.6105,-42.6589
-73.5105,-42.6589
-73.4105,-42.6589
-73.3105,-42.6589
-73.2105,-42.6589
-73.1105,-42.6589
-73.0105,-42.6589
-72.9105,-42.6589
-72.8105,-42.6589
-72.7105,-42.6589
-72.6105,-42.6589
-72.5105,-42.6589
-72.4105,-42.6589
-72.3105,-42.6589
-72.2105,-42.6589
-72.1105,-42.6589
-72.0105,-42.6589
-71.9105,-42.6589
-71.8105,-42.6589
-71.7105,-42.6589
-71.6105,-42.6589
-71.5105,-42.6589
-71.4105,-42.6589
-71.3105,-42.6589
-71.2105,-42.6589
-71.1105,-42.6589
-71.0105,-42.6589
-70.9105,-42.6589
-70.8105,-42.6589
-70.7105,-42.6589
-70.6105,-42.6589
-70.5105,-42.6589
-70.4105,-42.6589
-75.8105,-42.7589
-75.7105,-42.7589
-75.6105,-42.7589
-75.5105,-42.7589
-75.4105,-42.7589
-75.3105,-42.7589
-75.2105,-42.7589
-75.1105,-42.7589
-75.0105,-42.7589
-74.9105,-42.7589
-74.8105,-42.7589
-74.7105,-42.7589
-74.6105,-42.7589
-74.5105,-42.7589
-74.4105,-42.7589
-74.3105,-42.7589
-74.2105,-42.7589
-74.1105,-42.7589
-74.0105,-42.7589
-73.9105,-42.7589
-73.8105,-42.7589
-73.7105,-42.7589
-73.6105,-42.7589
-73.5105,-42.7589
-73.4105,-42.7589
-73.3105,-42.7589
-73.2105,-42.7589
-73.1105,-42.7589
-73.0105,-42.7589
-72.9105,-42.7589
-72.8105,-42.7589
-72.7105,-42.7589
-72.6105,-42.7589
-72.5105,-42.7589
-72.4105,-42.7589
-72.3105,-42.7589
-72.2105,-42.7589
-72.1105,-42.7589
-72.0105,-42.7589
-71.9105,-42.7589
-71.8105,-42.7589
-71.7105,-42.7589
-71.6105,-42.7589
-71.5105,-42.7589
-71.4105,-42.7589
-71.3105,-42.7589
-71.2105,-42.7589
-71.1105,-42.7589
-71.0105,-42.7589
-70.9105,-42.7589
-70.8105,-42.7589
-70.7105,-42.7589
-70.6105,-42.7589
-70.5105,-42.7589
-70.4105,-42.7589
-75.8105,-42.8589
-75.7105,-42.8589
-75.6105,-42.8589
-75.5105,-42.8589
-75.4105,-42.8589
-75.3105,-42.8589
-75.2105,-42.8589
-75.1105,-42.8589
-75.0105,-42.8589
-74.9105,-42.8589
-74.8105,-42.8589
-74.7105,-42.8589
-74.6105,-42.8589
-74.5105,-42.8589
-74.4105,-42.8589
-74.3105,-42.8589
-74.2105,-42.8589
-74.1105,-42.8589
-74.0105,-42.8589
-73.9105,-42.8589
-73.8105,-42.8589
-73.7105,-42.8589
-73.6105,-42.8589
-73.5105,-42.8589
-73.4105,-42.8589
-73.3105,-42.8589
-73.2105,-42.8589
-73.1105,-42.8589
-73.0105,-42.8589
-72.9105,-42.8589
-72.8105,-42.8589
-72.7105,-42.8589
-72.6105,-42.8589
-72.5105,-42.8589
-72.4105,-42.8589
-72.3105,-42.8589
-72.2105,-42.8589
-72.1105,-42.8589
-72.0105,-42.8589
-71.9105,-42.8589
-71.8105,-42.8589
-71.7105,-42.8589
-71.6105,-42.8589
-71.5105,-42.8589
-71.4105,-42.8589
-71.3105,-42.8589
-71.2105,-42.8589
-71.1105,-42.8589
-71.0105,-42.8589
-70.9105,-42.8589
-70.8105,-42.8589
-70.7105,-42.8589
-70.6105,-42.8589
-70.5105,-42.8589
-70.4105,-42.8589
-70.3105,-42.8589
-75.8105,-42.9589
-75.7105,-42.9589
-75.6105,-42.9589
-75.5105,-42.9589
-75.4105,-42.9589
-75.3105,-42.9589
-75.2105,-42.9589
-75.1105,-42.9589
-75.0105,-42.9589
-74.9105,-42.9589
-74.8105,-42.9589
-74.7105,-42.9589
-74.6105,-42.9589
-74.5105,-42.9589
-74.4105,-42.9589
-74.3105,-42.9589
-74.2105,-42.9589
-74.1105,-42.9589
-74.0105,-42.9589
-73.9105,-42.9589
-73.8105,-42.9589
-73.7105,-42.9589
-73.6105,-42.9589
-73.5105,-42.9589
-73.4105,-42.9589
-73.3105,-42.9589
-73.2105,-42.9589
-73.1105,-42.9589
-73.0105,-42.9589
-72.9105,-42.9589
-72.8105,-42.9589
-72.7105,-42.9589
-72.6105,-42.9589
-72.5105,-42.9589
-72.4105,-42.9589
-72.3105,-42.9589
-72.2105,-42.9589
-72.1105,-42.9589
-72.0105,-42.9589
-71.9105,-42.9589
-71.8105,-42.9589
-71.7105,-42.9589
-71.6105,-42.9589
-71.5105,-42.9589
-71.4105,-42.9589
-71.3105,-42.9589
-71.2105,-42.9589
-71.1105,-42.9589
-71.0105,-42.9589
-70.9105,-42.9589
-70.8105,-42.9589
-70.7105,-42.9589
-70.6105,-42.9589
-70.5105,-42.9589
-70.4105,-42.9589
-70.3105,-42.9589
-76.0105,-43.0589
-75.9105,-43.0589
-75.8105,-43.0589
-75.7105,-43.0589
-75.6105,-43.0589
-75.5105,-43.0589
-75.4105,-43.0589
-75.3105,-43.0589
-75.2105,-43.0589
-75.1105,-43.0589
-75.0105,-43.0589
-74.9105,-43.0589
-74.8105,-43.0589
-74.7105,-43.0589
-74.6105,-43.0589
-74.5105,-43.0589
-74.4105,-43.0589
-74.3105,-43.0589
-74.2105,-43.0589
-74.1105,-43.0589
-74.0105,-43.0589
-73.9105,-43.0589
-73.8105,-43.0589
-73.7105,-43.0589
-73.6105,-43.0589
-73.5105,-43.0589
-73.4105,-43.0589
-73.3105,-43.0589
-73.2105,-43.0589
-73.1105,-43.0589
-73.0105,-43.0589
-72.9105,-43.0589
-72.8105,-43.0589
-72.7105,-43.0589
-72.6105,-43.0589
-72.5105,-43.0589
-72.4105,-43.0589
-72.3105,-43.0589
-72.2105,-43.0589
-72.1105,-43.0589
-72.0105,-43.0589
-71.9105,-43.0589
-71.8105,-43.0589
-71.7105,-43.0589
-71.6105,-43.0589
-71.5105,-43.0589
-71.4105,-43.0589
-71.3105,-43.0589
-71.2105,-43.0589
-71.1105,-43.0589
-71.0105,-43.0589
-70.9105,-43.0589
-70.8105,-43.0589
-70.7105,-43.0589
-70.6105,-43.0589
-70.5105,-43.0589
-70.4105,-43.0589
-70.3105,-43.0589
-76.1105,-43.1589
-76.0105,-43.1589
-75.9105,-43.1589
-75.8105,-43.1589
-75.7105,-43.1589
-75.6105,-43.1589
-75.5105,-43.1589
-75.4105,-43.1589
-75.3105,-43.1589
-75.2105,-43.1589
-75.1105,-43.1589
-75.0105,-43.1589
-74.9105,-43.1589
-74.8105,-43.1589
-74.7105,-43.1589
-74.6105,-43.1589
-74.5105,-43.1589
-74.4105,-43.1589
-74.3105,-43.1589
-74.2105,-43.1589
-74.1105,-43.1589
-74.0105,-43.1589
-73.9105,-43.1589
-73.8105,-43.1589
-73.7105,-43.1589
-73.6105,-43.1589
-73.5105,-43.1589
-73.4105,-43.1589
-73.3105,-43.1589
-73.2105,-43.1589
-73.1105,-43.1589
-73.0105,-43.1589
-72.9105,-43.1589
-72.8105,-43.1589
-72.7105,-43.1589
-72.6105,-43.1589
-72.5105,-43.1589
-72.4105,-43.1589
-72.3105,-43.1589
-72.2105,-43.1589
-72.1105,-43.1589
-72.0105,-43.1589
-71.9105,-43.1589
-71.8105,-43.1589
-71.7105,-43.1589
-71.6105,-43.1589
-71.5105,-43.1589
-71.4105,-43.1589
-71.3105,-43.1589
-71.2105,-43.1589
-71.1105,-43.1589
-71.0105,-43.1589
-70.9105,-43.1589
-70.8105,-43.1589
-70.7105,-43.1589
-70.6105,-43.1589
-70.5105,-43.1589
-70.4105,-43.1589
-70.3105,-43.1589
-76.2105,-43.2589
-76.1105,-43.2589
-76.0105,-43.2589
-75.9105,-43.2589
-75.8105,-43.2589
-75.7105,-43.2589
-75.6105,-43.2589
-75.5105,-43.2589
-75.4105,-43.2589
-75.3105,-43.2589
-75.2105,-43.2589
-75.1105,-43.2589
-75.0105,-43.2589
-74.9105,-43.2589
-74.8105,-43.2589
-74.7105,-43.2589
-74.6105,-43.2589
-74.5105,-43.2589
-74.4105,-43.2589
-74.3105,-43.2589
-74.2105,-43.2589
-74.1105,-43.2589
-74.0105,-43.2589
-73.9105,-43.2589
-73.8105,-43.2589
-73.7105,-43.2589
-73.6105,-43.2589
-73.5105,-43.2589
-73.4105,-43.2589
-73.3105,-43.2589
-73.2105,-43.2589
-73.1105,-43.2589
-73.0105,-43.2589
-72.9105,-43.2589
-72.8105,-43.2589
-72.7105,-43.2589
-72.6105,-43.2589
-72.5105,-43.2589
-72.4105,-43.2589
-72.3105,-43.2589
-72.2105,-43.2589
-72.1105,-43.2589
-72.0105,-43.2589
-71.9105,-43.2589
-71.8105,-43.2589
-71.7105,-43.2589
-71.6105,-43.2589
-71.5105,-43.2589
-71.4105,-43.2589
-71.3105,-43.2589
-71.2105,-43.2589
-71.1105,-43.2589
-71.0105,-43.2589
-70.9105,-43.2589
-70.8105,-43.2589
-70.7105,-43.2589
-70.6105,-43.2589
-70.5105,-43.2589
-70.4105,-43.2589
-70.3105,-43.2589
-76.2105,-43.3589
-76.1105,-43.3589
-76.0105,-43.3589
-75.9105,-43.3589
-75.8105,-43.3589
-75.7105,-43.3589
-75.6105,-43.3589
-75.5105,-43.3589
-75.4105,-43.3589
-75.3105,-43.3589
-75.2105,-43.3589
-75.1105,-43.3589
-75.0105,-43.3589
-74.9105,-43.3589
-74.8105,-43.3589
-74.7105,-43.3589
-74.6105,-43.3589
-74.5105,-43.3589
-74.4105,-43.3589
-74.3105,-43.3589
-74.2105,-43.3589
-74.1105,-43.3589
-74.0105,-43.3589
-73.9105,-43.3589
-73.8105,-43.3589
-73.7105,-43.3589
-73.6105,-43.3589
-73.5105,-43.3589
-73.4105,-43.3589
-73.3105,-43.3589
-73.2105,-43.3589
-73.1105,-43.3589
-73.0105,-43.3589
-72.9105,-43.3589
-72.8105,-43.3589
-72.7105,-43.3589
-72.6105,-43.3589
-72.5105,-43.3589
-72.4105,-43.3589
-72.3105,-43.3589
-72.2105,-43.3589
-72.1105,-43.3589
-72.0105,-43.3589
-71.9105,-43.3589
-71.8105,-43.3589
-71.7105,-43.3589
-71.6105,-43.3589
-71.5105,-43.3589
-71.4105,-43.3589
-71.3105,-43.3589
-71.2105,-43.3589
-71.1105,-43.3589
-71.0105,-43.3589
-70.9105,-43.3589
-70.8105,-43.3589
-70.7105,-43.3589
-70.6105,-43.3589
-70.5105,-43.3589
-70.4105,-43.3589
-70.3105,-43.3589
-70.2105,-43.3589
-76.2105,-43.4589
-76.1105,-43.4589
-76.0105,-43.4589
-75.9105,-43.4589
-75.8105,-43.4589
-75.7105,-43.4589
-75.6105,-43.4589
-75.5105,-43.4589
-75.4105,-43.4589
-75.3105,-43.4589
-75.2105,-43.4589
-75.1105,-43.4589
-75.0105,-43.4589
-74.9105,-43.4589
-74.8105,-43.4589
-74.7105,-43.4589
-74.6105,-43.4589
-74.5105,-43.4589
-74.4105,-43.4589
-74.3105,-43.4589
-74.2105,-43.4589
-74.1105,-43.4589
-74.0105,-43.4589
-73.9105,-43.4589
-73.8105,-43.4589
-73.7105,-43.4589
-73.6105,-43.4589
-73.5105,-43.4589
-73.4105,-43.4589
-73.3105,-43.4589
-73.2105,-43.4589
-73.1105,-43.4589
-73.0105,-43.4589
-72.9105,-43.4589
-72.8105,-43.4589
-72.7105,-43.4589
-72.6105,-43.4589
-72.5105,-43.4589
-72.4105,-43.4589
-72.3105,-43.4589
-72.2105,-43.4589
-72.1105,-43.4589
-72.0105,-43.4589
-71.9105,-43.4589
-71.8105,-43.4589
-71.7105,-43.4589
-71.6105,-43.4589
-71.5105,-43.4589
-71.4105,-43.4589
-71.3105,-43.4589
-71.2105,-43.4589
-71.1105,-43.4589
-71.0105,-43.4589
-70.9105,-43.4589
-70.8105,-43.4589
-70.7105,-43.4589
-70.6105,-43.4589
-70.5105,-43.4589
-70.4105,-43.4589
-70.3105,-43.4589
-70.2105,-43.4589
-70.1105,-43.4589
-76.2105,-43.5589
-76.1105,-43.5589
-76.0105,-43.5589
-75.9105,-43.5589
-75.8105,-43.5589
-75.7105,-43.5589
-75.6105,-43.5589
-75.5105,-43.5589
-75.4105,-43.5589
-75.3105,-43.5589
-75.2105,-43.5589
-75.1105,-43.5589
-75.0105,-43.5589
-74.9105,-43.5589
-74.8105,-43.5589
-74.7105,-43.5589
-74.6105,-43.5589
-74.5105,-43.5589
-74.4105,-43.5589
-74.3105,-43.5589
-74.2105,-43.5589
-74.1105,-43.5589
-74.0105,-43.5589
-73.9105,-43.5589
-73.8105,-43.5589
-73.7105,-43.5589
-73.6105,-43.5589
-73.5105,-43.5589
-73.4105,-43.5589
-73.3105,-43.5589
-73.2105,-43.5589
-73.1105,-43.5589
-73.0105,-43.5589
-72.9105,-43.5589
-72.8105,-43.5589
-72.7105,-43.5589
-72.6105,-43.5589
-72.5105,-43.5589
-72.4105,-43.5589
-72.3105,-43.5589
-72.2105,-43.5589
-72.1105,-43.5589
-72.0105,-43.5589
-71.9105,-43.5589
-71.8105,-43.5589
-71.7105,-43.5589
-71.6105,-43.5589
-71.5105,-43.5589
-71.4105,-43.5589
-71.3105,-43.5589
-71.2105,-43.5589
-71.1105,-43.5589
-71.0105,-43.5589
-70.9105,-43.5589
-70.8105,-43.5589
-70.7105,-43.5589
-70.6105,-43.5589
-70.5105,-43.5589
-70.4105,-43.5589
-70.3105,-43.5589
-70.2105,-43.5589
-70.1105,-43.5589
-70.0105,-43.5589
-76.3105,-43.6589
-76.2105,-43.6589
-76.1105,-43.6589
-76.0105,-43.6589
-75.9105,-43.6589
-75.8105,-43.6589
-75.7105,-43.6589
-75.6105,-43.6589
-75.5105,-43.6589
-75.4105,-43.6589
-75.3105,-43.6589
-75.2105,-43.6589
-75.1105,-43.6589
-75.0105,-43.6589
-74.9105,-43.6589
-74.8105,-43.6589
-74.7105,-43.6589
-74.6105,-43.6589
-74.5105,-43.6589
-74.4105,-43.6589
-74.3105,-43.6589
-74.2105,-43.6589
-74.1105,-43.6589
-74.0105,-43.6589
-73.9105,-43.6589
-73.8105,-43.6589
-73.7105,-43.6589
-73.6105,-43.6589
-73.5105,-43.6589
-73.4105,-43.6589
-73.3105,-43.6589
-73.2105,-43.6589
-73.1105,-43.6589
-73.0105,-43.6589
-72.9105,-43.6589
-72.8105,-43.6589
-72.7105,-43.6589
-72.6105,-43.6589
-72.5105,-43.6589
-72.4105,-43.6589
-72.3105,-43.6589
-72.2105,-43.6589
-72.1105,-43.6589
-72.0105,-43.6589
-71.9105,-43.6589
-71.8105,-43.6589
-71.7105,-43.6589
-71.6105,-43.6589
-71.5105,-43.6589
-71.4105,-43.6589
-71.3105,-43.6589
-71.2105,-43.6589
-71.1105,-43.6589
-71.0105,-43.6589
-70.9105,-43.6589
-70.8105,-43.6589
-70.7105,-43.6589
-70.6105,-43.6589
-70.5105,-43.6589
-70.4105,-43.6589
-70.3105,-43.6589
-70.2105,-43.6589
-70.1105,-43.6589
-70.0105,-43.6589
-76.3105,-43.7589
-76.2105,-43.7589
-76.1105,-43.7589
-76.0105,-43.7589
-75.9105,-43.7589
-75.8105,-43.7589
-75.7105,-43.7589
-75.6105,-43.7589
-75.5105,-43.7589
-75.4105,-43.7589
-75.3105,-43.7589
-75.2105,-43.7589
-75.1105,-43.7589
-75.0105,-43.7589
-74.9105,-43.7589
-74.8105,-43.7589
-74.7105,-43.7589
-74.6105,-43.7589
-74.5105,-43.7589
-74.4105,-43.7589
-74.3105,-43.7589
-74.2105,-43.7589
-74.1105,-43.7589
-74.0105,-43.7589
-73.9105,-43.7589
-73.8105,-43.7589
-73.7105,-43.7589
-73.6105,-43.7589
-73.5105,-43.7589
-73.4105,-43.7589
-73.3105,-43.7589
-73.2105,-43.7589
-73.1105,-43.7589
-73.0105,-43.7589
-72.9105,-43.7589
-72.8105,-43.7589
-72.7105,-43.7589
-72.6105,-43.7589
-72.5105,-43.7589
-72.4105,-43.7589
-72.3105,-43.7589
-72.2105,-43.7589
-72.1105,-43.7589
-72.0105,-43.7589
-71.9105,-43.7589
-71.8105,-43.7589
-71.7105,-43.7589
-71.6105,-43.7589
-71.5105,-43.7589
-71.4105,-43.7589
-71.3105,-43.7589
-71.2105,-43.7589
-71.1105,-43.7589
-71.0105,-43.7589
-70.9105,-43.7589
-70.8105,-43.7589
-70.7105,-43.7589
-70.6105,-43.7589
-70.5105,-43.7589
-70.4105,-43.7589
-70.3105,-43.7589
-70.2105,-43.7589
-70.1105,-43.7589
-70.0105,-43.7589
-69.9105,-43.7589
-76.3105,-43.8589
-76.2105,-43.8589
-76.1105,-43.8589
-76.0105,-43.8589
-75.9105,-43.8589
-75.8105,-43.8589
-75.7105,-43.8589
-75.6105,-43.8589
-75.5105,-43.8589
-75.4105,-43.8589
-75.3105,-43.8589
-75.2105,-43.8589
-75.1105,-43.8589
-75.0105,-43.8589
-74.9105,-43.8589
-74.8105,-43.8589
-74.7105,-43.8589
-74.6105,-43.8589
-74.5105,-43.8589
-74.4105,-43.8589
-74.3105,-43.8589
-74.2105,-43.8589
-74.1105,-43.8589
-74.0105,-43.8589
-73.9105,-43.8589
-73.8105,-43.8589
-73.7105,-43.8589
-73.6105,-43.8589
-73.5105,-43.8589
-73.4105,-43.8589
-73.3105,-43.8589
-73.2105,-43.8589
-73.1105,-43.8589
-73.0105,-43.8589
-72.9105,-43.8589
-72.8105,-43.8589
-72.7105,-43.8589
-72.6105,-43.8589
-72.5105,-43.8589
-72.4105,-43.8589
-72.3105,-43.8589
-72.2105,-43.8589
-72.1105,-43.8589
-72.0105,-43.8589
-71.9105,-43.8589
-71.8105,-43.8589
-71.7105,-43.8589
-71.6105,-43.8589
-71.5105,-43.8589
-71.4105,-43.8589
-71.3105,-43.8589
-71.2105,-43.8589
-71.1105,-43.8589
-71.0105,-43.8589
-70.9105,-43.8589
-70.8105,-43.8589
-70.7105,-43.8589
-70.6105,-43.8589
-70.5105,-43.8589
-70.4105,-43.8589
-70.3105,-43.8589
-70.2105,-43.8589
-70.1105,-43.8589
-70.0105,-43.8589
-69.9105,-43.8589
-69.8105,-43.8589
-76.3105,-43.9589
-76.2105,-43.9589
-76.1105,-43.9589
-76.0105,-43.9589
-75.9105,-43.9589
-75.8105,-43.9589
-75.7105,-43.9589
-75.6105,-43.9589
-75.5105,-43.9589
-75.4105,-43.9589
-75.3105,-43.9589
-75.2105,-43.9589
-75.1105,-43.9589
-75.0105,-43.9589
-74.9105,-43.9589
-74.8105,-43.9589
-74.7105,-43.9589
-74.6105,-43.9589
-74.5105,-43.9589
-74.4105,-43.9589
-74.3105,-43.9589
-74.2105,-43.9589
-74.1105,-43.9589
-74.0105,-43.9589
-73.9105,-43.9589
-73.8105,-43.9589
-73.7105,-43.9589
-73.6105,-43.9589
-73.5105,-43.9589
-73.4105,-43.9589
-73.3105,-43.9589
-73.2105,-43.9589
-73.1105,-43.9589
-73.0105,-43.9589
-72.9105,-43.9589
-72.8105,-43.9589
-72.7105,-43.9589
-72.6105,-43.9589
-72.5105,-43.9589
-72.4105,-43.9589
-72.3105,-43.9589
-72.2105,-43.9589
-72.1105,-43.9589
-72.0105,-43.9589
-71.9105,-43.9589
-71.8105,-43.9589
-71.7105,-43.9589
-71.6105,-43.9589
-71.5105,-43.9589
-71.4105,-43.9589
-71.3105,-43.9589
-71.2105,-43.9589
-71.1105,-43.9589
-71.0105,-43.9589
-70.9105,-43.9589
-70.8105,-43.9589
-70.7105,-43.9589
-70.6105,-43.9589
-70.5105,-43.9589
-70.4105,-43.9589
-70.3105,-43.9589
-70.2105,-43.9589
-70.1105,-43.9589
-70.0105,-43.9589
-69.9105,-43.9589
-69.8105,-43.9589
-76.4105,-44.0589
-76.3105,-44.0589
-76.2105,-44.0589
-76.1105,-44.0589
-76.0105,-44.0589
-75.9105,-44.0589
-75.8105,-44.0589
-75.7105,-44.0589
-75.6105,-44.0589
-75.5105,-44.0589
-75.4105,-44.0589
-75.3105,-44.0589
-75.2105,-44.0589
-75.1105,-44.0589
-75.0105,-44.0589
-74.9105,-44.0589
-74.8105,-44.0589
-74.7105,-44.0589
-74.6105,-44.0589
-74.5105,-44.0589
-74.4105,-44.0589
-74.3105,-44.0589
-74.2105,-44.0589
-74.1105,-44.0589
-74.0105,-44.0589
-73.9105,-44.0589
-73.8105,-44.0589
-73.7105,-44.0589
-73.6105,-44.0589
-73.5105,-44.0589
-73.4105,-44.0589
-73.3105,-44.0589
-73.2105,-44.0589
-73.1105,-44.0589
-73.0105,-44.0589
-72.9105,-44.0589
-72.8105,-44.0589
-72.7105,-44.0589
-72.6105,-44.0589
-72.5105,-44.0589
-72.4105,-44.0589
-72.3105,-44.0589
-72.2105,-44.0589
-72.1105,-44.0589
-72.0105,-44.0589
-71.9105,-44.0589
-71.8105,-44.0589
-71.7105,-44.0589
-71.6105,-44.0589
-71.5105,-44.0589
-71.4105,-44.0589
-71.3105,-44.0589
-71.2105,-44.0589
-71.1105,-44.0589
-71.0105,-44.0589
-70.9105,-44.0589
-70.8105,-44.0589
-70.7105,-44.0589
-70.6105,-44.0589
-70.5105,-44.0589
-70.4105,-44.0589
-70.3105,-44.0589
-70.2105,-44.0589
-70.1105,-44.0589
-70.0105,-44.0589
-69.9105,-44.0589
-69.8105,-44.0589
-76.4105,-44.1589
-76.3105,-44.1589
-76.2105,-44.1589
-76.1105,-44.1589
-76.0105,-44.1589
-75.9105,-44.1589
-75.8105,-44.1589
-75.7105,-44.1589
-75.6105,-44.1589
-75.5105,-44.1589
-75.4105,-44.1589
-75.3105,-44.1589
-75.2105,-44.1589
-75.1105,-44.1589
-75.0105,-44.1589
-74.9105,-44.1589
-74.8105,-44.1589
-74.7105,-44.1589
-74.6105,-44.1589
-74.5105,-44.1589
-74.4105,-44.1589
-74.3105,-44.1589
-74.2105,-44.1589
-74.1105,-44.1589
-74.0105,-44.1589
-73.9105,-44.1589
-73.8105,-44.1589
-73.7105,-44.1589
-73.6105,-44.1589
-73.5105,-44.1589
-73.4105,-44.1589
-73.3105,-44.1589
-73.2105,-44.1589
-73.1105,-44.1589
-73.0105,-44.1589
-72.9105,-44.1589
-72.8105,-44.1589
-72.7105,-44.1589
-72.6105,-44.1589
-72.5105,-44.1589
-72.4105,-44.1589
-72.3105,-44.1589
-72.2105,-44.1589
-72.1105,-44.1589
-72.0105,-44.1589
-71.9105,-44.1589
-71.8105,-44.1589
-71.7105,-44.1589
-71.6105,-44.1589
-71.5105,-44.1589
-71.4105,-44.1589
-71.3105,-44.1589
-71.2105,-44.1589
-71.1105,-44.1589
-71.0105,-44.1589
-70.9105,-44.1589
-70.8105,-44.1589
-70.7105,-44.1589
-70.6105,-44.1589
-70.5105,-44.1589
-70.4105,-44.1589
-70.3105,-44.1589
-70.2105,-44.1589
-70.1105,-44.1589
-70.0105,-44.1589
-69.9105,-44.1589
-69.8105,-44.1589
-69.7105,-44.1589
-76.5105,-44.2589
-76.4105,-44.2589
-76.3105,-44.2589
-76.2105,-44.2589
-76.1105,-44.2589
-76.0105,-44.2589
-75.9105,-44.2589
-75.8105,-44.2589
-75.7105,-44.2589
-75.6105,-44.2589
-75.5105,-44.2589
-75.4105,-44.2589
-75.3105,-44.2589
-75.2105,-44.2589
-75.1105,-44.2589
-75.0105,-44.2589
-74.9105,-44.2589
-74.8105,-44.2589
-74.7105,-44.2589
-74.6105,-44.2589
-74.5105,-44.2589
-74.4105,-44.2589
-74.3105,-44.2589
-74.2105,-44.2589
-74.1105,-44.2589
-74.0105,-44.2589
-73.9105,-44.2589
-73.8105,-44.2589
-73.7105,-44.2589
-73.6105,-44.2589
-73.5105,-44.2589
-73.4105,-44.2589
-73.3105,-44.2589
-73.2105,-44.2589
-73.1105,-44.2589
-73.0105,-44.2589
-72.9105,-44.2589
-72.8105,-44.2589
-72.7105,-44.2589
-72.6105,-44.2589
-72.5105,-44.2589
-72.4105,-44.2589
-72.3105,-44.2589
-72.2105,-44.2589
-72.1105,-44.2589
-72.0105,-44.2589
-71.9105,-44.2589
-71.8105,-44.2589
-71.7105,-44.2589
-71.6105,-44.2589
-71.5105,-44.2589
-71.4105,-44.2589
-71.3105,-44.2589
-71.2105,-44.2589
-71.1105,-44.2589
-71.0105,-44.2589
-70.9105,-44.2589
-70.8105,-44.2589
-70.7105,-44.2589
-70.6105,-44.2589
-70.5105,-44.2589
-70.4105,-44.2589
-70.3105,-44.2589
-70.2105,-44.2589
-70.1105,-44.2589
-70.0105,-44.2589
-69.9105,-44.2589
-69.8105,-44.2589
-76.5105,-44.3589
-76.4105,-44.3589
-76.3105,-44.3589
-76.2105,-44.3589
-76.1105,-44.3589
-76.0105,-44.3589
-75.9105,-44.3589
-75.8105,-44.3589
-75.7105,-44.3589
-75.6105,-44.3589
-75.5105,-44.3589
-75.4105,-44.3589
-75.3105,-44.3589
-75.2105,-44.3589
-75.1105,-44.3589
-75.0105,-44.3589
-74.9105,-44.3589
-74.8105,-44.3589
-74.7105,-44.3589
-74.6105,-44.3589
-74.5105,-44.3589
-74.4105,-44.3589
-74.3105,-44.3589
-74.2105,-44.3589
-74.1105,-44.3589
-74.0105,-44.3589
-73.9105,-44.3589
-73.8105,-44.3589
-73.7105,-44.3589
-73.6105,-44.3589
-73.5105,-44.3589
-73.4105,-44.3589
-73.3105,-44.3589
-73.2105,-44.3589
-73.1105,-44.3589
-73.0105,-44.3589
-72.9105,-44.3589
-72.8105,-44.3589
-72.7105,-44.3589
-72.6105,-44.3589
-72.5105,-44.3589
-72.4105,-44.3589
-72.3105,-44.3589
-72.2105,-44.3589
-72.1105,-44.3589
-72.0105,-44.3589
-71.9105,-44.3589
-71.8105,-44.3589
-71.7105,-44.3589
-71.6105,-44.3589
-71.5105,-44.3589
-71.4105,-44.3589
-71.3105,-44.3589
-71.2105,-44.3589
-71.1105,-44.3589
-71.0105,-44.3589
-70.9105,-44.3589
-70.8105,-44.3589
-70.7105,-44.3589
-70.6105,-44.3589
-70.5105,-44.3589
-70.4105,-44.3589
-70.3105,-44.3589
-70.2105,-44.3589
-70.1105,-44.3589
-70.0105,-44.3589
-69.9105,-44.3589
-69.8105,-44.3589
-69.7105,-44.3589
-76.6105,-44.4589
-76.5105,-44.4589
-76.4105,-44.4589
-76.3105,-44.4589
-76.2105,-44.4589
-76.1105,-44.4589
-76.0105,-44.4589
-75.9105,-44.4589
-75.8105,-44.4589
-75.7105,-44.4589
-75.6105,-44.4589
-75.5105,-44.4589
-75.4105,-44.4589
-75.3105,-44.4589
-75.2105,-44.4589
-75.1105,-44.4589
-75.0105,-44.4589
-74.9105,-44.4589
-74.8105,-44.4589
-74.7105,-44.4589
-74.6105,-44.4589
-74.5105,-44.4589
-74.4105,-44.4589
-74.3105,-44.4589
-74.2105,-44.4589
-74.1105,-44.4589
-74.0105,-44.4589
-73.9105,-44.4589
-73.8105,-44.4589
-73.7105,-44.4589
-73.6105,-44.4589
-73.5105,-44.4589
-73.4105,-44.4589
-73.3105,-44.4589
-73.2105,-44.4589
-73.1105,-44.4589
-73.0105,-44.4589
-72.9105,-44.4589
-72.8105,-44.4589
-72.7105,-44.4589
-72.6105,-44.4589
-72.5105,-44.4589
-72.4105,-44.4589
-72.3105,-44.4589
-72.2105,-44.4589
-72.1105,-44.4589
-72.0105,-44.4589
-71.9105,-44.4589
-71.8105,-44.4589
-71.7105,-44.4589
-71.6105,-44.4589
-71.5105,-44.4589
-71.4105,-44.4589
-71.3105,-44.4589
-71.2105,-44.4589
-71.1105,-44.4589
-71.0105,-44.4589
-70.9105,-44.4589
-70.8105,-44.4589
-70.7105,-44.4589
-70.6105,-44.4589
-70.5105,-44.4589
-70.4105,-44.4589
-70.3105,-44.4589
-70.2105,-44.4589
-70.1105,-44.4589
-70.0105,-44.4589
-69.9105,-44.4589
-69.8105,-44.4589
-69.7105,-44.4589
-76.6105,-44.5589
-76.5105,-44.5589
-76.4105,-44.5589
-76.3105,-44.5589
-76.2105,-44.5589
-76.1105,-44.5589
-76.0105,-44.5589
-75.9105,-44.5589
-75.8105,-44.5589
-75.7105,-44.5589
-75.6105,-44.5589
-75.5105,-44.5589
-75.4105,-44.5589
-75.3105,-44.5589
-75.2105,-44.5589
-75.1105,-44.5589
-75.0105,-44.5589
-74.9105,-44.5589
-74.8105,-44.5589
-74.7105,-44.5589
-74.6105,-44.5589
-74.5105,-44.5589
-74.4105,-44.5589
-74.3105,-44.5589
-74.2105,-44.5589
-74.1105,-44.5589
-74.0105,-44.5589
-73.9105,-44.5589
-73.8105,-44.5589
-73.7105,-44.5589
-73.6105,-44.5589
-73.5105,-44.5589
-73.4105,-44.5589
-73.3105,-44.5589
-73.2105,-44.5589
-73.1105,-44.5589
-73.0105,-44.5589
-72.9105,-44.5589
-72.8105,-44.5589
-72.7105,-44.5589
-72.6105,-44.5589
-72.5105,-44.5589
-72.4105,-44.5589
-72.3105,-44.5589
-72.2105,-44.5589
-72.1105,-44.5589
-72.0105,-44.5589
-71.9105,-44.5589
-71.8105,-44.5589
-71.7105,-44.5589
-71.6105,-44.5589
-71.5105,-44.5589
-71.4105,-44.5589
-71.3105,-44.5589
-71.2105,-44.5589
-71.1105,-44.5589
-71.0105,-44.5589
-70.9105,-44.5589
-70.8105,-44.5589
-70.7105,-44.5589
-70.6105,-44.5589
-70.5105,-44.5589
-70.4105,-44.5589
-70.3105,-44.5589
-70.2105,-44.5589
-70.1105,-44.5589
-70.0105,-44.5589
-69.9105,-44.5589
-69.8105,-44.5589
-69.7105,-44.5589
-76.6105,-44.6589
-76.5105,-44.6589
-76.4105,-44.6589
-76.3105,-44.6589
-76.2105,-44.6589
-76.1105,-44.6589
-76.0105,-44.6589
-75.9105,-44.6589
-75.8105,-44.6589
-75.7105,-44.6589
-75.6105,-44.6589
-75.5105,-44.6589
-75.4105,-44.6589
-75.3105,-44.6589
-75.2105,-44.6589
-75.1105,-44.6589
-75.0105,-44.6589
-74.9105,-44.6589
-74.8105,-44.6589
-74.7105,-44.6589
-74.6105,-44.6589
-74.5105,-44.6589
-74.4105,-44.6589
-74.3105,-44.6589
-74.2105,-44.6589
-74.1105,-44.6589
-74.0105,-44.6589
-73.9105,-44.6589
-73.8105,-44.6589
-73.7105,-44.6589
-73.6105,-44.6589
-73.5105,-44.6589
-73.4105,-44.6589
-73.3105,-44.6589
-73.2105,-44.6589
-73.1105,-44.6589
-73.0105,-44.6589
-72.9105,-44.6589
-72.8105,-44.6589
-72.7105,-44.6589
-72.6105,-44.6589
-72.5105,-44.6589
-72.4105,-44.6589
-72.3105,-44.6589
-72.2105,-44.6589
-72.1105,-44.6589
-72.0105,-44.6589
-71.9105,-44.6589
-71.8105,-44.6589
-71.7105,-44.6589
-71.6105,-44.6589
-71.5105,-44.6589
-71.4105,-44.6589
-71.3105,-44.6589
-71.2105,-44.6589
-71.1105,-44.6589
-71.0105,-44.6589
-70.9105,-44.6589
-70.8105,-44.6589
-70.7105,-44.6589
-70.6105,-44.6589
-70.5105,-44.6589
-70.4105,-44.6589
-70.3105,-44.6589
-70.2105,-44.6589
-70.1105,-44.6589
-70.0105,-44.6589
-69.9105,-44.6589
-69.8105,-44.6589
-69.7105,-44.6589
-76.6105,-44.7589
-76.5105,-44.7589
-76.4105,-44.7589
-76.3105,-44.7589
-76.2105,-44.7589
-76.1105,-44.7589
-76.0105,-44.7589
-75.9105,-44.7589
-75.8105,-44.7589
-75.7105,-44.7589
-75.6105,-44.7589
-75.5105,-44.7589
-75.4105,-44.7589
-75.3105,-44.7589
-75.2105,-44.7589
-75.1105,-44.7589
-75.0105,-44.7589
-74.9105,-44.7589
-74.8105,-44.7589
-74.7105,-44.7589
-74.6105,-44.7589
-74.5105,-44.7589
-74.4105,-44.7589
-74.3105,-44.7589
-74.2105,-44.7589
-74.1105,-44.7589
-74.0105,-44.7589
-73.9105,-44.7589
-73.8105,-44.7589
-73.7105,-44.7589
-73.6105,-44.7589
-73.5105,-44.7589
-73.4105,-44.7589
-73.3105,-44.7589
-73.2105,-44.7589
-73.1105,-44.7589
-73.0105,-44.7589
-72.9105,-44.7589
-72.8105,-44.7589
-72.7105,-44.7589
-72.6105,-44.7589
-72.5105,-44.7589
-72.4105,-44.7589
-72.3105,-44.7589
-72.2105,-44.7589
-72.1105,-44.7589
-72.0105,-44.7589
-71.9105,-44.7589
-71.8105,-44.7589
-71.7105,-44.7589
-71.6105,-44.7589
-71.5105,-44.7589
-71.4105,-44.7589
-71.3105,-44.7589
-71.2105,-44.7589
-71.1105,-44.7589
-71.0105,-44.7589
-70.9105,-44.7589
-70.8105,-44.7589
-70.7105,-44.7589
-70.6105,-44.7589
-70.5105,-44.7589
-70.4105,-44.7589
-70.3105,-44.7589
-70.2105,-44.7589
-70.1105,-44.7589
-70.0105,-44.7589
-69.9105,-44.7589
-69.8105,-44.7589
-69.7105,-44.7589
-76.5105,-44.8589
-76.4105,-44.8589
-76.3105,-44.8589
-76.2105,-44.8589
-76.1105,-44.8589
-76.0105,-44.8589
-75.9105,-44.8589
-75.8105,-44.8589
-75.7105,-44.8589
-75.6105,-44.8589
-75.5105,-44.8589
-75.4105,-44.8589
-75.3105,-44.8589
-75.2105,-44.8589
-75.1105,-44.8589
-75.0105,-44.8589
-74.9105,-44.8589
-74.8105,-44.8589
-74.7105,-44.8589
-74.6105,-44.8589
-74.5105,-44.8589
-74.4105,-44.8589
-74.3105,-44.8589
-74.2105,-44.8589
-74.1105,-44.8589
-74.0105,-44.8589
-73.9105,-44.8589
-73.8105,-44.8589
-73.7105,-44.8589
-73.6105,-44.8589
-73.5105,-44.8589
-73.4105,-44.8589
-73.3105,-44.8589
-73.2105,-44.8589
-73.1105,-44.8589
-73.0105,-44.8589
-72.9105,-44.8589
-72.8105,-44.8589
-72.7105,-44.8589
-72.6105,-44.8589
-72.5105,-44.8589
-72.4105,-44.8589
-72.3105,-44.8589
-72.2105,-44.8589
-72.1105,-44.8589
-72.0105,-44.8589
-71.9105,-44.8589
-71.8105,-44.8589
-71.7105,-44.8589
-71.6105,-44.8589
-71.5105,-44.8589
-71.4105,-44.8589
-71.3105,-44.8589
-71.2105,-44.8589
-71.1105,-44.8589
-71.0105,-44.8589
-70.9105,-44.8589
-70.8105,-44.8589
-70.7105,-44.8589
-70.6105,-44.8589
-70.5105,-44.8589
-70.4105,-44.8589
-70.3105,-44.8589
-70.2105,-44.8589
-70.1105,-44.8589
-70.0105,-44.8589
-69.9105,-44.8589
-69.8105,-44.8589
-69.7105,-44.8589
-76.5105,-44.9589
-76.4105,-44.9589
-76.3105,-44.9589
-76.2105,-44.9589
-76.1105,-44.9589
-76.0105,-44.9589
-75.9105,-44.9589
-75.8105,-44.9589
-75.7105,-44.9589
-75.6105,-44.9589
-75.5105,-44.9589
-75.4105,-44.9589
-75.3105,-44.9589
-75.2105,-44.9589
-75.1105,-44.9589
-75.0105,-44.9589
-74.9105,-44.9589
-74.8105,-44.9589
-74.7105,-44.9589
-74.6105,-44.9589
-74.5105,-44.9589
-74.4105,-44.9589
-74.3105,-44.9589
-74.2105,-44.9589
-74.1105,-44.9589
-74.0105,-44.9589
-73.9105,-44.9589
-73.8105,-44.9589
-73.7105,-44.9589
-73.6105,-44.9589
-73.5105,-44.9589
-73.4105,-44.9589
-73.3105,-44.9589
-73.2105,-44.9589
-73.1105,-44.9589
-73.0105,-44.9589
-72.9105,-44.9589
-72.8105,-44.9589
-72.7105,-44.9589
-72.6105,-44.9589
-72.5105,-44.9589
-72.4105,-44.9589
-72.3105,-44.9589
-72.2105,-44.9589
-72.1105,-44.9589
-72.0105,-44.9589
-71.9105,-44.9589
-71.8105,-44.9589
-71.7105,-44.9589
-71.6105,-44.9589
-71.5105,-44.9589
-71.4105,-44.9589
-71.3105,-44.9589
-71.2105,-44.9589
-71.1105,-44.9589
-71.0105,-44.9589
-70.9105,-44.9589
-70.8105,-44.9589
-70.7105,-44.9589
-70.6105,-44.9589
-70.5105,-44.9589
-70.4105,-44.9589
-70.3105,-44.9589
-70.2105,-44.9589
-70.1105,-44.9589
-70.0105,-44.9589
-69.9105,-44.9589
-69.8105,-44.9589
-69.7105,-44.9589
-76.5105,-45.0589
-76.4105,-45.0589
-76.3105,-45.0589
-76.2105,-45.0589
-76.1105,-45.0589
-76.0105,-45.0589
-75.9105,-45.0589
-75.8105,-45.0589
-75.7105,-45.0589
-75.6105,-45.0589
-75.5105,-45.0589
-75.4105,-45.0589
-75.3105,-45.0589
-75.2105,-45.0589
-75.1105,-45.0589
-75.0105,-45.0589
-74.9105,-45.0589
-74.8105,-45.0589
-74.7105,-45.0589
-74.6105,-45.0589
-74.5105,-45.0589
-74.4105,-45.0589
-74.3105,-45.0589
-74.2105,-45.0589
-74.1105,-45.0589
-74.0105,-45.0589
-73.9105,-45.0589
-73.8105,-45.0589
-73.7105,-45.0589
-73.6105,-45.0589
-73.5105,-45.0589
-73.4105,-45.0589
-73.3105,-45.0589
-73.2105,-45.0589
-73.1105,-45.0589
-73.0105,-45.0589
-72.9105,-45.0589
-72.8105,-45.0589
-72.7105,-45.0589
-72.6105,-45.0589
-72.5105,-45.0589
-72.4105,-45.0589
-72.3105,-45.0589
-72.2105,-45.0589
-72.1105,-45.0589
-72.0105,-45.0589
-71.9105,-45.0589
-71.8105,-45.0589
-71.7105,-45.0589
-71.6105,-45.0589
-71.5105,-45.0589
-71.4105,-45.0589
-71.3105,-45.0589
-71.2105,-45.0589
-71.1105,-45.0589
-71.0105,-45.0589
-70.9105,-45.0589
-70.8105,-45.0589
-70.7105,-45.0589
-70.6105,-45.0589
-70.5105,-45.0589
-70.4105,-45.0589
-70.3105,-45.0589
-70.2105,-45.0589
-70.1105,-45.0589
-70.0105,-45.0589
-69.9105,-45.0589
-69.8105,-45.0589
-76.5105,-45.1589
-76.4105,-45.1589
-76.3105,-45.1589
-76.2105,-45.1589
-76.1105,-45.1589
-76.0105,-45.1589
-75.9105,-45.1589
-75.8105,-45.1589
-75.7105,-45.1589
-75.6105,-45.1589
-75.5105,-45.1589
-75.4105,-45.1589
-75.3105,-45.1589
-75.2105,-45.1589
-75.1105,-45.1589
-75.0105,-45.1589
-74.9105,-45.1589
-74.8105,-45.1589
-74.7105,-45.1589
-74.6105,-45.1589
-74.5105,-45.1589
-74.4105,-45.1589
-74.3105,-45.1589
-74.2105,-45.1589
-74.1105,-45.1589
-74.0105,-45.1589
-73.9105,-45.1589
-73.8105,-45.1589
-73.7105,-45.1589
-73.6105,-45.1589
-73.5105,-45.1589
-73.4105,-45.1589
-73.3105,-45.1589
-73.2105,-45.1589
-73.1105,-45.1589
-73.0105,-45.1589
-72.9105,-45.1589
-72.8105,-45.1589
-72.7105,-45.1589
-72.6105,-45.1589
-72.5105,-45.1589
-72.4105,-45.1589
-72.3105,-45.1589
-72.2105,-45.1589
-72.1105,-45.1589
-72.0105,-45.1589
-71.9105,-45.1589
-71.8105,-45.1589
-71.7105,-45.1589
-71.6105,-45.1589
-71.5105,-45.1589
-71.4105,-45.1589
-71.3105,-45.1589
-71.2105,-45.1589
-71.1105,-45.1589
-71.0105,-45.1589
-70.9105,-45.1589
-70.8105,-45.1589
-70.7105,-45.1589
-70.6105,-45.1589
-70.5105,-45.1589
-70.4105,-45.1589
-70.3105,-45.1589
-70.2105,-45.1589
-70.1105,-45.1589
-70.0105,-45.1589
-69.9105,-45.1589
-69.8105,-45.1589
-76.5105,-45.2589
-76.4105,-45.2589
-76.3105,-45.2589
-76.2105,-45.2589
-76.1105,-45.2589
-76.0105,-45.2589
-75.9105,-45.2589
-75.8105,-45.2589
-75.7105,-45.2589
-75.6105,-45.2589
-75.5105,-45.2589
-75.4105,-45.2589
-75.3105,-45.2589
-75.2105,-45.2589
-75.1105,-45.2589
-75.0105,-45.2589
-74.9105,-45.2589
-74.8105,-45.2589
-74.7105,-45.2589
-74.6105,-45.2589
-74.5105,-45.2589
-74.4105,-45.2589
-74.3105,-45.2589
-74.2105,-45.2589
-74.1105,-45.2589
-74.0105,-45.2589
-73.9105,-45.2589
-73.8105,-45.2589
-73.7105,-45.2589
-73.6105,-45.2589
-73.5105,-45.2589
-73.4105,-45.2589
-73.3105,-45.2589
-73.2105,-45.2589
-73.1105,-45.2589
-73.0105,-45.2589
-72.9105,-45.2589
-72.8105,-45.2589
-72.7105,-45.2589
-72.6105,-45.2589
-72.5105,-45.2589
-72.4105,-45.2589
-72.3105,-45.2589
-72.2105,-45.2589
-72.1105,-45.2589
-72.0105,-45.2589
-71.9105,-45.2589
-71.8105,-45.2589
-71.7105,-45.2589
-71.6105,-45.2589
-71.5105,-45.2589
-71.4105,-45.2589
-71.3105,-45.2589
-71.2105,-45.2589
-71.1105,-45.2589
-71.0105,-45.2589
-70.9105,-45.2589
-70.8105,-45.2589
-70.7105,-45.2589
-70.6105,-45.2589
-70.5105,-45.2589
-70.4105,-45.2589
-70.3105,-45.2589
-70.2105,-45.2589
-70.1105,-45.2589
-70.0105,-45.2589
-69.9105,-45.2589
-76.4105,-45.3589
-76.3105,-45.3589
-76.2105,-45.3589
-76.1105,-45.3589
-76.0105,-45.3589
-75.9105,-45.3589
-75.8105,-45.3589
-75.7105,-45.3589
-75.6105,-45.3589
-75.5105,-45.3589
-75.4105,-45.3589
-75.3105,-45.3589
-75.2105,-45.3589
-75.1105,-45.3589
-75.0105,-45.3589
-74.9105,-45.3589
-74.8105,-45.3589
-74.7105,-45.3589
-74.6105,-45.3589
-74.5105,-45.3589
-74.4105,-45.3589
-74.3105,-45.3589
-74.2105,-45.3589
-74.1105,-45.3589
-74.0105,-45.3589
-73.9105,-45.3589
-73.8105,-45.3589
-73.7105,-45.3589
-73.6105,-45.3589
-73.5105,-45.3589
-73.4105,-45.3589
-73.3105,-45.3589
-73.2105,-45.3589
-73.1105,-45.3589
-73.0105,-45.3589
-72.9105,-45.3589
-72.8105,-45.3589
-72.7105,-45.3589
-72.6105,-45.3589
-72.5105,-45.3589
-72.4105,-45.3589
-72.3105,-45.3589
-72.2105,-45.3589
-72.1105,-45.3589
-72.0105,-45.3589
-71.9105,-45.3589
-71.8105,-45.3589
-71.7105,-45.3589
-71.6105,-45.3589
-71.5105,-45.3589
-71.4105,-45.3589
-71.3105,-45.3589
-71.2105,-45.3589
-71.1105,-45.3589
-71.0105,-45.3589
-70.9105,-45.3589
-70.8105,-45.3589
-70.7105,-45.3589
-70.6105,-45.3589
-70.5105,-45.3589
-70.4105,-45.3589
-70.3105,-45.3589
-70.2105,-45.3589
-70.1105,-45.3589
-70.0105,-45.3589
-76.6105,-45.4589
-76.5105,-45.4589
-76.4105,-45.4589
-76.3105,-45.4589
-76.2105,-45.4589
-76.1105,-45.4589
-76.0105,-45.4589
-75.9105,-45.4589
-75.8105,-45.4589
-75.7105,-45.4589
-75.6105,-45.4589
-75.5105,-45.4589
-75.4105,-45.4589
-75.3105,-45.4589
-75.2105,-45.4589
-75.1105,-45.4589
-75.0105,-45.4589
-74.9105,-45.4589
-74.8105,-45.4589
-74.7105,-45.4589
-74.6105,-45.4589
-74.5105,-45.4589
-74.4105,-45.4589
-74.3105,-45.4589
-74.2105,-45.4589
-74.1105,-45.4589
-74.0105,-45.4589
-73.9105,-45.4589
-73.8105,-45.4589
-73.7105,-45.4589
-73.6105,-45.4589
-73.5105,-45.4589
-73.4105,-45.4589
-73.3105,-45.4589
-73.2105,-45.4589
-73.1105,-45.4589
-73.0105,-45.4589
-72.9105,-45.4589
-72.8105,-45.4589
-72.7105,-45.4589
-72.6105,-45.4589
-72.5105,-45.4589
-72.4105,-45.4589
-72.3105,-45.4589
-72.2105,-45.4589
-72.1105,-45.4589
-72.0105,-45.4589
-71.9105,-45.4589
-71.8105,-45.4589
-71.7105,-45.4589
-71.6105,-45.4589
-71.5105,-45.4589
-71.4105,-45.4589
-71.3105,-45.4589
-71.2105,-45.4589
-71.1105,-45.4589
-71.0105,-45.4589
-70.9105,-45.4589
-70.8105,-45.4589
-70.7105,-45.4589
-70.6105,-45.4589
-70.5105,-45.4589
-70.4105,-45.4589
-70.3105,-45.4589
-70.2105,-45.4589
-70.1105,-45.4589
-70.0105,-45.4589
-76.7105,-45.5589
-76.6105,-45.5589
-76.5105,-45.5589
-76.4105,-45.5589
-76.3105,-45.5589
-76.2105,-45.5589
-76.1105,-45.5589
-76.0105,-45.5589
-75.9105,-45.5589
-75.8105,-45.5589
-75.7105,-45.5589
-75.6105,-45.5589
-75.5105,-45.5589
-75.4105,-45.5589
-75.3105,-45.5589
-75.2105,-45.5589
-75.1105,-45.5589
-75.0105,-45.5589
-74.9105,-45.5589
-74.8105,-45.5589
-74.7105,-45.5589
-74.6105,-45.5589
-74.5105,-45.5589
-74.4105,-45.5589
-74.3105,-45.5589
-74.2105,-45.5589
-74.1105,-45.5589
-74.0105,-45.5589
-73.9105,-45.5589
-73.8105,-45.5589
-73.7105,-45.5589
-73.6105,-45.5589
-73.5105,-45.5589
-73.4105,-45.5589
-73.3105,-45.5589
-73.2105,-45.5589
-73.1105,-45.5589
-73.0105,-45.5589
-72.9105,-45.5589
-72.8105,-45.5589
-72.7105,-45.5589
-72.6105,-45.5589
-72.5105,-45.5589
-72.4105,-45.5589
-72.3105,-45.5589
-72.2105,-45.5589
-72.1105,-45.5589
-72.0105,-45.5589
-71.9105,-45.5589
-71.8105,-45.5589
-71.7105,-45.5589
-71.6105,-45.5589
-71.5105,-45.5589
-71.4105,-45.5589
-71.3105,-45.5589
-71.2105,-45.5589
-71.1105,-45.5589
-71.0105,-45.5589
-70.9105,-45.5589
-70.8105,-45.5589
-70.7105,-45.5589
-70.6105,-45.5589
-70.5105,-45.5589
-70.4105,-45.5589
-70.3105,-45.5589
-70.2105,-45.5589
-70.1105,-45.5589
-70.0105,-45.5589
-76.8105,-45.6589
-76.7105,-45.6589
-76.6105,-45.6589
-76.5105,-45.6589
-76.4105,-45.6589
-76.3105,-45.6589
-76.2105,-45.6589
-76.1105,-45.6589
-76.0105,-45.6589
-75.9105,-45.6589
-75.8105,-45.6589
-75.7105,-45.6589
-75.6105,-45.6589
-75.5105,-45.6589
-75.4105,-45.6589
-75.3105,-45.6589
-75.2105,-45.6589
-75.1105,-45.6589
-75.0105,-45.6589
-74.9105,-45.6589
-74.8105,-45.6589
-74.7105,-45.6589
-74.6105,-45.6589
-74.5105,-45.6589
-74.4105,-45.6589
-74.3105,-45.6589
-74.2105,-45.6589
-74.1105,-45.6589
-74.0105,-45.6589
-73.9105,-45.6589
-73.8105,-45.6589
-73.7105,-45.6589
-73.6105,-45.6589
-73.5105,-45.6589
-73.4105,-45.6589
-73.3105,-45.6589
-73.2105,-45.6589
-73.1105,-45.6589
-73.0105,-45.6589
-72.9105,-45.6589
-72.8105,-45.6589
-72.7105,-45.6589
-72.6105,-45.6589
-72.5105,-45.6589
-72.4105,-45.6589
-72.3105,-45.6589
-72.2105,-45.6589
-72.1105,-45.6589
-72.0105,-45.6589
-71.9105,-45.6589
-71.8105,-45.6589
-71.7105,-45.6589
-71.6105,-45.6589
-71.5105,-45.6589
-71.4105,-45.6589
-71.3105,-45.6589
-71.2105,-45.6589
-71.1105,-45.6589
-71.0105,-45.6589
-70.9105,-45.6589
-70.8105,-45.6589
-70.7105,-45.6589
-70.6105,-45.6589
-70.5105,-45.6589
-70.4105,-45.6589
-70.3105,-45.6589
-70.2105,-45.6589
-70.1105,-45.6589
-76.8105,-45.7589
-76.7105,-45.7589
-76.6105,-45.7589
-76.5105,-45.7589
-76.4105,-45.7589
-76.3105,-45.7589
-76.2105,-45.7589
-76.1105,-45.7589
-76.0105,-45.7589
-75.9105,-45.7589
-75.8105,-45.7589
-75.7105,-45.7589
-75.6105,-45.7589
-75.5105,-45.7589
-75.4105,-45.7589
-75.3105,-45.7589
-75.2105,-45.7589
-75.1105,-45.7589
-75.0105,-45.7589
-74.9105,-45.7589
-74.8105,-45.7589
-74.7105,-45.7589
-74.6105,-45.7589
-74.5105,-45.7589
-74.4105,-45.7589
-74.3105,-45.7589
-74.2105,-45.7589
-74.1105,-45.7589
-74.0105,-45.7589
-73.9105,-45.7589
-73.8105,-45.7589
-73.7105,-45.7589
-73.6105,-45.7589
-73.5105,-45.7589
-73.4105,-45.7589
-73.3105,-45.7589
-73.2105,-45.7589
-73.1105,-45.7589
-73.0105,-45.7589
-72.9105,-45.7589
-72.8105,-45.7589
-72.7105,-45.7589
-72.6105,-45.7589
-72.5105,-45.7589
-72.4105,-45.7589
-72.3105,-45.7589
-72.2105,-45.7589
-72.1105,-45.7589
-72.0105,-45.7589
-71.9105,-45.7589
-71.8105,-45.7589
-71.7105,-45.7589
-71.6105,-45.7589
-71.5105,-45.7589
-71.4105,-45.7589
-71.3105,-45.7589
-71.2105,-45.7589
-71.1105,-45.7589
-71.0105,-45.7589
-70.9105,-45.7589
-70.8105,-45.7589
-70.7105,-45.7589
-70.6105,-45.7589
-70.5105,-45.7589
-70.4105,-45.7589
-70.3105,-45.7589
-70.2105,-45.7589
-70.1105,-45.7589
-76.9105,-45.8589
-76.8105,-45.8589
-76.7105,-45.8589
-76.6105,-45.8589
-76.5105,-45.8589
-76.4105,-45.8589
-76.3105,-45.8589
-76.2105,-45.8589
-76.1105,-45.8589
-76.0105,-45.8589
-75.9105,-45.8589
-75.8105,-45.8589
-75.7105,-45.8589
-75.6105,-45.8589
-75.5105,-45.8589
-75.4105,-45.8589
-75.3105,-45.8589
-75.2105,-45.8589
-75.1105,-45.8589
-75.0105,-45.8589
-74.9105,-45.8589
-74.8105,-45.8589
-74.7105,-45.8589
-74.6105,-45.8589
-74.5105,-45.8589
-74.4105,-45.8589
-74.3105,-45.8589
-74.2105,-45.8589
-74.1105,-45.8589
-74.0105,-45.8589
-73.9105,-45.8589
-73.8105,-45.8589
-73.7105,-45.8589
-73.6105,-45.8589
-73.5105,-45.8589
-73.4105,-45.8589
-73.3105,-45.8589
-73.2105,-45.8589
-73.1105,-45.8589
-73.0105,-45.8589
-72.9105,-45.8589
-72.8105,-45.8589
-72.7105,-45.8589
-72.6105,-45.8589
-72.5105,-45.8589
-72.4105,-45.8589
-72.3105,-45.8589
-72.2105,-45.8589
-72.1105,-45.8589
-72.0105,-45.8589
-71.9105,-45.8589
-71.8105,-45.8589
-71.7105,-45.8589
-71.6105,-45.8589
-71.5105,-45.8589
-71.4105,-45.8589
-71.3105,-45.8589
-71.2105,-45.8589
-71.1105,-45.8589
-71.0105,-45.8589
-70.9105,-45.8589
-70.8105,-45.8589
-70.7105,-45.8589
-70.6105,-45.8589
-70.5105,-45.8589
-70.4105,-45.8589
-70.3105,-45.8589
-70.2105,-45.8589
-70.1105,-45.8589
-76.9105,-45.9589
-76.8105,-45.9589
-76.7105,-45.9589
-76.6105,-45.9589
-76.5105,-45.9589
-76.4105,-45.9589
-76.3105,-45.9589
-76.2105,-45.9589
-76.1105,-45.9589
-76.0105,-45.9589
-75.9105,-45.9589
-75.8105,-45.9589
-75.7105,-45.9589
-75.6105,-45.9589
-75.5105,-45.9589
-75.4105,-45.9589
-75.3105,-45.9589
-75.2105,-45.9589
-75.1105,-45.9589
-75.0105,-45.9589
-74.9105,-45.9589
-74.8105,-45.9589
-74.7105,-45.9589
-74.6105,-45.9589
-74.5105,-45.9589
-74.4105,-45.9589
-74.3105,-45.9589
-74.2105,-45.9589
-74.1105,-45.9589
-74.0105,-45.9589
-73.9105,-45.9589
-73.8105,-45.9589
-73.7105,-45.9589
-73.6105,-45.9589
-73.5105,-45.9589
-73.4105,-45.9589
-73.3105,-45.9589
-73.2105,-45.9589
-73.1105,-45.9589
-73.0105,-45.9589
-72.9105,-45.9589
-72.8105,-45.9589
-72.7105,-45.9589
-72.6105,-45.9589
-72.5105,-45.9589
-72.4105,-45.9589
-72.3105,-45.9589
-72.2105,-45.9589
-72.1105,-45.9589
-72.0105,-45.9589
-71.9105,-45.9589
-71.8105,-45.9589
-71.7105,-45.9589
-71.6105,-45.9589
-71.5105,-45.9589
-71.4105,-45.9589
-71.3105,-45.9589
-71.2105,-45.9589
-71.1105,-45.9589
-71.0105,-45.9589
-70.9105,-45.9589
-70.8105,-45.9589
-70.7105,-45.9589
-70.6105,-45.9589
-70.5105,-45.9589
-70.4105,-45.9589
-70.3105,-45.9589
-70.2105,-45.9589
-77.0105,-46.0589
-76.9105,-46.0589
-76.8105,-46.0589
-76.7105,-46.0589
-76.6105,-46.0589
-76.5105,-46.0589
-76.4105,-46.0589
-76.3105,-46.0589
-76.2105,-46.0589
-76.1105,-46.0589
-76.0105,-46.0589
-75.9105,-46.0589
-75.8105,-46.0589
-75.7105,-46.0589
-75.6105,-46.0589
-75.5105,-46.0589
-75.4105,-46.0589
-75.3105,-46.0589
-75.2105,-46.0589
-75.1105,-46.0589
-75.0105,-46.0589
-74.9105,-46.0589
-74.8105,-46.0589
-74.7105,-46.0589
-74.6105,-46.0589
-74.5105,-46.0589
-74.4105,-46.0589
-74.3105,-46.0589
-74.2105,-46.0589
-74.1105,-46.0589
-74.0105,-46.0589
-73.9105,-46.0589
-73.8105,-46.0589
-73.7105,-46.0589
-73.6105,-46.0589
-73.5105,-46.0589
-73.4105,-46.0589
-73.3105,-46.0589
-73.2105,-46.0589
-73.1105,-46.0589
-73.0105,-46.0589
-72.9105,-46.0589
-72.8105,-46.0589
-72.7105,-46.0589
-72.6105,-46.0589
-72.5105,-46.0589
-72.4105,-46.0589
-72.3105,-46.0589
-72.2105,-46.0589
-72.1105,-46.0589
-72.0105,-46.0589
-71.9105,-46.0589
-71.8105,-46.0589
-71.7105,-46.0589
-71.6105,-46.0589
-71.5105,-46.0589
-71.4105,-46.0589
-71.3105,-46.0589
-71.2105,-46.0589
-71.1105,-46.0589
-71.0105,-46.0589
-70.9105,-46.0589
-70.8105,-46.0589
-70.7105,-46.0589
-70.6105,-46.0589
-70.5105,-46.0589
-70.4105,-46.0589
-70.3105,-46.0589
-70.2105,-46.0589
-77.0105,-46.1589
-76.9105,-46.1589
-76.8105,-46.1589
-76.7105,-46.1589
-76.6105,-46.1589
-76.5105,-46.1589
-76.4105,-46.1589
-76.3105,-46.1589
-76.2105,-46.1589
-76.1105,-46.1589
-76.0105,-46.1589
-75.9105,-46.1589
-75.8105,-46.1589
-75.7105,-46.1589
-75.6105,-46.1589
-75.5105,-46.1589
-75.4105,-46.1589
-75.3105,-46.1589
-75.2105,-46.1589
-75.1105,-46.1589
-75.0105,-46.1589
-74.9105,-46.1589
-74.8105,-46.1589
-74.7105,-46.1589
-74.6105,-46.1589
-74.5105,-46.1589
-74.4105,-46.1589
-74.3105,-46.1589
-74.2105,-46.1589
-74.1105,-46.1589
-74.0105,-46.1589
-73.9105,-46.1589
-73.8105,-46.1589
-73.7105,-46.1589
-73.6105,-46.1589
-73.5105,-46.1589
-73.4105,-46.1589
-73.3105,-46.1589
-73.2105,-46.1589
-73.1105,-46.1589
-73.0105,-46.1589
-72.9105,-46.1589
-72.8105,-46.1589
-72.7105,-46.1589
-72.6105,-46.1589
-72.5105,-46.1589
-72.4105,-46.1589
-72.3105,-46.1589
-72.2105,-46.1589
-72.1105,-46.1589
-72.0105,-46.1589
-71.9105,-46.1589
-71.8105,-46.1589
-71.7105,-46.1589
-71.6105,-46.1589
-71.5105,-46.1589
-71.4105,-46.1589
-71.3105,-46.1589
-71.2105,-46.1589
-71.1105,-46.1589
-71.0105,-46.1589
-70.9105,-46.1589
-70.8105,-46.1589
-70.7105,-46.1589
-70.6105,-46.1589
-70.5105,-46.1589
-70.4105,-46.1589
-70.3105,-46.1589
-70.2105,-46.1589
-77.1105,-46.2589
-77.0105,-46.2589
-76.9105,-46.2589
-76.8105,-46.2589
-76.7105,-46.2589
-76.6105,-46.2589
-76.5105,-46.2589
-76.4105,-46.2589
-76.3105,-46.2589
-76.2105,-46.2589
-76.1105,-46.2589
-76.0105,-46.2589
-75.9105,-46.2589
-75.8105,-46.2589
-75.7105,-46.2589
-75.6105,-46.2589
-75.5105,-46.2589
-75.4105,-46.2589
-75.3105,-46.2589
-75.2105,-46.2589
-75.1105,-46.2589
-75.0105,-46.2589
-74.9105,-46.2589
-74.8105,-46.2589
-74.7105,-46.2589
-74.6105,-46.2589
-74.5105,-46.2589
-74.4105,-46.2589
-74.3105,-46.2589
-74.2105,-46.2589
-74.1105,-46.2589
-74.0105,-46.2589
-73.9105,-46.2589
-73.8105,-46.2589
-73.7105,-46.2589
-73.6105,-46.2589
-73.5105,-46.2589
-73.4105,-46.2589
-73.3105,-46.2589
-73.2105,-46.2589
-73.1105,-46.2589
-73.0105,-46.2589
-72.9105,-46.2589
-72.8105,-46.2589
-72.7105,-46.2589
-72.6105,-46.2589
-72.5105,-46.2589
-72.4105,-46.2589
-72.3105,-46.2589
-72.2105,-46.2589
-72.1105,-46.2589
-72.0105,-46.2589
-71.9105,-46.2589
-71.8105,-46.2589
-71.7105,-46.2589
-71.6105,-46.2589
-71.5105,-46.2589
-71.4105,-46.2589
-71.3105,-46.2589
-71.2105,-46.2589
-71.1105,-46.2589
-71.0105,-46.2589
-70.9105,-46.2589
-70.8105,-46.2589
-70.7105,-46.2589
-70.6105,-46.2589
-70.5105,-46.2589
-70.4105,-46.2589
-70.3105,-46.2589
-77.1105,-46.3589
-77.0105,-46.3589
-76.9105,-46.3589
-76.8105,-46.3589
-76.7105,-46.3589
-76.6105,-46.3589
-76.5105,-46.3589
-76.4105,-46.3589
-76.3105,-46.3589
-76.2105,-46.3589
-76.1105,-46.3589
-76.0105,-46.3589
-75.9105,-46.3589
-75.8105,-46.3589
-75.7105,-46.3589
-75.6105,-46.3589
-75.5105,-46.3589
-75.4105,-46.3589
-75.3105,-46.3589
-75.2105,-46.3589
-75.1105,-46.3589
-75.0105,-46.3589
-74.9105,-46.3589
-74.8105,-46.3589
-74.7105,-46.3589
-74.6105,-46.3589
-74.5105,-46.3589
-74.4105,-46.3589
-74.3105,-46.3589
-74.2105,-46.3589
-74.1105,-46.3589
-74.0105,-46.3589
-73.9105,-46.3589
-73.8105,-46.3589
-73.7105,-46.3589
-73.6105,-46.3589
-73.5105,-46.3589
-73.4105,-46.3589
-73.3105,-46.3589
-73.2105,-46.3589
-73.1105,-46.3589
-73.0105,-46.3589
-72.9105,-46.3589
-72.8105,-46.3589
-72.7105,-46.3589
-72.6105,-46.3589
-72.5105,-46.3589
-72.4105,-46.3589
-72.3105,-46.3589
-72.2105,-46.3589
-72.1105,-46.3589
-72.0105,-46.3589
-71.9105,-46.3589
-71.8105,-46.3589
-71.7105,-46.3589
-71.6105,-46.3589
-71.5105,-46.3589
-71.4105,-46.3589
-71.3105,-46.3589
-71.2105,-46.3589
-71.1105,-46.3589
-71.0105,-46.3589
-70.9105,-46.3589
-70.8105,-46.3589
-70.7105,-46.3589
-70.6105,-46.3589
-70.5105,-46.3589
-70.4105,-46.3589
-70.3105,-46.3589
-77.1105,-46.4589
-77.0105,-46.4589
-76.9105,-46.4589
-76.8105,-46.4589
-76.7105,-46.4589
-76.6105,-46.4589
-76.5105,-46.4589
-76.4105,-46.4589
-76.3105,-46.4589
-76.2105,-46.4589
-76.1105,-46.4589
-76.0105,-46.4589
-75.9105,-46.4589
-75.8105,-46.4589
-75.7105,-46.4589
-75.6105,-46.4589
-75.5105,-46.4589
-75.4105,-46.4589
-75.3105,-46.4589
-75.2105,-46.4589
-75.1105,-46.4589
-75.0105,-46.4589
-74.9105,-46.4589
-74.8105,-46.4589
-74.7105,-46.4589
-74.6105,-46.4589
-74.5105,-46.4589
-74.4105,-46.4589
-74.3105,-46.4589
-74.2105,-46.4589
-74.1105,-46.4589
-74.0105,-46.4589
-73.9105,-46.4589
-73.8105,-46.4589
-73.7105,-46.4589
-73.6105,-46.4589
-73.5105,-46.4589
-73.4105,-46.4589
-73.3105,-46.4589
-73.2105,-46.4589
-73.1105,-46.4589
-73.0105,-46.4589
-72.9105,-46.4589
-72.8105,-46.4589
-72.7105,-46.4589
-72.6105,-46.4589
-72.5105,-46.4589
-72.4105,-46.4589
-72.3105,-46.4589
-72.2105,-46.4589
-72.1105,-46.4589
-72.0105,-46.4589
-71.9105,-46.4589
-71.8105,-46.4589
-71.7105,-46.4589
-71.6105,-46.4589
-71.5105,-46.4589
-71.4105,-46.4589
-71.3105,-46.4589
-71.2105,-46.4589
-71.1105,-46.4589
-71.0105,-46.4589
-70.9105,-46.4589
-70.8105,-46.4589
-70.7105,-46.4589
-70.6105,-46.4589
-70.5105,-46.4589
-70.4105,-46.4589
-70.3105,-46.4589
-77.1105,-46.5589
-77.0105,-46.5589
-76.9105,-46.5589
-76.8105,-46.5589
-76.7105,-46.5589
-76.6105,-46.5589
-76.5105,-46.5589
-76.4105,-46.5589
-76.3105,-46.5589
-76.2105,-46.5589
-76.1105,-46.5589
-76.0105,-46.5589
-75.9105,-46.5589
-75.8105,-46.5589
-75.7105,-46.5589
-75.6105,-46.5589
-75.5105,-46.5589
-75.4105,-46.5589
-75.3105,-46.5589
-75.2105,-46.5589
-75.1105,-46.5589
-75.0105,-46.5589
-74.9105,-46.5589
-74.8105,-46.5589
-74.7105,-46.5589
-74.6105,-46.5589
-74.5105,-46.5589
-74.4105,-46.5589
-74.3105,-46.5589
-74.2105,-46.5589
-74.1105,-46.5589
-74.0105,-46.5589
-73.9105,-46.5589
-73.8105,-46.5589
-73.7105,-46.5589
-73.6105,-46.5589
-73.5105,-46.5589
-73.4105,-46.5589
-73.3105,-46.5589
-73.2105,-46.5589
-73.1105,-46.5589
-73.0105,-46.5589
-72.9105,-46.5589
-72.8105,-46.5589
-72.7105,-46.5589
-72.6105,-46.5589
-72.5105,-46.5589
-72.4105,-46.5589
-72.3105,-46.5589
-72.2105,-46.5589
-72.1105,-46.5589
-72.0105,-46.5589
-71.9105,-46.5589
-71.8105,-46.5589
-71.7105,-46.5589
-71.6105,-46.5589
-71.5105,-46.5589
-71.4105,-46.5589
-71.3105,-46.5589
-71.2105,-46.5589
-71.1105,-46.5589
-71.0105,-46.5589
-70.9105,-46.5589
-70.8105,-46.5589
-70.7105,-46.5589
-70.6105,-46.5589
-70.5105,-46.5589
-70.4105,-46.5589
-70.3105,-46.5589
-77.1105,-46.6589
-77.0105,-46.6589
-76.9105,-46.6589
-76.8105,-46.6589
-76.7105,-46.6589
-76.6105,-46.6589
-76.5105,-46.6589
-76.4105,-46.6589
-76.3105,-46.6589
-76.2105,-46.6589
-76.1105,-46.6589
-76.0105,-46.6589
-75.9105,-46.6589
-75.8105,-46.6589
-75.7105,-46.6589
-75.6105,-46.6589
-75.5105,-46.6589
-75.4105,-46.6589
-75.3105,-46.6589
-75.2105,-46.6589
-75.1105,-46.6589
-75.0105,-46.6589
-74.9105,-46.6589
-74.8105,-46.6589
-74.7105,-46.6589
-74.6105,-46.6589
-74.5105,-46.6589
-74.4105,-46.6589
-74.3105,-46.6589
-74.2105,-46.6589
-74.1105,-46.6589
-74.0105,-46.6589
-73.9105,-46.6589
-73.8105,-46.6589
-73.7105,-46.6589
-73.6105,-46.6589
-73.5105,-46.6589
-73.4105,-46.6589
-73.3105,-46.6589
-73.2105,-46.6589
-73.1105,-46.6589
-73.0105,-46.6589
-72.9105,-46.6589
-72.8105,-46.6589
-72.7105,-46.6589
-72.6105,-46.6589
-72.5105,-46.6589
-72.4105,-46.6589
-72.3105,-46.6589
-72.2105,-46.6589
-72.1105,-46.6589
-72.0105,-46.6589
-71.9105,-46.6589
-71.8105,-46.6589
-71.7105,-46.6589
-71.6105,-46.6589
-71.5105,-46.6589
-71.4105,-46.6589
-71.3105,-46.6589
-71.2105,-46.6589
-71.1105,-46.6589
-71.0105,-46.6589
-70.9105,-46.6589
-70.8105,-46.6589
-70.7105,-46.6589
-70.6105,-46.6589
-70.5105,-46.6589
-70.4105,-46.6589
-70.3105,-46.6589
-77.1105,-46.7589
-77.0105,-46.7589
-76.9105,-46.7589
-76.8105,-46.7589
-76.7105,-46.7589
-76.6105,-46.7589
-76.5105,-46.7589
-76.4105,-46.7589
-76.3105,-46.7589
-76.2105,-46.7589
-76.1105,-46.7589
-76.0105,-46.7589
-75.9105,-46.7589
-75.8105,-46.7589
-75.7105,-46.7589
-75.6105,-46.7589
-75.5105,-46.7589
-75.4105,-46.7589
-75.3105,-46.7589
-75.2105,-46.7589
-75.1105,-46.7589
-75.0105,-46.7589
-74.9105,-46.7589
-74.8105,-46.7589
-74.7105,-46.7589
-74.6105,-46.7589
-74.5105,-46.7589
-74.4105,-46.7589
-74.3105,-46.7589
-74.2105,-46.7589
-74.1105,-46.7589
-74.0105,-46.7589
-73.9105,-46.7589
-73.8105,-46.7589
-73.7105,-46.7589
-73.6105,-46.7589
-73.5105,-46.7589
-73.4105,-46.7589
-73.3105,-46.7589
-73.2105,-46.7589
-73.1105,-46.7589
-73.0105,-46.7589
-72.9105,-46.7589
-72.8105,-46.7589
-72.7105,-46.7589
-72.6105,-46.7589
-72.5105,-46.7589
-72.4105,-46.7589
-72.3105,-46.7589
-72.2105,-46.7589
-72.1105,-46.7589
-72.0105,-46.7589
-71.9105,-46.7589
-71.8105,-46.7589
-71.7105,-46.7589
-71.6105,-46.7589
-71.5105,-46.7589
-71.4105,-46.7589
-71.3105,-46.7589
-71.2105,-46.7589
-71.1105,-46.7589
-71.0105,-46.7589
-70.9105,-46.7589
-70.8105,-46.7589
-70.7105,-46.7589
-70.6105,-46.7589
-70.5105,-46.7589
-70.4105,-46.7589
-70.3105,-46.7589
-77.1105,-46.8589
-77.0105,-46.8589
-76.9105,-46.8589
-76.8105,-46.8589
-76.7105,-46.8589
-76.6105,-46.8589
-76.5105,-46.8589
-76.4105,-46.8589
-76.3105,-46.8589
-76.2105,-46.8589
-76.1105,-46.8589
-76.0105,-46.8589
-75.9105,-46.8589
-75.8105,-46.8589
-75.7105,-46.8589
-75.6105,-46.8589
-75.5105,-46.8589
-75.4105,-46.8589
-75.3105,-46.8589
-75.2105,-46.8589
-75.1105,-46.8589
-75.0105,-46.8589
-74.9105,-46.8589
-74.8105,-46.8589
-74.7105,-46.8589
-74.6105,-46.8589
-74.5105,-46.8589
-74.4105,-46.8589
-74.3105,-46.8589
-74.2105,-46.8589
-74.1105,-46.8589
-74.0105,-46.8589
-73.9105,-46.8589
-73.8105,-46.8589
-73.7105,-46.8589
-73.6105,-46.8589
-73.5105,-46.8589
-73.4105,-46.8589
-73.3105,-46.8589
-73.2105,-46.8589
-73.1105,-46.8589
-73.0105,-46.8589
-72.9105,-46.8589
-72.8105,-46.8589
-72.7105,-46.8589
-72.6105,-46.8589
-72.5105,-46.8589
-72.4105,-46.8589
-72.3105,-46.8589
-72.2105,-46.8589
-72.1105,-46.8589
-72.0105,-46.8589
-71.9105,-46.8589
-71.8105,-46.8589
-71.7105,-46.8589
-71.6105,-46.8589
-71.5105,-46.8589
-71.4105,-46.8589
-71.3105,-46.8589
-71.2105,-46.8589
-71.1105,-46.8589
-71.0105,-46.8589
-70.9105,-46.8589
-70.8105,-46.8589
-70.7105,-46.8589
-70.6105,-46.8589
-70.5105,-46.8589
-70.4105,-46.8589
-70.3105,-46.8589
-77.1105,-46.9589
-77.0105,-46.9589
-76.9105,-46.9589
-76.8105,-46.9589
-76.7105,-46.9589
-76.6105,-46.9589
-76.5105,-46.9589
-76.4105,-46.9589
-76.3105,-46.9589
-76.2105,-46.9589
-76.1105,-46.9589
-76.0105,-46.9589
-75.9105,-46.9589
-75.8105,-46.9589
-75.7105,-46.9589
-75.6105,-46.9589
-75.5105,-46.9589
-75.4105,-46.9589
-75.3105,-46.9589
-75.2105,-46.9589
-75.1105,-46.9589
-75.0105,-46.9589
-74.9105,-46.9589
-74.8105,-46.9589
-74.7105,-46.9589
-74.6105,-46.9589
-74.5105,-46.9589
-74.4105,-46.9589
-74.3105,-46.9589
-74.2105,-46.9589
-74.1105,-46.9589
-74.0105,-46.9589
-73.9105,-46.9589
-73.8105,-46.9589
-73.7105,-46.9589
-73.6105,-46.9589
-73.5105,-46.9589
-73.4105,-46.9589
-73.3105,-46.9589
-73.2105,-46.9589
-73.1105,-46.9589
-73.0105,-46.9589
-72.9105,-46.9589
-72.8105,-46.9589
-72.7105,-46.9589
-72.6105,-46.9589
-72.5105,-46.9589
-72.4105,-46.9589
-72.3105,-46.9589
-72.2105,-46.9589
-72.1105,-46.9589
-72.0105,-46.9589
-71.9105,-46.9589
-71.8105,-46.9589
-71.7105,-46.9589
-71.6105,-46.9589
-71.5105,-46.9589
-71.4105,-46.9589
-71.3105,-46.9589
-71.2105,-46.9589
-71.1105,-46.9589
-71.0105,-46.9589
-70.9105,-46.9589
-70.8105,-46.9589
-70.7105,-46.9589
-70.6105,-46.9589
-70.5105,-46.9589
-70.4105,-46.9589
-70.3105,-46.9589
-77.1105,-47.0589
-77.0105,-47.0589
-76.9105,-47.0589
-76.8105,-47.0589
-76.7105,-47.0589
-76.6105,-47.0589
-76.5105,-47.0589
-76.4105,-47.0589
-76.3105,-47.0589
-76.2105,-47.0589
-76.1105,-47.0589
-76.0105,-47.0589
-75.9105,-47.0589
-75.8105,-47.0589
-75.7105,-47.0589
-75.6105,-47.0589
-75.5105,-47.0589
-75.4105,-47.0589
-75.3105,-47.0589
-75.2105,-47.0589
-75.1105,-47.0589
-75.0105,-47.0589
-74.9105,-47.0589
-74.8105,-47.0589
-74.7105,-47.0589
-74.6105,-47.0589
-74.5105,-47.0589
-74.4105,-47.0589
-74.3105,-47.0589
-74.2105,-47.0589
-74.1105,-47.0589
-74.0105,-47.0589
-73.9105,-47.0589
-73.8105,-47.0589
-73.7105,-47.0589
-73.6105,-47.0589
-73.5105,-47.0589
-73.4105,-47.0589
-73.3105,-47.0589
-73.2105,-47.0589
-73.1105,-47.0589
-73.0105,-47.0589
-72.9105,-47.0589
-72.8105,-47.0589
-72.7105,-47.0589
-72.6105,-47.0589
-72.5105,-47.0589
-72.4105,-47.0589
-72.3105,-47.0589
-72.2105,-47.0589
-72.1105,-47.0589
-72.0105,-47.0589
-71.9105,-47.0589
-71.8105,-47.0589
-71.7105,-47.0589
-71.6105,-47.0589
-71.5105,-47.0589
-71.4105,-47.0589
-71.3105,-47.0589
-71.2105,-47.0589
-71.1105,-47.0589
-71.0105,-47.0589
-70.9105,-47.0589
-70.8105,-47.0589
-70.7105,-47.0589
-70.6105,-47.0589
-70.5105,-47.0589
-70.4105,-47.0589
-70.3105,-47.0589
-77.0105,-47.1589
-76.9105,-47.1589
-76.8105,-47.1589
-76.7105,-47.1589
-76.6105,-47.1589
-76.5105,-47.1589
-76.4105,-47.1589
-76.3105,-47.1589
-76.2105,-47.1589
-76.1105,-47.1589
-76.0105,-47.1589
-75.9105,-47.1589
-75.8105,-47.1589
-75.7105,-47.1589
-75.6105,-47.1589
-75.5105,-47.1589
-75.4105,-47.1589
-75.3105,-47.1589
-75.2105,-47.1589
-75.1105,-47.1589
-75.0105,-47.1589
-74.9105,-47.1589
-74.8105,-47.1589
-74.7105,-47.1589
-74.6105,-47.1589
-74.5105,-47.1589
-74.4105,-47.1589
-74.3105,-47.1589
-74.2105,-47.1589
-74.1105,-47.1589
-74.0105,-47.1589
-73.9105,-47.1589
-73.8105,-47.1589
-73.7105,-47.1589
-73.6105,-47.1589
-73.5105,-47.1589
-73.4105,-47.1589
-73.3105,-47.1589
-73.2105,-47.1589
-73.1105,-47.1589
-73.0105,-47.1589
-72.9105,-47.1589
-72.8105,-47.1589
-72.7105,-47.1589
-72.6105,-47.1589
-72.5105,-47.1589
-72.4105,-47.1589
-72.3105,-47.1589
-72.2105,-47.1589
-72.1105,-47.1589
-72.0105,-47.1589
-71.9105,-47.1589
-71.8105,-47.1589
-71.7105,-47.1589
-71.6105,-47.1589
-71.5105,-47.1589
-71.4105,-47.1589
-71.3105,-47.1589
-71.2105,-47.1589
-71.1105,-47.1589
-71.0105,-47.1589
-70.9105,-47.1589
-70.8105,-47.1589
-70.7105,-47.1589
-70.6105,-47.1589
-70.5105,-47.1589
-70.4105,-47.1589
-77.0105,-47.2589
-76.9105,-47.2589
-76.8105,-47.2589
-76.7105,-47.2589
-76.6105,-47.2589
-76.5105,-47.2589
-76.4105,-47.2589
-76.3105,-47.2589
-76.2105,-47.2589
-76.1105,-47.2589
-76.0105,-47.2589
-75.9105,-47.2589
-75.8105,-47.2589
-75.7105,-47.2589
-75.6105,-47.2589
-75.5105,-47.2589
-75.4105,-47.2589
-75.3105,-47.2589
-75.2105,-47.2589
-75.1105,-47.2589
-75.0105,-47.2589
-74.9105,-47.2589
-74.8105,-47.2589
-74.7105,-47.2589
-74.6105,-47.2589
-74.5105,-47.2589
-74.4105,-47.2589
-74.3105,-47.2589
-74.2105,-47.2589
-74.1105,-47.2589
-74.0105,-47.2589
-73.9105,-47.2589
-73.8105,-47.2589
-73.7105,-47.2589
-73.6105,-47.2589
-73.5105,-47.2589
-73.4105,-47.2589
-73.3105,-47.2589
-73.2105,-47.2589
-73.1105,-47.2589
-73.0105,-47.2589
-72.9105,-47.2589
-72.8105,-47.2589
-72.7105,-47.2589
-72.6105,-47.2589
-72.5105,-47.2589
-72.4105,-47.2589
-72.3105,-47.2589
-72.2105,-47.2589
-72.1105,-47.2589
-72.0105,-47.2589
-71.9105,-47.2589
-71.8105,-47.2589
-71.7105,-47.2589
-71.6105,-47.2589
-71.5105,-47.2589
-71.4105,-47.2589
-71.3105,-47.2589
-71.2105,-47.2589
-71.1105,-47.2589
-71.0105,-47.2589
-70.9105,-47.2589
-70.8105,-47.2589
-70.7105,-47.2589
-70.6105,-47.2589
-70.5105,-47.2589
-70.4105,-47.2589
-77.0105,-47.3589
-76.9105,-47.3589
-76.8105,-47.3589
-76.7105,-47.3589
-76.6105,-47.3589
-76.5105,-47.3589
-76.4105,-47.3589
-76.3105,-47.3589
-76.2105,-47.3589
-76.1105,-47.3589
-76.0105,-47.3589
-75.9105,-47.3589
-75.8105,-47.3589
-75.7105,-47.3589
-75.6105,-47.3589
-75.5105,-47.3589
-75.4105,-47.3589
-75.3105,-47.3589
-75.2105,-47.3589
-75.1105,-47.3589
-75.0105,-47.3589
-74.9105,-47.3589
-74.8105,-47.3589
-74.7105,-47.3589
-74.6105,-47.3589
-74.5105,-47.3589
-74.4105,-47.3589
-74.3105,-47.3589
-74.2105,-47.3589
-74.1105,-47.3589
-74.0105,-47.3589
-73.9105,-47.3589
-73.8105,-47.3589
-73.7105,-47.3589
-73.6105,-47.3589
-73.5105,-47.3589
-73.4105,-47.3589
-73.3105,-47.3589
-73.2105,-47.3589
-73.1105,-47.3589
-73.0105,-47.3589
-72.9105,-47.3589
-72.8105,-47.3589
-72.7105,-47.3589
-72.6105,-47.3589
-72.5105,-47.3589
-72.4105,-47.3589
-72.3105,-47.3589
-72.2105,-47.3589
-72.1105,-47.3589
-72.0105,-47.3589
-71.9105,-47.3589
-71.8105,-47.3589
-71.7105,-47.3589
-71.6105,-47.3589
-71.5105,-47.3589
-71.4105,-47.3589
-71.3105,-47.3589
-71.2105,-47.3589
-71.1105,-47.3589
-71.0105,-47.3589
-70.9105,-47.3589
-70.8105,-47.3589
-70.7105,-47.3589
-70.6105,-47.3589
-70.5105,-47.3589
-70.4105,-47.3589
-77.0105,-47.4589
-76.9105,-47.4589
-76.8105,-47.4589
-76.7105,-47.4589
-76.6105,-47.4589
-76.5105,-47.4589
-76.4105,-47.4589
-76.3105,-47.4589
-76.2105,-47.4589
-76.1105,-47.4589
-76.0105,-47.4589
-75.9105,-47.4589
-75.8105,-47.4589
-75.7105,-47.4589
-75.6105,-47.4589
-75.5105,-47.4589
-75.4105,-47.4589
-75.3105,-47.4589
-75.2105,-47.4589
-75.1105,-47.4589
-75.0105,-47.4589
-74.9105,-47.4589
-74.8105,-47.4589
-74.7105,-47.4589
-74.6105,-47.4589
-74.5105,-47.4589
-74.4105,-47.4589
-74.3105,-47.4589
-74.2105,-47.4589
-74.1105,-47.4589
-74.0105,-47.4589
-73.9105,-47.4589
-73.8105,-47.4589
-73.7105,-47.4589
-73.6105,-47.4589
-73.5105,-47.4589
-73.4105,-47.4589
-73.3105,-47.4589
-73.2105,-47.4589
-73.1105,-47.4589
-73.0105,-47.4589
-72.9105,-47.4589
-72.8105,-47.4589
-72.7105,-47.4589
-72.6105,-47.4589
-72.5105,-47.4589
-72.4105,-47.4589
-72.3105,-47.4589
-72.2105,-47.4589
-72.1105,-47.4589
-72.0105,-47.4589
-71.9105,-47.4589
-71.8105,-47.4589
-71.7105,-47.4589
-71.6105,-47.4589
-71.5105,-47.4589
-71.4105,-47.4589
-71.3105,-47.4589
-71.2105,-47.4589
-71.1105,-47.4589
-71.0105,-47.4589
-70.9105,-47.4589
-70.8105,-47.4589
-70.7105,-47.4589
-70.6105,-47.4589
-70.5105,-47.4589
-76.9105,-47.5589
-76.8105,-47.5589
-76.7105,-47.5589
-76.6105,-47.5589
-76.5105,-47.5589
-76.4105,-47.5589
-76.3105,-47.5589
-76.2105,-47.5589
-76.1105,-47.5589
-76.0105,-47.5589
-75.9105,-47.5589
-75.8105,-47.5589
-75.7105,-47.5589
-75.6105,-47.5589
-75.5105,-47.5589
-75.4105,-47.5589
-75.3105,-47.5589
-75.2105,-47.5589
-75.1105,-47.5589
-75.0105,-47.5589
-74.9105,-47.5589
-74.8105,-47.5589
-74.7105,-47.5589
-74.6105,-47.5589
-74.5105,-47.5589
-74.4105,-47.5589
-74.3105,-47.5589
-74.2105,-47.5589
-74.1105,-47.5589
-74.0105,-47.5589
-73.9105,-47.5589
-73.8105,-47.5589
-73.7105,-47.5589
-73.6105,-47.5589
-73.5105,-47.5589
-73.4105,-47.5589
-73.3105,-47.5589
-73.2105,-47.5589
-73.1105,-47.5589
-73.0105,-47.5589
-72.9105,-47.5589
-72.8105,-47.5589
-72.7105,-47.5589
-72.6105,-47.5589
-72.5105,-47.5589
-72.4105,-47.5589
-72.3105,-47.5589
-72.2105,-47.5589
-72.1105,-47.5589
-72.0105,-47.5589
-71.9105,-47.5589
-71.8105,-47.5589
-71.7105,-47.5589
-71.6105,-47.5589
-71.5105,-47.5589
-71.4105,-47.5589
-71.3105,-47.5589
-71.2105,-47.5589
-71.1105,-47.5589
-71.0105,-47.5589
-70.9105,-47.5589
-70.8105,-47.5589
-70.7105,-47.5589
-70.6105,-47.5589
-70.5105,-47.5589
-76.8105,-47.6589
-76.7105,-47.6589
-76.6105,-47.6589
-76.5105,-47.6589
-76.4105,-47.6589
-76.3105,-47.6589
-76.2105,-47.6589
-76.1105,-47.6589
-76.0105,-47.6589
-75.9105,-47.6589
-75.8105,-47.6589
-75.7105,-47.6589
-75.6105,-47.6589
-75.5105,-47.6589
-75.4105,-47.6589
-75.3105,-47.6589
-75.2105,-47.6589
-75.1105,-47.6589
-75.0105,-47.6589
-74.9105,-47.6589
-74.8105,-47.6589
-74.7105,-47.6589
-74.6105,-47.6589
-74.5105,-47.6589
-74.4105,-47.6589
-74.3105,-47.6589
-74.2105,-47.6589
-74.1105,-47.6589
-74.0105,-47.6589
-73.9105,-47.6589
-73.8105,-47.6589
-73.7105,-47.6589
-73.6105,-47.6589
-73.5105,-47.6589
-73.4105,-47.6589
-73.3105,-47.6589
-73.2105,-47.6589
-73.1105,-47.6589
-73.0105,-47.6589
-72.9105,-47.6589
-72.8105,-47.6589
-72.7105,-47.6589
-72.6105,-47.6589
-72.5105,-47.6589
-72.4105,-47.6589
-72.3105,-47.6589
-72.2105,-47.6589
-72.1105,-47.6589
-72.0105,-47.6589
-71.9105,-47.6589
-71.8105,-47.6589
-71.7105,-47.6589
-71.6105,-47.6589
-71.5105,-47.6589
-71.4105,-47.6589
-71.3105,-47.6589
-71.2105,-47.6589
-71.1105,-47.6589
-71.0105,-47.6589
-70.9105,-47.6589
-70.8105,-47.6589
-70.7105,-47.6589
-70.6105,-47.6589
-70.5105,-47.6589
-76.8105,-47.7589
-76.7105,-47.7589
-76.6105,-47.7589
-76.5105,-47.7589
-76.4105,-47.7589
-76.3105,-47.7589
-76.2105,-47.7589
-76.1105,-47.7589
-76.0105,-47.7589
-75.9105,-47.7589
-75.8105,-47.7589
-75.7105,-47.7589
-75.6105,-47.7589
-75.5105,-47.7589
-75.4105,-47.7589
-75.3105,-47.7589
-75.2105,-47.7589
-75.1105,-47.7589
-75.0105,-47.7589
-74.9105,-47.7589
-74.8105,-47.7589
-74.7105,-47.7589
-74.6105,-47.7589
-74.5105,-47.7589
-74.4105,-47.7589
-74.3105,-47.7589
-74.2105,-47.7589
-74.1105,-47.7589
-74.0105,-47.7589
-73.9105,-47.7589
-73.8105,-47.7589
-73.7105,-47.7589
-73.6105,-47.7589
-73.5105,-47.7589
-73.4105,-47.7589
-73.3105,-47.7589
-73.2105,-47.7589
-73.1105,-47.7589
-73.0105,-47.7589
-72.9105,-47.7589
-72.8105,-47.7589
-72.7105,-47.7589
-72.6105,-47.7589
-72.5105,-47.7589
-72.4105,-47.7589
-72.3105,-47.7589
-72.2105,-47.7589
-72.1105,-47.7589
-72.0105,-47.7589
-71.9105,-47.7589
-71.8105,-47.7589
-71.7105,-47.7589
-71.6105,-47.7589
-71.5105,-47.7589
-71.4105,-47.7589
-71.3105,-47.7589
-71.2105,-47.7589
-71.1105,-47.7589
-71.0105,-47.7589
-70.9105,-47.7589
-70.8105,-47.7589
-70.7105,-47.7589
-70.6105,-47.7589
-76.9105,-47.8589
-76.8105,-47.8589
-76.7105,-47.8589
-76.6105,-47.8589
-76.5105,-47.8589
-76.4105,-47.8589
-76.3105,-47.8589
-76.2105,-47.8589
-76.1105,-47.8589
-76.0105,-47.8589
-75.9105,-47.8589
-75.8105,-47.8589
-75.7105,-47.8589
-75.6105,-47.8589
-75.5105,-47.8589
-75.4105,-47.8589
-75.3105,-47.8589
-75.2105,-47.8589
-75.1105,-47.8589
-75.0105,-47.8589
-74.9105,-47.8589
-74.8105,-47.8589
-74.7105,-47.8589
-74.6105,-47.8589
-74.5105,-47.8589
-74.4105,-47.8589
-74.3105,-47.8589
-74.2105,-47.8589
-74.1105,-47.8589
-74.0105,-47.8589
-73.9105,-47.8589
-73.8105,-47.8589
-73.7105,-47.8589
-73.6105,-47.8589
-73.5105,-47.8589
-73.4105,-47.8589
-73.3105,-47.8589
-73.2105,-47.8589
-73.1105,-47.8589
-73.0105,-47.8589
-72.9105,-47.8589
-72.8105,-47.8589
-72.7105,-47.8589
-72.6105,-47.8589
-72.5105,-47.8589
-72.4105,-47.8589
-72.3105,-47.8589
-72.2105,-47.8589
-72.1105,-47.8589
-72.0105,-47.8589
-71.9105,-47.8589
-71.8105,-47.8589
-71.7105,-47.8589
-71.6105,-47.8589
-71.5105,-47.8589
-71.4105,-47.8589
-71.3105,-47.8589
-71.2105,-47.8589
-71.1105,-47.8589
-71.0105,-47.8589
-70.9105,-47.8589
-70.8105,-47.8589
-70.7105,-47.8589
-70.6105,-47.8589
-76.9105,-47.9589
-76.8105,-47.9589
-76.7105,-47.9589
-76.6105,-47.9589
-76.5105,-47.9589
-76.4105,-47.9589
-76.3105,-47.9589
-76.2105,-47.9589
-76.1105,-47.9589
-76.0105,-47.9589
-75.9105,-47.9589
-75.8105,-47.9589
-75.7105,-47.9589
-75.6105,-47.9589
-75.5105,-47.9589
-75.4105,-47.9589
-75.3105,-47.9589
-75.2105,-47.9589
-75.1105,-47.9589
-75.0105,-47.9589
-74.9105,-47.9589
-74.8105,-47.9589
-74.7105,-47.9589
-74.6105,-47.9589
-74.5105,-47.9589
-74.4105,-47.9589
-74.3105,-47.9589
-74.2105,-47.9589
-74.1105,-47.9589
-74.0105,-47.9589
-73.9105,-47.9589
-73.8105,-47.9589
-73.7105,-47.9589
-73.6105,-47.9589
-73.5105,-47.9589
-73.4105,-47.9589
-73.3105,-47.9589
-73.2105,-47.9589
-73.1105,-47.9589
-73.0105,-47.9589
-72.9105,-47.9589
-72.8105,-47.9589
-72.7105,-47.9589
-72.6105,-47.9589
-72.5105,-47.9589
-72.4105,-47.9589
-72.3105,-47.9589
-72.2105,-47.9589
-72.1105,-47.9589
-72.0105,-47.9589
-71.9105,-47.9589
-71.8105,-47.9589
-71.7105,-47.9589
-71.6105,-47.9589
-71.5105,-47.9589
-71.4105,-47.9589
-71.3105,-47.9589
-71.2105,-47.9589
-71.1105,-47.9589
-71.0105,-47.9589
-70.9105,-47.9589
-70.8105,-47.9589
-70.7105,-47.9589
-70.6105,-47.9589
-77.0105,-48.0589
-76.9105,-48.0589
-76.8105,-48.0589
-76.7105,-48.0589
-76.6105,-48.0589
-76.5105,-48.0589
-76.4105,-48.0589
-76.3105,-48.0589
-76.2105,-48.0589
-76.1105,-48.0589
-76.0105,-48.0589
-75.9105,-48.0589
-75.8105,-48.0589
-75.7105,-48.0589
-75.6105,-48.0589
-75.5105,-48.0589
-75.4105,-48.0589
-75.3105,-48.0589
-75.2105,-48.0589
-75.1105,-48.0589
-75.0105,-48.0589
-74.9105,-48.0589
-74.8105,-48.0589
-74.7105,-48.0589
-74.6105,-48.0589
-74.5105,-48.0589
-74.4105,-48.0589
-74.3105,-48.0589
-74.2105,-48.0589
-74.1105,-48.0589
-74.0105,-48.0589
-73.9105,-48.0589
-73.8105,-48.0589
-73.7105,-48.0589
-73.6105,-48.0589
-73.5105,-48.0589
-73.4105,-48.0589
-73.3105,-48.0589
-73.2105,-48.0589
-73.1105,-48.0589
-73.0105,-48.0589
-72.9105,-48.0589
-72.8105,-48.0589
-72.7105,-48.0589
-72.6105,-48.0589
-72.5105,-48.0589
-72.4105,-48.0589
-72.3105,-48.0589
-72.2105,-48.0589
-72.1105,-48.0589
-72.0105,-48.0589
-71.9105,-48.0589
-71.8105,-48.0589
-71.7105,-48.0589
-71.6105,-48.0589
-71.5105,-48.0589
-71.4105,-48.0589
-71.3105,-48.0589
-71.2105,-48.0589
-71.1105,-48.0589
-71.0105,-48.0589
-70.9105,-48.0589
-70.8105,-48.0589
-70.7105,-48.0589
-77.0105,-48.1589
-76.9105,-48.1589
-76.8105,-48.1589
-76.7105,-48.1589
-76.6105,-48.1589
-76.5105,-48.1589
-76.4105,-48.1589
-76.3105,-48.1589
-76.2105,-48.1589
-76.1105,-48.1589
-76.0105,-48.1589
-75.9105,-48.1589
-75.8105,-48.1589
-75.7105,-48.1589
-75.6105,-48.1589
-75.5105,-48.1589
-75.4105,-48.1589
-75.3105,-48.1589
-75.2105,-48.1589
-75.1105,-48.1589
-75.0105,-48.1589
-74.9105,-48.1589
-74.8105,-48.1589
-74.7105,-48.1589
-74.6105,-48.1589
-74.5105,-48.1589
-74.4105,-48.1589
-74.3105,-48.1589
-74.2105,-48.1589
-74.1105,-48.1589
-74.0105,-48.1589
-73.9105,-48.1589
-73.8105,-48.1589
-73.7105,-48.1589
-73.6105,-48.1589
-73.5105,-48.1589
-73.4105,-48.1589
-73.3105,-48.1589
-73.2105,-48.1589
-73.1105,-48.1589
-73.0105,-48.1589
-72.9105,-48.1589
-72.8105,-48.1589
-72.7105,-48.1589
-72.6105,-48.1589
-72.5105,-48.1589
-72.4105,-48.1589
-72.3105,-48.1589
-72.2105,-48.1589
-72.1105,-48.1589
-72.0105,-48.1589
-71.9105,-48.1589
-71.8105,-48.1589
-71.7105,-48.1589
-71.6105,-48.1589
-71.5105,-48.1589
-71.4105,-48.1589
-71.3105,-48.1589
-71.2105,-48.1589
-71.1105,-48.1589
-71.0105,-48.1589
-70.9105,-48.1589
-70.8105,-48.1589
-77.1105,-48.2589
-77.0105,-48.2589
-76.9105,-48.2589
-76.8105,-48.2589
-76.7105,-48.2589
-76.6105,-48.2589
-76.5105,-48.2589
-76.4105,-48.2589
-76.3105,-48.2589
-76.2105,-48.2589
-76.1105,-48.2589
-76.0105,-48.2589
-75.9105,-48.2589
-75.8105,-48.2589
-75.7105,-48.2589
-75.6105,-48.2589
-75.5105,-48.2589
-75.4105,-48.2589
-75.3105,-48.2589
-75.2105,-48.2589
-75.1105,-48.2589
-75.0105,-48.2589
-74.9105,-48.2589
-74.8105,-48.2589
-74.7105,-48.2589
-74.6105,-48.2589
-74.5105,-48.2589
-74.4105,-48.2589
-74.3105,-48.2589
-74.2105,-48.2589
-74.1105,-48.2589
-74.0105,-48.2589
-73.9105,-48.2589
-73.8105,-48.2589
-73.7105,-48.2589
-73.6105,-48.2589
-73.5105,-48.2589
-73.4105,-48.2589
-73.3105,-48.2589
-73.2105,-48.2589
-73.1105,-48.2589
-73.0105,-48.2589
-72.9105,-48.2589
-72.8105,-48.2589
-72.7105,-48.2589
-72.6105,-48.2589
-72.5105,-48.2589
-72.4105,-48.2589
-72.3105,-48.2589
-72.2105,-48.2589
-72.1105,-48.2589
-72.0105,-48.2589
-71.9105,-48.2589
-71.8105,-48.2589
-71.7105,-48.2589
-71.6105,-48.2589
-71.5105,-48.2589
-71.4105,-48.2589
-71.3105,-48.2589
-71.2105,-48.2589
-71.1105,-48.2589
-71.0105,-48.2589
-70.9105,-48.2589
-77.1105,-48.3589
-77.0105,-48.3589
-76.9105,-48.3589
-76.8105,-48.3589
-76.7105,-48.3589
-76.6105,-48.3589
-76.5105,-48.3589
-76.4105,-48.3589
-76.3105,-48.3589
-76.2105,-48.3589
-76.1105,-48.3589
-76.0105,-48.3589
-75.9105,-48.3589
-75.8105,-48.3589
-75.7105,-48.3589
-75.6105,-48.3589
-75.5105,-48.3589
-75.4105,-48.3589
-75.3105,-48.3589
-75.2105,-48.3589
-75.1105,-48.3589
-75.0105,-48.3589
-74.9105,-48.3589
-74.8105,-48.3589
-74.7105,-48.3589
-74.6105,-48.3589
-74.5105,-48.3589
-74.4105,-48.3589
-74.3105,-48.3589
-74.2105,-48.3589
-74.1105,-48.3589
-74.0105,-48.3589
-73.9105,-48.3589
-73.8105,-48.3589
-73.7105,-48.3589
-73.6105,-48.3589
-73.5105,-48.3589
-73.4105,-48.3589
-73.3105,-48.3589
-73.2105,-48.3589
-73.1105,-48.3589
-73.0105,-48.3589
-72.9105,-48.3589
-72.8105,-48.3589
-72.7105,-48.3589
-72.6105,-48.3589
-72.5105,-48.3589
-72.4105,-48.3589
-72.3105,-48.3589
-72.2105,-48.3589
-72.1105,-48.3589
-72.0105,-48.3589
-71.9105,-48.3589
-71.8105,-48.3589
-71.7105,-48.3589
-71.6105,-48.3589
-71.5105,-48.3589
-71.4105,-48.3589
-71.3105,-48.3589
-71.2105,-48.3589
-71.1105,-48.3589
-71.0105,-48.3589
-70.9105,-48.3589
-77.1105,-48.4589
-77.0105,-48.4589
-76.9105,-48.4589
-76.8105,-48.4589
-76.7105,-48.4589
-76.6105,-48.4589
-76.5105,-48.4589
-76.4105,-48.4589
-76.3105,-48.4589
-76.2105,-48.4589
-76.1105,-48.4589
-76.0105,-48.4589
-75.9105,-48.4589
-75.8105,-48.4589
-75.7105,-48.4589
-75.6105,-48.4589
-75.5105,-48.4589
-75.4105,-48.4589
-75.3105,-48.4589
-75.2105,-48.4589
-75.1105,-48.4589
-75.0105,-48.4589
-74.9105,-48.4589
-74.8105,-48.4589
-74.7105,-48.4589
-74.6105,-48.4589
-74.5105,-48.4589
-74.4105,-48.4589
-74.3105,-48.4589
-74.2105,-48.4589
-74.1105,-48.4589
-74.0105,-48.4589
-73.9105,-48.4589
-73.8105,-48.4589
-73.7105,-48.4589
-73.6105,-48.4589
-73.5105,-48.4589
-73.4105,-48.4589
-73.3105,-48.4589
-73.2105,-48.4589
-73.1105,-48.4589
-73.0105,-48.4589
-72.9105,-48.4589
-72.8105,-48.4589
-72.7105,-48.4589
-72.6105,-48.4589
-72.5105,-48.4589
-72.4105,-48.4589
-72.3105,-48.4589
-72.2105,-48.4589
-72.1105,-48.4589
-72.0105,-48.4589
-71.9105,-48.4589
-71.8105,-48.4589
-71.7105,-48.4589
-71.6105,-48.4589
-71.5105,-48.4589
-71.4105,-48.4589
-71.3105,-48.4589
-71.2105,-48.4589
-71.1105,-48.4589
-71.0105,-48.4589
-70.9105,-48.4589
-77.1105,-48.5589
-77.0105,-48.5589
-76.9105,-48.5589
-76.8105,-48.5589
-76.7105,-48.5589
-76.6105,-48.5589
-76.5105,-48.5589
-76.4105,-48.5589
-76.3105,-48.5589
-76.2105,-48.5589
-76.1105,-48.5589
-76.0105,-48.5589
-75.9105,-48.5589
-75.8105,-48.5589
-75.7105,-48.5589
-75.6105,-48.5589
-75.5105,-48.5589
-75.4105,-48.5589
-75.3105,-48.5589
-75.2105,-48.5589
-75.1105,-48.5589
-75.0105,-48.5589
-74.9105,-48.5589
-74.8105,-48.5589
-74.7105,-48.5589
-74.6105,-48.5589
-74.5105,-48.5589
-74.4105,-48.5589
-74.3105,-48.5589
-74.2105,-48.5589
-74.1105,-48.5589
-74.0105,-48.5589
-73.9105,-48.5589
-73.8105,-48.5589
-73.7105,-48.5589
-73.6105,-48.5589
-73.5105,-48.5589
-73.4105,-48.5589
-73.3105,-48.5589
-73.2105,-48.5589
-73.1105,-48.5589
-73.0105,-48.5589
-72.9105,-48.5589
-72.8105,-48.5589
-72.7105,-48.5589
-72.6105,-48.5589
-72.5105,-48.5589
-72.4105,-48.5589
-72.3105,-48.5589
-72.2105,-48.5589
-72.1105,-48.5589
-72.0105,-48.5589
-71.9105,-48.5589
-71.8105,-48.5589
-71.7105,-48.5589
-71.6105,-48.5589
-71.5105,-48.5589
-71.4105,-48.5589
-71.3105,-48.5589
-71.2105,-48.5589
-71.1105,-48.5589
-71.0105,-48.5589
-70.9105,-48.5589
-77.1105,-48.6589
-77.0105,-48.6589
-76.9105,-48.6589
-76.8105,-48.6589
-76.7105,-48.6589
-76.6105,-48.6589
-76.5105,-48.6589
-76.4105,-48.6589
-76.3105,-48.6589
-76.2105,-48.6589
-76.1105,-48.6589
-76.0105,-48.6589
-75.9105,-48.6589
-75.8105,-48.6589
-75.7105,-48.6589
-75.6105,-48.6589
-75.5105,-48.6589
-75.4105,-48.6589
-75.3105,-48.6589
-75.2105,-48.6589
-75.1105,-48.6589
-75.0105,-48.6589
-74.9105,-48.6589
-74.8105,-48.6589
-74.7105,-48.6589
-74.6105,-48.6589
-74.5105,-48.6589
-74.4105,-48.6589
-74.3105,-48.6589
-74.2105,-48.6589
-74.1105,-48.6589
-74.0105,-48.6589
-73.9105,-48.6589
-73.8105,-48.6589
-73.7105,-48.6589
-73.6105,-48.6589
-73.5105,-48.6589
-73.4105,-48.6589
-73.3105,-48.6589
-73.2105,-48.6589
-73.1105,-48.6589
-73.0105,-48.6589
-72.9105,-48.6589
-72.8105,-48.6589
-72.7105,-48.6589
-72.6105,-48.6589
-72.5105,-48.6589
-72.4105,-48.6589
-72.3105,-48.6589
-72.2105,-48.6589
-72.1105,-48.6589
-72.0105,-48.6589
-71.9105,-48.6589
-71.8105,-48.6589
-71.7105,-48.6589
-71.6105,-48.6589
-71.5105,-48.6589
-71.4105,-48.6589
-71.3105,-48.6589
-71.2105,-48.6589
-71.1105,-48.6589
-71.0105,-48.6589
-70.9105,-48.6589
-77.1105,-48.7589
-77.0105,-48.7589
-76.9105,-48.7589
-76.8105,-48.7589
-76.7105,-48.7589
-76.6105,-48.7589
-76.5105,-48.7589
-76.4105,-48.7589
-76.3105,-48.7589
-76.2105,-48.7589
-76.1105,-48.7589
-76.0105,-48.7589
-75.9105,-48.7589
-75.8105,-48.7589
-75.7105,-48.7589
-75.6105,-48.7589
-75.5105,-48.7589
-75.4105,-48.7589
-75.3105,-48.7589
-75.2105,-48.7589
-75.1105,-48.7589
-75.0105,-48.7589
-74.9105,-48.7589
-74.8105,-48.7589
-74.7105,-48.7589
-74.6105,-48.7589
-74.5105,-48.7589
-74.4105,-48.7589
-74.3105,-48.7589
-74.2105,-48.7589
-74.1105,-48.7589
-74.0105,-48.7589
-73.9105,-48.7589
-73.8105,-48.7589
-73.7105,-48.7589
-73.6105,-48.7589
-73.5105,-48.7589
-73.4105,-48.7589
-73.3105,-48.7589
-73.2105,-48.7589
-73.1105,-48.7589
-73.0105,-48.7589
-72.9105,-48.7589
-72.8105,-48.7589
-72.7105,-48.7589
-72.6105,-48.7589
-72.5105,-48.7589
-72.4105,-48.7589
-72.3105,-48.7589
-72.2105,-48.7589
-72.1105,-48.7589
-72.0105,-48.7589
-71.9105,-48.7589
-71.8105,-48.7589
-71.7105,-48.7589
-71.6105,-48.7589
-71.5105,-48.7589
-71.4105,-48.7589
-71.3105,-48.7589
-71.2105,-48.7589
-71.1105,-48.7589
-71.0105,-48.7589
-77.1105,-48.8589
-77.0105,-48.8589
-76.9105,-48.8589
-76.8105,-48.8589
-76.7105,-48.8589
-76.6105,-48.8589
-76.5105,-48.8589
-76.4105,-48.8589
-76.3105,-48.8589
-76.2105,-48.8589
-76.1105,-48.8589
-76.0105,-48.8589
-75.9105,-48.8589
-75.8105,-48.8589
-75.7105,-48.8589
-75.6105,-48.8589
-75.5105,-48.8589
-75.4105,-48.8589
-75.3105,-48.8589
-75.2105,-48.8589
-75.1105,-48.8589
-75.0105,-48.8589
-74.9105,-48.8589
-74.8105,-48.8589
-74.7105,-48.8589
-74.6105,-48.8589
-74.5105,-48.8589
-74.4105,-48.8589
-74.3105,-48.8589
-74.2105,-48.8589
-74.1105,-48.8589
-74.0105,-48.8589
-73.9105,-48.8589
-73.8105,-48.8589
-73.7105,-48.8589
-73.6105,-48.8589
-73.5105,-48.8589
-73.4105,-48.8589
-73.3105,-48.8589
-73.2105,-48.8589
-73.1105,-48.8589
-73.0105,-48.8589
-72.9105,-48.8589
-72.8105,-48.8589
-72.7105,-48.8589
-72.6105,-48.8589
-72.5105,-48.8589
-72.4105,-48.8589
-72.3105,-48.8589
-72.2105,-48.8589
-72.1105,-48.8589
-72.0105,-48.8589
-71.9105,-48.8589
-71.8105,-48.8589
-71.7105,-48.8589
-71.6105,-48.8589
-71.5105,-48.8589
-71.4105,-48.8589
-71.3105,-48.8589
-71.2105,-48.8589
-71.1105,-48.8589
-71.0105,-48.8589
-77.1105,-48.9589
-77.0105,-48.9589
-76.9105,-48.9589
-76.8105,-48.9589
-76.7105,-48.9589
-76.6105,-48.9589
-76.5105,-48.9589
-76.4105,-48.9589
-76.3105,-48.9589
-76.2105,-48.9589
-76.1105,-48.9589
-76.0105,-48.9589
-75.9105,-48.9589
-75.8105,-48.9589
-75.7105,-48.9589
-75.6105,-48.9589
-75.5105,-48.9589
-75.4105,-48.9589
-75.3105,-48.9589
-75.2105,-48.9589
-75.1105,-48.9589
-75.0105,-48.9589
-74.9105,-48.9589
-74.8105,-48.9589
-74.7105,-48.9589
-74.6105,-48.9589
-74.5105,-48.9589
-74.4105,-48.9589
-74.3105,-48.9589
-74.2105,-48.9589
-74.1105,-48.9589
-74.0105,-48.9589
-73.9105,-48.9589
-73.8105,-48.9589
-73.7105,-48.9589
-73.6105,-48.9589
-73.5105,-48.9589
-73.4105,-48.9589
-73.3105,-48.9589
-73.2105,-48.9589
-73.1105,-48.9589
-73.0105,-48.9589
-72.9105,-48.9589
-72.8105,-48.9589
-72.7105,-48.9589
-72.6105,-48.9589
-72.5105,-48.9589
-72.4105,-48.9589
-72.3105,-48.9589
-72.2105,-48.9589
-72.1105,-48.9589
-72.0105,-48.9589
-71.9105,-48.9589
-71.8105,-48.9589
-71.7105,-48.9589
-71.6105,-48.9589
-71.5105,-48.9589
-71.4105,-48.9589
-71.3105,-48.9589
-71.2105,-48.9589
-71.1105,-48.9589
-71.0105,-48.9589
-77.1105,-49.0589
-77.0105,-49.0589
-76.9105,-49.0589
-76.8105,-49.0589
-76.7105,-49.0589
-76.6105,-49.0589
-76.5105,-49.0589
-76.4105,-49.0589
-76.3105,-49.0589
-76.2105,-49.0589
-76.1105,-49.0589
-76.0105,-49.0589
-75.9105,-49.0589
-75.8105,-49.0589
-75.7105,-49.0589
-75.6105,-49.0589
-75.5105,-49.0589
-75.4105,-49.0589
-75.3105,-49.0589
-75.2105,-49.0589
-75.1105,-49.0589
-75.0105,-49.0589
-74.9105,-49.0589
-74.8105,-49.0589
-74.7105,-49.0589
-74.6105,-49.0589
-74.5105,-49.0589
-74.4105,-49.0589
-74.3105,-49.0589
-74.2105,-49.0589
-74.1105,-49.0589
-74.0105,-49.0589
-73.9105,-49.0589
-73.8105,-49.0589
-73.7105,-49.0589
-73.6105,-49.0589
-73.5105,-49.0589
-73.4105,-49.0589
-73.3105,-49.0589
-73.2105,-49.0589
-73.1105,-49.0589
-73.0105,-49.0589
-72.9105,-49.0589
-72.8105,-49.0589
-72.7105,-49.0589
-72.6105,-49.0589
-72.5105,-49.0589
-72.4105,-49.0589
-72.3105,-49.0589
-72.2105,-49.0589
-72.1105,-49.0589
-72.0105,-49.0589
-71.9105,-49.0589
-71.8105,-49.0589
-71.7105,-49.0589
-71.6105,-49.0589
-71.5105,-49.0589
-71.4105,-49.0589
-71.3105,-49.0589
-71.2105,-49.0589
-71.1105,-49.0589
-71.0105,-49.0589
-77.1105,-49.1589
-77.0105,-49.1589
-76.9105,-49.1589
-76.8105,-49.1589
-76.7105,-49.1589
-76.6105,-49.1589
-76.5105,-49.1589
-76.4105,-49.1589
-76.3105,-49.1589
-76.2105,-49.1589
-76.1105,-49.1589
-76.0105,-49.1589
-75.9105,-49.1589
-75.8105,-49.1589
-75.7105,-49.1589
-75.6105,-49.1589
-75.5105,-49.1589
-75.4105,-49.1589
-75.3105,-49.1589
-75.2105,-49.1589
-75.1105,-49.1589
-75.0105,-49.1589
-74.9105,-49.1589
-74.8105,-49.1589
-74.7105,-49.1589
-74.6105,-49.1589
-74.5105,-49.1589
-74.4105,-49.1589
-74.3105,-49.1589
-74.2105,-49.1589
-74.1105,-49.1589
-74.0105,-49.1589
-73.9105,-49.1589
-73.8105,-49.1589
-73.7105,-49.1589
-73.6105,-49.1589
-73.5105,-49.1589
-73.4105,-49.1589
-73.3105,-49.1589
-73.2105,-49.1589
-73.1105,-49.1589
-73.0105,-49.1589
-72.9105,-49.1589
-72.8105,-49.1589
-72.7105,-49.1589
-72.6105,-49.1589
-72.5105,-49.1589
-72.4105,-49.1589
-72.3105,-49.1589
-72.2105,-49.1589
-72.1105,-49.1589
-72.0105,-49.1589
-71.9105,-49.1589
-71.8105,-49.1589
-71.7105,-49.1589
-71.6105,-49.1589
-71.5105,-49.1589
-71.4105,-49.1589
-71.3105,-49.1589
-71.2105,-49.1589
-77.0105,-49.2589
-76.9105,-49.2589
-76.8105,-49.2589
-76.7105,-49.2589
-76.6105,-49.2589
-76.5105,-49.2589
-76.4105,-49.2589
-76.3105,-49.2589
-76.2105,-49.2589
-76.1105,-49.2589
-76.0105,-49.2589
-75.9105,-49.2589
-75.8105,-49.2589
-75.7105,-49.2589
-75.6105,-49.2589
-75.5105,-49.2589
-75.4105,-49.2589
-75.3105,-49.2589
-75.2105,-49.2589
-75.1105,-49.2589
-75.0105,-49.2589
-74.9105,-49.2589
-74.8105,-49.2589
-74.7105,-49.2589
-74.6105,-49.2589
-74.5105,-49.2589
-74.4105,-49.2589
-74.3105,-49.2589
-74.2105,-49.2589
-74.1105,-49.2589
-74.0105,-49.2589
-73.9105,-49.2589
-73.8105,-49.2589
-73.7105,-49.2589
-73.6105,-49.2589
-73.5105,-49.2589
-73.4105,-49.2589
-73.3105,-49.2589
-73.2105,-49.2589
-73.1105,-49.2589
-73.0105,-49.2589
-72.9105,-49.2589
-72.8105,-49.2589
-72.7105,-49.2589
-72.6105,-49.2589
-72.5105,-49.2589
-72.4105,-49.2589
-72.3105,-49.2589
-72.2105,-49.2589
-72.1105,-49.2589
-72.0105,-49.2589
-71.9105,-49.2589
-71.8105,-49.2589
-71.7105,-49.2589
-71.6105,-49.2589
-71.5105,-49.2589
-71.4105,-49.2589
-71.3105,-49.2589
-71.2105,-49.2589
-77.0105,-49.3589
-76.9105,-49.3589
-76.8105,-49.3589
-76.7105,-49.3589
-76.6105,-49.3589
-76.5105,-49.3589
-76.4105,-49.3589
-76.3105,-49.3589
-76.2105,-49.3589
-76.1105,-49.3589
-76.0105,-49.3589
-75.9105,-49.3589
-75.8105,-49.3589
-75.7105,-49.3589
-75.6105,-49.3589
-75.5105,-49.3589
-75.4105,-49.3589
-75.3105,-49.3589
-75.2105,-49.3589
-75.1105,-49.3589
-75.0105,-49.3589
-74.9105,-49.3589
-74.8105,-49.3589
-74.7105,-49.3589
-74.6105,-49.3589
-74.5105,-49.3589
-74.4105,-49.3589
-74.3105,-49.3589
-74.2105,-49.3589
-74.1105,-49.3589
-74.0105,-49.3589
-73.9105,-49.3589
-73.8105,-49.3589
-73.7105,-49.3589
-73.6105,-49.3589
-73.5105,-49.3589
-73.4105,-49.3589
-73.3105,-49.3589
-73.2105,-49.3589
-73.1105,-49.3589
-73.0105,-49.3589
-72.9105,-49.3589
-72.8105,-49.3589
-72.7105,-49.3589
-72.6105,-49.3589
-72.5105,-49.3589
-72.4105,-49.3589
-72.3105,-49.3589
-72.2105,-49.3589
-72.1105,-49.3589
-72.0105,-49.3589
-71.9105,-49.3589
-71.8105,-49.3589
-71.7105,-49.3589
-71.6105,-49.3589
-71.5105,-49.3589
-71.4105,-49.3589
-71.3105,-49.3589
-77.0105,-49.4589
-76.9105,-49.4589
-76.8105,-49.4589
-76.7105,-49.4589
-76.6105,-49.4589
-76.5105,-49.4589
-76.4105,-49.4589
-76.3105,-49.4589
-76.2105,-49.4589
-76.1105,-49.4589
-76.0105,-49.4589
-75.9105,-49.4589
-75.8105,-49.4589
-75.7105,-49.4589
-75.6105,-49.4589
-75.5105,-49.4589
-75.4105,-49.4589
-75.3105,-49.4589
-75.2105,-49.4589
-75.1105,-49.4589
-75.0105,-49.4589
-74.9105,-49.4589
-74.8105,-49.4589
-74.7105,-49.4589
-74.6105,-49.4589
-74.5105,-49.4589
-74.4105,-49.4589
-74.3105,-49.4589
-74.2105,-49.4589
-74.1105,-49.4589
-74.0105,-49.4589
-73.9105,-49.4589
-73.8105,-49.4589
-73.7105,-49.4589
-73.6105,-49.4589
-73.5105,-49.4589
-73.4105,-49.4589
-73.3105,-49.4589
-73.2105,-49.4589
-73.1105,-49.4589
-73.0105,-49.4589
-72.9105,-49.4589
-72.8105,-49.4589
-72.7105,-49.4589
-72.6105,-49.4589
-72.5105,-49.4589
-72.4105,-49.4589
-72.3105,-49.4589
-72.2105,-49.4589
-72.1105,-49.4589
-72.0105,-49.4589
-71.9105,-49.4589
-71.8105,-49.4589
-71.7105,-49.4589
-71.6105,-49.4589
-71.5105,-49.4589
-71.4105,-49.4589
-71.3105,-49.4589
-77.0105,-49.5589
-76.9105,-49.5589
-76.8105,-49.5589
-76.7105,-49.5589
-76.6105,-49.5589
-76.5105,-49.5589
-76.4105,-49.5589
-76.3105,-49.5589
-76.2105,-49.5589
-76.1105,-49.5589
-76.0105,-49.5589
-75.9105,-49.5589
-75.8105,-49.5589
-75.7105,-49.5589
-75.6105,-49.5589
-75.5105,-49.5589
-75.4105,-49.5589
-75.3105,-49.5589
-75.2105,-49.5589
-75.1105,-49.5589
-75.0105,-49.5589
-74.9105,-49.5589
-74.8105,-49.5589
-74.7105,-49.5589
-74.6105,-49.5589
-74.5105,-49.5589
-74.4105,-49.5589
-74.3105,-49.5589
-74.2105,-49.5589
-74.1105,-49.5589
-74.0105,-49.5589
-73.9105,-49.5589
-73.8105,-49.5589
-73.7105,-49.5589
-73.6105,-49.5589
-73.5105,-49.5589
-73.4105,-49.5589
-73.3105,-49.5589
-73.2105,-49.5589
-73.1105,-49.5589
-73.0105,-49.5589
-72.9105,-49.5589
-72.8105,-49.5589
-72.7105,-49.5589
-72.6105,-49.5589
-72.5105,-49.5589
-72.4105,-49.5589
-72.3105,-49.5589
-72.2105,-49.5589
-72.1105,-49.5589
-72.0105,-49.5589
-71.9105,-49.5589
-71.8105,-49.5589
-71.7105,-49.5589
-71.6105,-49.5589
-71.5105,-49.5589
-71.4105,-49.5589
-77.0105,-49.6589
-76.9105,-49.6589
-76.8105,-49.6589
-76.7105,-49.6589
-76.6105,-49.6589
-76.5105,-49.6589
-76.4105,-49.6589
-76.3105,-49.6589
-76.2105,-49.6589
-76.1105,-49.6589
-76.0105,-49.6589
-75.9105,-49.6589
-75.8105,-49.6589
-75.7105,-49.6589
-75.6105,-49.6589
-75.5105,-49.6589
-75.4105,-49.6589
-75.3105,-49.6589
-75.2105,-49.6589
-75.1105,-49.6589
-75.0105,-49.6589
-74.9105,-49.6589
-74.8105,-49.6589
-74.7105,-49.6589
-74.6105,-49.6589
-74.5105,-49.6589
-74.4105,-49.6589
-74.3105,-49.6589
-74.2105,-49.6589
-74.1105,-49.6589
-74.0105,-49.6589
-73.9105,-49.6589
-73.8105,-49.6589
-73.7105,-49.6589
-73.6105,-49.6589
-73.5105,-49.6589
-73.4105,-49.6589
-73.3105,-49.6589
-73.2105,-49.6589
-73.1105,-49.6589
-73.0105,-49.6589
-72.9105,-49.6589
-72.8105,-49.6589
-72.7105,-49.6589
-72.6105,-49.6589
-72.5105,-49.6589
-72.4105,-49.6589
-72.3105,-49.6589
-72.2105,-49.6589
-72.1105,-49.6589
-72.0105,-49.6589
-71.9105,-49.6589
-71.8105,-49.6589
-71.7105,-49.6589
-71.6105,-49.6589
-71.5105,-49.6589
-71.4105,-49.6589
-77.0105,-49.7589
-76.9105,-49.7589
-76.8105,-49.7589
-76.7105,-49.7589
-76.6105,-49.7589
-76.5105,-49.7589
-76.4105,-49.7589
-76.3105,-49.7589
-76.2105,-49.7589
-76.1105,-49.7589
-76.0105,-49.7589
-75.9105,-49.7589
-75.8105,-49.7589
-75.7105,-49.7589
-75.6105,-49.7589
-75.5105,-49.7589
-75.4105,-49.7589
-75.3105,-49.7589
-75.2105,-49.7589
-75.1105,-49.7589
-75.0105,-49.7589
-74.9105,-49.7589
-74.8105,-49.7589
-74.7105,-49.7589
-74.6105,-49.7589
-74.5105,-49.7589
-74.4105,-49.7589
-74.3105,-49.7589
-74.2105,-49.7589
-74.1105,-49.7589
-74.0105,-49.7589
-73.9105,-49.7589
-73.8105,-49.7589
-73.7105,-49.7589
-73.6105,-49.7589
-73.5105,-49.7589
-73.4105,-49.7589
-73.3105,-49.7589
-73.2105,-49.7589
-73.1105,-49.7589
-73.0105,-49.7589
-72.9105,-49.7589
-72.8105,-49.7589
-72.7105,-49.7589
-72.6105,-49.7589
-72.5105,-49.7589
-72.4105,-49.7589
-72.3105,-49.7589
-72.2105,-49.7589
-72.1105,-49.7589
-72.0105,-49.7589
-71.9105,-49.7589
-71.8105,-49.7589
-71.7105,-49.7589
-71.6105,-49.7589
-71.5105,-49.7589
-71.4105,-49.7589
-71.3105,-49.7589
-77.0105,-49.8589
-76.9105,-49.8589
-76.8105,-49.8589
-76.7105,-49.8589
-76.6105,-49.8589
-76.5105,-49.8589
-76.4105,-49.8589
-76.3105,-49.8589
-76.2105,-49.8589
-76.1105,-49.8589
-76.0105,-49.8589
-75.9105,-49.8589
-75.8105,-49.8589
-75.7105,-49.8589
-75.6105,-49.8589
-75.5105,-49.8589
-75.4105,-49.8589
-75.3105,-49.8589
-75.2105,-49.8589
-75.1105,-49.8589
-75.0105,-49.8589
-74.9105,-49.8589
-74.8105,-49.8589
-74.7105,-49.8589
-74.6105,-49.8589
-74.5105,-49.8589
-74.4105,-49.8589
-74.3105,-49.8589
-74.2105,-49.8589
-74.1105,-49.8589
-74.0105,-49.8589
-73.9105,-49.8589
-73.8105,-49.8589
-73.7105,-49.8589
-73.6105,-49.8589
-73.5105,-49.8589
-73.4105,-49.8589
-73.3105,-49.8589
-73.2105,-49.8589
-73.1105,-49.8589
-73.0105,-49.8589
-72.9105,-49.8589
-72.8105,-49.8589
-72.7105,-49.8589
-72.6105,-49.8589
-72.5105,-49.8589
-72.4105,-49.8589
-72.3105,-49.8589
-72.2105,-49.8589
-72.1105,-49.8589
-72.0105,-49.8589
-71.9105,-49.8589
-71.8105,-49.8589
-71.7105,-49.8589
-71.6105,-49.8589
-71.5105,-49.8589
-71.4105,-49.8589
-71.3105,-49.8589
-71.2105,-49.8589
-77.0105,-49.9589
-76.9105,-49.9589
-76.8105,-49.9589
-76.7105,-49.9589
-76.6105,-49.9589
-76.5105,-49.9589
-76.4105,-49.9589
-76.3105,-49.9589
-76.2105,-49.9589
-76.1105,-49.9589
-76.0105,-49.9589
-75.9105,-49.9589
-75.8105,-49.9589
-75.7105,-49.9589
-75.6105,-49.9589
-75.5105,-49.9589
-75.4105,-49.9589
-75.3105,-49.9589
-75.2105,-49.9589
-75.1105,-49.9589
-75.0105,-49.9589
-74.9105,-49.9589
-74.8105,-49.9589
-74.7105,-49.9589
-74.6105,-49.9589
-74.5105,-49.9589
-74.4105,-49.9589
-74.3105,-49.9589
-74.2105,-49.9589
-74.1105,-49.9589
-74.0105,-49.9589
-73.9105,-49.9589
-73.8105,-49.9589
-73.7105,-49.9589
-73.6105,-49.9589
-73.5105,-49.9589
-73.4105,-49.9589
-73.3105,-49.9589
-73.2105,-49.9589
-73.1105,-49.9589
-73.0105,-49.9589
-72.9105,-49.9589
-72.8105,-49.9589
-72.7105,-49.9589
-72.6105,-49.9589
-72.5105,-49.9589
-72.4105,-49.9589
-72.3105,-49.9589
-72.2105,-49.9589
-72.1105,-49.9589
-72.0105,-49.9589
-71.9105,-49.9589
-71.8105,-49.9589
-71.7105,-49.9589
-71.6105,-49.9589
-71.5105,-49.9589
-71.4105,-49.9589
-71.3105,-49.9589
-71.2105,-49.9589
-71.1105,-49.9589
-76.9105,-50.0589
-76.8105,-50.0589
-76.7105,-50.0589
-76.6105,-50.0589
-76.5105,-50.0589
-76.4105,-50.0589
-76.3105,-50.0589
-76.2105,-50.0589
-76.1105,-50.0589
-76.0105,-50.0589
-75.9105,-50.0589
-75.8105,-50.0589
-75.7105,-50.0589
-75.6105,-50.0589
-75.5105,-50.0589
-75.4105,-50.0589
-75.3105,-50.0589
-75.2105,-50.0589
-75.1105,-50.0589
-75.0105,-50.0589
-74.9105,-50.0589
-74.8105,-50.0589
-74.7105,-50.0589
-74.6105,-50.0589
-74.5105,-50.0589
-74.4105,-50.0589
-74.3105,-50.0589
-74.2105,-50.0589
-74.1105,-50.0589
-74.0105,-50.0589
-73.9105,-50.0589
-73.8105,-50.0589
-73.7105,-50.0589
-73.6105,-50.0589
-73.5105,-50.0589
-73.4105,-50.0589
-73.3105,-50.0589
-73.2105,-50.0589
-73.1105,-50.0589
-73.0105,-50.0589
-72.9105,-50.0589
-72.8105,-50.0589
-72.7105,-50.0589
-72.6105,-50.0589
-72.5105,-50.0589
-72.4105,-50.0589
-72.3105,-50.0589
-72.2105,-50.0589
-72.1105,-50.0589
-72.0105,-50.0589
-71.9105,-50.0589
-71.8105,-50.0589
-71.7105,-50.0589
-71.6105,-50.0589
-71.5105,-50.0589
-71.4105,-50.0589
-71.3105,-50.0589
-71.2105,-50.0589
-71.1105,-50.0589
-76.9105,-50.1589
-76.8105,-50.1589
-76.7105,-50.1589
-76.6105,-50.1589
-76.5105,-50.1589
-76.4105,-50.1589
-76.3105,-50.1589
-76.2105,-50.1589
-76.1105,-50.1589
-76.0105,-50.1589
-75.9105,-50.1589
-75.8105,-50.1589
-75.7105,-50.1589
-75.6105,-50.1589
-75.5105,-50.1589
-75.4105,-50.1589
-75.3105,-50.1589
-75.2105,-50.1589
-75.1105,-50.1589
-75.0105,-50.1589
-74.9105,-50.1589
-74.8105,-50.1589
-74.7105,-50.1589
-74.6105,-50.1589
-74.5105,-50.1589
-74.4105,-50.1589
-74.3105,-50.1589
-74.2105,-50.1589
-74.1105,-50.1589
-74.0105,-50.1589
-73.9105,-50.1589
-73.8105,-50.1589
-73.7105,-50.1589
-73.6105,-50.1589
-73.5105,-50.1589
-73.4105,-50.1589
-73.3105,-50.1589
-73.2105,-50.1589
-73.1105,-50.1589
-73.0105,-50.1589
-72.9105,-50.1589
-72.8105,-50.1589
-72.7105,-50.1589
-72.6105,-50.1589
-72.5105,-50.1589
-72.4105,-50.1589
-72.3105,-50.1589
-72.2105,-50.1589
-72.1105,-50.1589
-72.0105,-50.1589
-71.9105,-50.1589
-71.8105,-50.1589
-71.7105,-50.1589
-71.6105,-50.1589
-71.5105,-50.1589
-71.4105,-50.1589
-71.3105,-50.1589
-71.2105,-50.1589
-71.1105,-50.1589
-71.0105,-50.1589
-76.9105,-50.2589
-76.8105,-50.2589
-76.7105,-50.2589
-76.6105,-50.2589
-76.5105,-50.2589
-76.4105,-50.2589
-76.3105,-50.2589
-76.2105,-50.2589
-76.1105,-50.2589
-76.0105,-50.2589
-75.9105,-50.2589
-75.8105,-50.2589
-75.7105,-50.2589
-75.6105,-50.2589
-75.5105,-50.2589
-75.4105,-50.2589
-75.3105,-50.2589
-75.2105,-50.2589
-75.1105,-50.2589
-75.0105,-50.2589
-74.9105,-50.2589
-74.8105,-50.2589
-74.7105,-50.2589
-74.6105,-50.2589
-74.5105,-50.2589
-74.4105,-50.2589
-74.3105,-50.2589
-74.2105,-50.2589
-74.1105,-50.2589
-74.0105,-50.2589
-73.9105,-50.2589
-73.8105,-50.2589
-73.7105,-50.2589
-73.6105,-50.2589
-73.5105,-50.2589
-73.4105,-50.2589
-73.3105,-50.2589
-73.2105,-50.2589
-73.1105,-50.2589
-73.0105,-50.2589
-72.9105,-50.2589
-72.8105,-50.2589
-72.7105,-50.2589
-72.6105,-50.2589
-72.5105,-50.2589
-72.4105,-50.2589
-72.3105,-50.2589
-72.2105,-50.2589
-72.1105,-50.2589
-72.0105,-50.2589
-71.9105,-50.2589
-71.8105,-50.2589
-71.7105,-50.2589
-71.6105,-50.2589
-71.5105,-50.2589
-71.4105,-50.2589
-71.3105,-50.2589
-71.2105,-50.2589
-71.1105,-50.2589
-71.0105,-50.2589
-76.9105,-50.3589
-76.8105,-50.3589
-76.7105,-50.3589
-76.6105,-50.3589
-76.5105,-50.3589
-76.4105,-50.3589
-76.3105,-50.3589
-76.2105,-50.3589
-76.1105,-50.3589
-76.0105,-50.3589
-75.9105,-50.3589
-75.8105,-50.3589
-75.7105,-50.3589
-75.6105,-50.3589
-75.5105,-50.3589
-75.4105,-50.3589
-75.3105,-50.3589
-75.2105,-50.3589
-75.1105,-50.3589
-75.0105,-50.3589
-74.9105,-50.3589
-74.8105,-50.3589
-74.7105,-50.3589
-74.6105,-50.3589
-74.5105,-50.3589
-74.4105,-50.3589
-74.3105,-50.3589
-74.2105,-50.3589
-74.1105,-50.3589
-74.0105,-50.3589
-73.9105,-50.3589
-73.8105,-50.3589
-73.7105,-50.3589
-73.6105,-50.3589
-73.5105,-50.3589
-73.4105,-50.3589
-73.3105,-50.3589
-73.2105,-50.3589
-73.1105,-50.3589
-73.0105,-50.3589
-72.9105,-50.3589
-72.8105,-50.3589
-72.7105,-50.3589
-72.6105,-50.3589
-72.5105,-50.3589
-72.4105,-50.3589
-72.3105,-50.3589
-72.2105,-50.3589
-72.1105,-50.3589
-72.0105,-50.3589
-71.9105,-50.3589
-71.8105,-50.3589
-71.7105,-50.3589
-71.6105,-50.3589
-71.5105,-50.3589
-71.4105,-50.3589
-71.3105,-50.3589
-71.2105,-50.3589
-71.1105,-50.3589
-71.0105,-50.3589
-70.9105,-50.3589
-76.9105,-50.4589
-76.8105,-50.4589
-76.7105,-50.4589
-76.6105,-50.4589
-76.5105,-50.4589
-76.4105,-50.4589
-76.3105,-50.4589
-76.2105,-50.4589
-76.1105,-50.4589
-76.0105,-50.4589
-75.9105,-50.4589
-75.8105,-50.4589
-75.7105,-50.4589
-75.6105,-50.4589
-75.5105,-50.4589
-75.4105,-50.4589
-75.3105,-50.4589
-75.2105,-50.4589
-75.1105,-50.4589
-75.0105,-50.4589
-74.9105,-50.4589
-74.8105,-50.4589
-74.7105,-50.4589
-74.6105,-50.4589
-74.5105,-50.4589
-74.4105,-50.4589
-74.3105,-50.4589
-74.2105,-50.4589
-74.1105,-50.4589
-74.0105,-50.4589
-73.9105,-50.4589
-73.8105,-50.4589
-73.7105,-50.4589
-73.6105,-50.4589
-73.5105,-50.4589
-73.4105,-50.4589
-73.3105,-50.4589
-73.2105,-50.4589
-73.1105,-50.4589
-73.0105,-50.4589
-72.9105,-50.4589
-72.8105,-50.4589
-72.7105,-50.4589
-72.6105,-50.4589
-72.5105,-50.4589
-72.4105,-50.4589
-72.3105,-50.4589
-72.2105,-50.4589
-72.1105,-50.4589
-72.0105,-50.4589
-71.9105,-50.4589
-71.8105,-50.4589
-71.7105,-50.4589
-71.6105,-50.4589
-71.5105,-50.4589
-71.4105,-50.4589
-71.3105,-50.4589
-71.2105,-50.4589
-71.1105,-50.4589
-71.0105,-50.4589
-70.9105,-50.4589
-76.9105,-50.5589
-76.8105,-50.5589
-76.7105,-50.5589
-76.6105,-50.5589
-76.5105,-50.5589
-76.4105,-50.5589
-76.3105,-50.5589
-76.2105,-50.5589
-76.1105,-50.5589
-76.0105,-50.5589
-75.9105,-50.5589
-75.8105,-50.5589
-75.7105,-50.5589
-75.6105,-50.5589
-75.5105,-50.5589
-75.4105,-50.5589
-75.3105,-50.5589
-75.2105,-50.5589
-75.1105,-50.5589
-75.0105,-50.5589
-74.9105,-50.5589
-74.8105,-50.5589
-74.7105,-50.5589
-74.6105,-50.5589
-74.5105,-50.5589
-74.4105,-50.5589
-74.3105,-50.5589
-74.2105,-50.5589
-74.1105,-50.5589
-74.0105,-50.5589
-73.9105,-50.5589
-73.8105,-50.5589
-73.7105,-50.5589
-73.6105,-50.5589
-73.5105,-50.5589
-73.4105,-50.5589
-73.3105,-50.5589
-73.2105,-50.5589
-73.1105,-50.5589
-73.0105,-50.5589
-72.9105,-50.5589
-72.8105,-50.5589
-72.7105,-50.5589
-72.6105,-50.5589
-72.5105,-50.5589
-72.4105,-50.5589
-72.3105,-50.5589
-72.2105,-50.5589
-72.1105,-50.5589
-72.0105,-50.5589
-71.9105,-50.5589
-71.8105,-50.5589
-71.7105,-50.5589
-71.6105,-50.5589
-71.5105,-50.5589
-71.4105,-50.5589
-71.3105,-50.5589
-71.2105,-50.5589
-71.1105,-50.5589
-71.0105,-50.5589
-70.9105,-50.5589
-70.8105,-50.5589
-70.7105,-50.5589
-70.6105,-50.5589
-70.5105,-50.5589
-70.4105,-50.5589
-70.3105,-50.5589
-70.2105,-50.5589
-70.1105,-50.5589
-70.0105,-50.5589
-69.9105,-50.5589
-69.8105,-50.5589
-69.7105,-50.5589
-69.6105,-50.5589
-76.9105,-50.6589
-76.8105,-50.6589
-76.7105,-50.6589
-76.6105,-50.6589
-76.5105,-50.6589
-76.4105,-50.6589
-76.3105,-50.6589
-76.2105,-50.6589
-76.1105,-50.6589
-76.0105,-50.6589
-75.9105,-50.6589
-75.8105,-50.6589
-75.7105,-50.6589
-75.6105,-50.6589
-75.5105,-50.6589
-75.4105,-50.6589
-75.3105,-50.6589
-75.2105,-50.6589
-75.1105,-50.6589
-75.0105,-50.6589
-74.9105,-50.6589
-74.8105,-50.6589
-74.7105,-50.6589
-74.6105,-50.6589
-74.5105,-50.6589
-74.4105,-50.6589
-74.3105,-50.6589
-74.2105,-50.6589
-74.1105,-50.6589
-74.0105,-50.6589
-73.9105,-50.6589
-73.8105,-50.6589
-73.7105,-50.6589
-73.6105,-50.6589
-73.5105,-50.6589
-73.4105,-50.6589
-73.3105,-50.6589
-73.2105,-50.6589
-73.1105,-50.6589
-73.0105,-50.6589
-72.9105,-50.6589
-72.8105,-50.6589
-72.7105,-50.6589
-72.6105,-50.6589
-72.5105,-50.6589
-72.4105,-50.6589
-72.3105,-50.6589
-72.2105,-50.6589
-72.1105,-50.6589
-72.0105,-50.6589
-71.9105,-50.6589
-71.8105,-50.6589
-71.7105,-50.6589
-71.6105,-50.6589
-71.5105,-50.6589
-71.4105,-50.6589
-71.3105,-50.6589
-71.2105,-50.6589
-71.1105,-50.6589
-71.0105,-50.6589
-70.9105,-50.6589
-70.8105,-50.6589
-70.7105,-50.6589
-70.6105,-50.6589
-70.5105,-50.6589
-70.4105,-50.6589
-70.3105,-50.6589
-70.2105,-50.6589
-70.1105,-50.6589
-70.0105,-50.6589
-69.9105,-50.6589
-69.8105,-50.6589
-69.7105,-50.6589
-69.6105,-50.6589
-69.5105,-50.6589
-69.4105,-50.6589
-69.3105,-50.6589
-69.2105,-50.6589
-69.1105,-50.6589
-69.0105,-50.6589
-76.9105,-50.7589
-76.8105,-50.7589
-76.7105,-50.7589
-76.6105,-50.7589
-76.5105,-50.7589
-76.4105,-50.7589
-76.3105,-50.7589
-76.2105,-50.7589
-76.1105,-50.7589
-76.0105,-50.7589
-75.9105,-50.7589
-75.8105,-50.7589
-75.7105,-50.7589
-75.6105,-50.7589
-75.5105,-50.7589
-75.4105,-50.7589
-75.3105,-50.7589
-75.2105,-50.7589
-75.1105,-50.7589
-75.0105,-50.7589
-74.9105,-50.7589
-74.8105,-50.7589
-74.7105,-50.7589
-74.6105,-50.7589
-74.5105,-50.7589
-74.4105,-50.7589
-74.3105,-50.7589
-74.2105,-50.7589
-74.1105,-50.7589
-74.0105,-50.7589
-73.9105,-50.7589
-73.8105,-50.7589
-73.7105,-50.7589
-73.6105,-50.7589
-73.5105,-50.7589
-73.4105,-50.7589
-73.3105,-50.7589
-73.2105,-50.7589
-73.1105,-50.7589
-73.0105,-50.7589
-72.9105,-50.7589
-72.8105,-50.7589
-72.7105,-50.7589
-72.6105,-50.7589
-72.5105,-50.7589
-72.4105,-50.7589
-72.3105,-50.7589
-72.2105,-50.7589
-72.1105,-50.7589
-72.0105,-50.7589
-71.9105,-50.7589
-71.8105,-50.7589
-71.7105,-50.7589
-71.6105,-50.7589
-71.5105,-50.7589
-71.4105,-50.7589
-71.3105,-50.7589
-71.2105,-50.7589
-71.1105,-50.7589
-71.0105,-50.7589
-70.9105,-50.7589
-70.8105,-50.7589
-70.7105,-50.7589
-70.6105,-50.7589
-70.5105,-50.7589
-70.4105,-50.7589
-70.3105,-50.7589
-70.2105,-50.7589
-70.1105,-50.7589
-70.0105,-50.7589
-69.9105,-50.7589
-69.8105,-50.7589
-69.7105,-50.7589
-69.6105,-50.7589
-69.5105,-50.7589
-69.4105,-50.7589
-69.3105,-50.7589
-69.2105,-50.7589
-69.1105,-50.7589
-69.0105,-50.7589
-68.9105,-50.7589
-68.8105,-50.7589
-68.7105,-50.7589
-68.6105,-50.7589
-76.9105,-50.8589
-76.8105,-50.8589
-76.7105,-50.8589
-76.6105,-50.8589
-76.5105,-50.8589
-76.4105,-50.8589
-76.3105,-50.8589
-76.2105,-50.8589
-76.1105,-50.8589
-76.0105,-50.8589
-75.9105,-50.8589
-75.8105,-50.8589
-75.7105,-50.8589
-75.6105,-50.8589
-75.5105,-50.8589
-75.4105,-50.8589
-75.3105,-50.8589
-75.2105,-50.8589
-75.1105,-50.8589
-75.0105,-50.8589
-74.9105,-50.8589
-74.8105,-50.8589
-74.7105,-50.8589
-74.6105,-50.8589
-74.5105,-50.8589
-74.4105,-50.8589
-74.3105,-50.8589
-74.2105,-50.8589
-74.1105,-50.8589
-74.0105,-50.8589
-73.9105,-50.8589
-73.8105,-50.8589
-73.7105,-50.8589
-73.6105,-50.8589
-73.5105,-50.8589
-73.4105,-50.8589
-73.3105,-50.8589
-73.2105,-50.8589
-73.1105,-50.8589
-73.0105,-50.8589
-72.9105,-50.8589
-72.8105,-50.8589
-72.7105,-50.8589
-72.6105,-50.8589
-72.5105,-50.8589
-72.4105,-50.8589
-72.3105,-50.8589
-72.2105,-50.8589
-72.1105,-50.8589
-72.0105,-50.8589
-71.9105,-50.8589
-71.8105,-50.8589
-71.7105,-50.8589
-71.6105,-50.8589
-71.5105,-50.8589
-71.4105,-50.8589
-71.3105,-50.8589
-71.2105,-50.8589
-71.1105,-50.8589
-71.0105,-50.8589
-70.9105,-50.8589
-70.8105,-50.8589
-70.7105,-50.8589
-70.6105,-50.8589
-70.5105,-50.8589
-70.4105,-50.8589
-70.3105,-50.8589
-70.2105,-50.8589
-70.1105,-50.8589
-70.0105,-50.8589
-69.9105,-50.8589
-69.8105,-50.8589
-69.7105,-50.8589
-69.6105,-50.8589
-69.5105,-50.8589
-69.4105,-50.8589
-69.3105,-50.8589
-69.2105,-50.8589
-69.1105,-50.8589
-69.0105,-50.8589
-68.9105,-50.8589
-68.8105,-50.8589
-68.7105,-50.8589
-68.6105,-50.8589
-68.5105,-50.8589
-68.4105,-50.8589
-68.3105,-50.8589
-68.2105,-50.8589
-68.1105,-50.8589
-76.8105,-50.9589
-76.7105,-50.9589
-76.6105,-50.9589
-76.5105,-50.9589
-76.4105,-50.9589
-76.3105,-50.9589
-76.2105,-50.9589
-76.1105,-50.9589
-76.0105,-50.9589
-75.9105,-50.9589
-75.8105,-50.9589
-75.7105,-50.9589
-75.6105,-50.9589
-75.5105,-50.9589
-75.4105,-50.9589
-75.3105,-50.9589
-75.2105,-50.9589
-75.1105,-50.9589
-75.0105,-50.9589
-74.9105,-50.9589
-74.8105,-50.9589
-74.7105,-50.9589
-74.6105,-50.9589
-74.5105,-50.9589
-74.4105,-50.9589
-74.3105,-50.9589
-74.2105,-50.9589
-74.1105,-50.9589
-74.0105,-50.9589
-73.9105,-50.9589
-73.8105,-50.9589
-73.7105,-50.9589
-73.6105,-50.9589
-73.5105,-50.9589
-73.4105,-50.9589
-73.3105,-50.9589
-73.2105,-50.9589
-73.1105,-50.9589
-73.0105,-50.9589
-72.9105,-50.9589
-72.8105,-50.9589
-72.7105,-50.9589
-72.6105,-50.9589
-72.5105,-50.9589
-72.4105,-50.9589
-72.3105,-50.9589
-72.2105,-50.9589
-72.1105,-50.9589
-72.0105,-50.9589
-71.9105,-50.9589
-71.8105,-50.9589
-71.7105,-50.9589
-71.6105,-50.9589
-71.5105,-50.9589
-71.4105,-50.9589
-71.3105,-50.9589
-71.2105,-50.9589
-71.1105,-50.9589
-71.0105,-50.9589
-70.9105,-50.9589
-70.8105,-50.9589
-70.7105,-50.9589
-70.6105,-50.9589
-70.5105,-50.9589
-70.4105,-50.9589
-70.3105,-50.9589
-70.2105,-50.9589
-70.1105,-50.9589
-70.0105,-50.9589
-69.9105,-50.9589
-69.8105,-50.9589
-69.7105,-50.9589
-69.6105,-50.9589
-69.5105,-50.9589
-69.4105,-50.9589
-69.3105,-50.9589
-69.2105,-50.9589
-69.1105,-50.9589
-69.0105,-50.9589
-68.9105,-50.9589
-68.8105,-50.9589
-68.7105,-50.9589
-68.6105,-50.9589
-68.5105,-50.9589
-68.4105,-50.9589
-68.3105,-50.9589
-68.2105,-50.9589
-68.1105,-50.9589
-68.0105,-50.9589
-76.8105,-51.0589
-76.7105,-51.0589
-76.6105,-51.0589
-76.5105,-51.0589
-76.4105,-51.0589
-76.3105,-51.0589
-76.2105,-51.0589
-76.1105,-51.0589
-76.0105,-51.0589
-75.9105,-51.0589
-75.8105,-51.0589
-75.7105,-51.0589
-75.6105,-51.0589
-75.5105,-51.0589
-75.4105,-51.0589
-75.3105,-51.0589
-75.2105,-51.0589
-75.1105,-51.0589
-75.0105,-51.0589
-74.9105,-51.0589
-74.8105,-51.0589
-74.7105,-51.0589
-74.6105,-51.0589
-74.5105,-51.0589
-74.4105,-51.0589
-74.3105,-51.0589
-74.2105,-51.0589
-74.1105,-51.0589
-74.0105,-51.0589
-73.9105,-51.0589
-73.8105,-51.0589
-73.7105,-51.0589
-73.6105,-51.0589
-73.5105,-51.0589
-73.4105,-51.0589
-73.3105,-51.0589
-73.2105,-51.0589
-73.1105,-51.0589
-73.0105,-51.0589
-72.9105,-51.0589
-72.8105,-51.0589
-72.7105,-51.0589
-72.6105,-51.0589
-72.5105,-51.0589
-72.4105,-51.0589
-72.3105,-51.0589
-72.2105,-51.0589
-72.1105,-51.0589
-72.0105,-51.0589
-71.9105,-51.0589
-71.8105,-51.0589
-71.7105,-51.0589
-71.6105,-51.0589
-71.5105,-51.0589
-71.4105,-51.0589
-71.3105,-51.0589
-71.2105,-51.0589
-71.1105,-51.0589
-71.0105,-51.0589
-70.9105,-51.0589
-70.8105,-51.0589
-70.7105,-51.0589
-70.6105,-51.0589
-70.5105,-51.0589
-70.4105,-51.0589
-70.3105,-51.0589
-70.2105,-51.0589
-70.1105,-51.0589
-70.0105,-51.0589
-69.9105,-51.0589
-69.8105,-51.0589
-69.7105,-51.0589
-69.6105,-51.0589
-69.5105,-51.0589
-69.4105,-51.0589
-69.3105,-51.0589
-69.2105,-51.0589
-69.1105,-51.0589
-69.0105,-51.0589
-68.9105,-51.0589
-68.8105,-51.0589
-68.7105,-51.0589
-68.6105,-51.0589
-68.5105,-51.0589
-68.4105,-51.0589
-68.3105,-51.0589
-68.2105,-51.0589
-68.1105,-51.0589
-68.0105,-51.0589
-67.9105,-51.0589
-76.8105,-51.1589
-76.7105,-51.1589
-76.6105,-51.1589
-76.5105,-51.1589
-76.4105,-51.1589
-76.3105,-51.1589
-76.2105,-51.1589
-76.1105,-51.1589
-76.0105,-51.1589
-75.9105,-51.1589
-75.8105,-51.1589
-75.7105,-51.1589
-75.6105,-51.1589
-75.5105,-51.1589
-75.4105,-51.1589
-75.3105,-51.1589
-75.2105,-51.1589
-75.1105,-51.1589
-75.0105,-51.1589
-74.9105,-51.1589
-74.8105,-51.1589
-74.7105,-51.1589
-74.6105,-51.1589
-74.5105,-51.1589
-74.4105,-51.1589
-74.3105,-51.1589
-74.2105,-51.1589
-74.1105,-51.1589
-74.0105,-51.1589
-73.9105,-51.1589
-73.8105,-51.1589
-73.7105,-51.1589
-73.6105,-51.1589
-73.5105,-51.1589
-73.4105,-51.1589
-73.3105,-51.1589
-73.2105,-51.1589
-73.1105,-51.1589
-73.0105,-51.1589
-72.9105,-51.1589
-72.8105,-51.1589
-72.7105,-51.1589
-72.6105,-51.1589
-72.5105,-51.1589
-72.4105,-51.1589
-72.3105,-51.1589
-72.2105,-51.1589
-72.1105,-51.1589
-72.0105,-51.1589
-71.9105,-51.1589
-71.8105,-51.1589
-71.7105,-51.1589
-71.6105,-51.1589
-71.5105,-51.1589
-71.4105,-51.1589
-71.3105,-51.1589
-71.2105,-51.1589
-71.1105,-51.1589
-71.0105,-51.1589
-70.9105,-51.1589
-70.8105,-51.1589
-70.7105,-51.1589
-70.6105,-51.1589
-70.5105,-51.1589
-70.4105,-51.1589
-70.3105,-51.1589
-70.2105,-51.1589
-70.1105,-51.1589
-70.0105,-51.1589
-69.9105,-51.1589
-69.8105,-51.1589
-69.7105,-51.1589
-69.6105,-51.1589
-69.5105,-51.1589
-69.4105,-51.1589
-69.3105,-51.1589
-69.2105,-51.1589
-69.1105,-51.1589
-69.0105,-51.1589
-68.9105,-51.1589
-68.8105,-51.1589
-68.7105,-51.1589
-68.6105,-51.1589
-68.5105,-51.1589
-68.4105,-51.1589
-68.3105,-51.1589
-68.2105,-51.1589
-68.1105,-51.1589
-68.0105,-51.1589
-67.9105,-51.1589
-67.8105,-51.1589
-67.7105,-51.1589
-76.7105,-51.2589
-76.6105,-51.2589
-76.5105,-51.2589
-76.4105,-51.2589
-76.3105,-51.2589
-76.2105,-51.2589
-76.1105,-51.2589
-76.0105,-51.2589
-75.9105,-51.2589
-75.8105,-51.2589
-75.7105,-51.2589
-75.6105,-51.2589
-75.5105,-51.2589
-75.4105,-51.2589
-75.3105,-51.2589
-75.2105,-51.2589
-75.1105,-51.2589
-75.0105,-51.2589
-74.9105,-51.2589
-74.8105,-51.2589
-74.7105,-51.2589
-74.6105,-51.2589
-74.5105,-51.2589
-74.4105,-51.2589
-74.3105,-51.2589
-74.2105,-51.2589
-74.1105,-51.2589
-74.0105,-51.2589
-73.9105,-51.2589
-73.8105,-51.2589
-73.7105,-51.2589
-73.6105,-51.2589
-73.5105,-51.2589
-73.4105,-51.2589
-73.3105,-51.2589
-73.2105,-51.2589
-73.1105,-51.2589
-73.0105,-51.2589
-72.9105,-51.2589
-72.8105,-51.2589
-72.7105,-51.2589
-72.6105,-51.2589
-72.5105,-51.2589
-72.4105,-51.2589
-72.3105,-51.2589
-72.2105,-51.2589
-72.1105,-51.2589
-72.0105,-51.2589
-71.9105,-51.2589
-71.8105,-51.2589
-71.7105,-51.2589
-71.6105,-51.2589
-71.5105,-51.2589
-71.4105,-51.2589
-71.3105,-51.2589
-71.2105,-51.2589
-71.1105,-51.2589
-71.0105,-51.2589
-70.9105,-51.2589
-70.8105,-51.2589
-70.7105,-51.2589
-70.6105,-51.2589
-70.5105,-51.2589
-70.4105,-51.2589
-70.3105,-51.2589
-70.2105,-51.2589
-70.1105,-51.2589
-70.0105,-51.2589
-69.9105,-51.2589
-69.8105,-51.2589
-69.7105,-51.2589
-69.6105,-51.2589
-69.5105,-51.2589
-69.4105,-51.2589
-69.3105,-51.2589
-69.2105,-51.2589
-69.1105,-51.2589
-69.0105,-51.2589
-68.9105,-51.2589
-68.8105,-51.2589
-68.7105,-51.2589
-68.6105,-51.2589
-68.5105,-51.2589
-68.4105,-51.2589
-68.3105,-51.2589
-68.2105,-51.2589
-68.1105,-51.2589
-68.0105,-51.2589
-67.9105,-51.2589
-67.8105,-51.2589
-67.7105,-51.2589
-67.6105,-51.2589
-76.7105,-51.3589
-76.6105,-51.3589
-76.5105,-51.3589
-76.4105,-51.3589
-76.3105,-51.3589
-76.2105,-51.3589
-76.1105,-51.3589
-76.0105,-51.3589
-75.9105,-51.3589
-75.8105,-51.3589
-75.7105,-51.3589
-75.6105,-51.3589
-75.5105,-51.3589
-75.4105,-51.3589
-75.3105,-51.3589
-75.2105,-51.3589
-75.1105,-51.3589
-75.0105,-51.3589
-74.9105,-51.3589
-74.8105,-51.3589
-74.7105,-51.3589
-74.6105,-51.3589
-74.5105,-51.3589
-74.4105,-51.3589
-74.3105,-51.3589
-74.2105,-51.3589
-74.1105,-51.3589
-74.0105,-51.3589
-73.9105,-51.3589
-73.8105,-51.3589
-73.7105,-51.3589
-73.6105,-51.3589
-73.5105,-51.3589
-73.4105,-51.3589
-73.3105,-51.3589
-73.2105,-51.3589
-73.1105,-51.3589
-73.0105,-51.3589
-72.9105,-51.3589
-72.8105,-51.3589
-72.7105,-51.3589
-72.6105,-51.3589
-72.5105,-51.3589
-72.4105,-51.3589
-72.3105,-51.3589
-72.2105,-51.3589
-72.1105,-51.3589
-72.0105,-51.3589
-71.9105,-51.3589
-71.8105,-51.3589
-71.7105,-51.3589
-71.6105,-51.3589
-71.5105,-51.3589
-71.4105,-51.3589
-71.3105,-51.3589
-71.2105,-51.3589
-71.1105,-51.3589
-71.0105,-51.3589
-70.9105,-51.3589
-70.8105,-51.3589
-70.7105,-51.3589
-70.6105,-51.3589
-70.5105,-51.3589
-70.4105,-51.3589
-70.3105,-51.3589
-70.2105,-51.3589
-70.1105,-51.3589
-70.0105,-51.3589
-69.9105,-51.3589
-69.8105,-51.3589
-69.7105,-51.3589
-69.6105,-51.3589
-69.5105,-51.3589
-69.4105,-51.3589
-69.3105,-51.3589
-69.2105,-51.3589
-69.1105,-51.3589
-69.0105,-51.3589
-68.9105,-51.3589
-68.8105,-51.3589
-68.7105,-51.3589
-68.6105,-51.3589
-68.5105,-51.3589
-68.4105,-51.3589
-68.3105,-51.3589
-68.2105,-51.3589
-68.1105,-51.3589
-68.0105,-51.3589
-67.9105,-51.3589
-67.8105,-51.3589
-67.7105,-51.3589
-67.6105,-51.3589
-67.5105,-51.3589
-67.4105,-51.3589
-76.7105,-51.4589
-76.6105,-51.4589
-76.5105,-51.4589
-76.4105,-51.4589
-76.3105,-51.4589
-76.2105,-51.4589
-76.1105,-51.4589
-76.0105,-51.4589
-75.9105,-51.4589
-75.8105,-51.4589
-75.7105,-51.4589
-75.6105,-51.4589
-75.5105,-51.4589
-75.4105,-51.4589
-75.3105,-51.4589
-75.2105,-51.4589
-75.1105,-51.4589
-75.0105,-51.4589
-74.9105,-51.4589
-74.8105,-51.4589
-74.7105,-51.4589
-74.6105,-51.4589
-74.5105,-51.4589
-74.4105,-51.4589
-74.3105,-51.4589
-74.2105,-51.4589
-74.1105,-51.4589
-74.0105,-51.4589
-73.9105,-51.4589
-73.8105,-51.4589
-73.7105,-51.4589
-73.6105,-51.4589
-73.5105,-51.4589
-73.4105,-51.4589
-73.3105,-51.4589
-73.2105,-51.4589
-73.1105,-51.4589
-73.0105,-51.4589
-72.9105,-51.4589
-72.8105,-51.4589
-72.7105,-51.4589
-72.6105,-51.4589
-72.5105,-51.4589
-72.4105,-51.4589
-72.3105,-51.4589
-72.2105,-51.4589
-72.1105,-51.4589
-72.0105,-51.4589
-71.9105,-51.4589
-71.8105,-51.4589
-71.7105,-51.4589
-71.6105,-51.4589
-71.5105,-51.4589
-71.4105,-51.4589
-71.3105,-51.4589
-71.2105,-51.4589
-71.1105,-51.4589
-71.0105,-51.4589
-70.9105,-51.4589
-70.8105,-51.4589
-70.7105,-51.4589
-70.6105,-51.4589
-70.5105,-51.4589
-70.4105,-51.4589
-70.3105,-51.4589
-70.2105,-51.4589
-70.1105,-51.4589
-70.0105,-51.4589
-69.9105,-51.4589
-69.8105,-51.4589
-69.7105,-51.4589
-69.6105,-51.4589
-69.5105,-51.4589
-69.4105,-51.4589
-69.3105,-51.4589
-69.2105,-51.4589
-69.1105,-51.4589
-69.0105,-51.4589
-68.9105,-51.4589
-68.8105,-51.4589
-68.7105,-51.4589
-68.6105,-51.4589
-68.5105,-51.4589
-68.4105,-51.4589
-68.3105,-51.4589
-68.2105,-51.4589
-68.1105,-51.4589
-68.0105,-51.4589
-67.9105,-51.4589
-67.8105,-51.4589
-67.7105,-51.4589
-67.6105,-51.4589
-67.5105,-51.4589
-67.4105,-51.4589
-67.3105,-51.4589
-76.8105,-51.5589
-76.7105,-51.5589
-76.6105,-51.5589
-76.5105,-51.5589
-76.4105,-51.5589
-76.3105,-51.5589
-76.2105,-51.5589
-76.1105,-51.5589
-76.0105,-51.5589
-75.9105,-51.5589
-75.8105,-51.5589
-75.7105,-51.5589
-75.6105,-51.5589
-75.5105,-51.5589
-75.4105,-51.5589
-75.3105,-51.5589
-75.2105,-51.5589
-75.1105,-51.5589
-75.0105,-51.5589
-74.9105,-51.5589
-74.8105,-51.5589
-74.7105,-51.5589
-74.6105,-51.5589
-74.5105,-51.5589
-74.4105,-51.5589
-74.3105,-51.5589
-74.2105,-51.5589
-74.1105,-51.5589
-74.0105,-51.5589
-73.9105,-51.5589
-73.8105,-51.5589
-73.7105,-51.5589
-73.6105,-51.5589
-73.5105,-51.5589
-73.4105,-51.5589
-73.3105,-51.5589
-73.2105,-51.5589
-73.1105,-51.5589
-73.0105,-51.5589
-72.9105,-51.5589
-72.8105,-51.5589
-72.7105,-51.5589
-72.6105,-51.5589
-72.5105,-51.5589
-72.4105,-51.5589
-72.3105,-51.5589
-72.2105,-51.5589
-72.1105,-51.5589
-72.0105,-51.5589
-71.9105,-51.5589
-71.8105,-51.5589
-71.7105,-51.5589
-71.6105,-51.5589
-71.5105,-51.5589
-71.4105,-51.5589
-71.3105,-51.5589
-71.2105,-51.5589
-71.1105,-51.5589
-71.0105,-51.5589
-70.9105,-51.5589
-70.8105,-51.5589
-70.7105,-51.5589
-70.6105,-51.5589
-70.5105,-51.5589
-70.4105,-51.5589
-70.3105,-51.5589
-70.2105,-51.5589
-70.1105,-51.5589
-70.0105,-51.5589
-69.9105,-51.5589
-69.8105,-51.5589
-69.7105,-51.5589
-69.6105,-51.5589
-69.5105,-51.5589
-69.4105,-51.5589
-69.3105,-51.5589
-69.2105,-51.5589
-69.1105,-51.5589
-69.0105,-51.5589
-68.9105,-51.5589
-68.8105,-51.5589
-68.7105,-51.5589
-68.6105,-51.5589
-68.5105,-51.5589
-68.4105,-51.5589
-68.3105,-51.5589
-68.2105,-51.5589
-68.1105,-51.5589
-68.0105,-51.5589
-67.9105,-51.5589
-67.8105,-51.5589
-67.7105,-51.5589
-67.6105,-51.5589
-67.5105,-51.5589
-67.4105,-51.5589
-67.3105,-51.5589
-67.2105,-51.5589
-76.8105,-51.6589
-76.7105,-51.6589
-76.6105,-51.6589
-76.5105,-51.6589
-76.4105,-51.6589
-76.3105,-51.6589
-76.2105,-51.6589
-76.1105,-51.6589
-76.0105,-51.6589
-75.9105,-51.6589
-75.8105,-51.6589
-75.7105,-51.6589
-75.6105,-51.6589
-75.5105,-51.6589
-75.4105,-51.6589
-75.3105,-51.6589
-75.2105,-51.6589
-75.1105,-51.6589
-75.0105,-51.6589
-74.9105,-51.6589
-74.8105,-51.6589
-74.7105,-51.6589
-74.6105,-51.6589
-74.5105,-51.6589
-74.4105,-51.6589
-74.3105,-51.6589
-74.2105,-51.6589
-74.1105,-51.6589
-74.0105,-51.6589
-73.9105,-51.6589
-73.8105,-51.6589
-73.7105,-51.6589
-73.6105,-51.6589
-73.5105,-51.6589
-73.4105,-51.6589
-73.3105,-51.6589
-73.2105,-51.6589
-73.1105,-51.6589
-73.0105,-51.6589
-72.9105,-51.6589
-72.8105,-51.6589
-72.7105,-51.6589
-72.6105,-51.6589
-72.5105,-51.6589
-72.4105,-51.6589
-72.3105,-51.6589
-72.2105,-51.6589
-72.1105,-51.6589
-72.0105,-51.6589
-71.9105,-51.6589
-71.8105,-51.6589
-71.7105,-51.6589
-71.6105,-51.6589
-71.5105,-51.6589
-71.4105,-51.6589
-71.3105,-51.6589
-71.2105,-51.6589
-71.1105,-51.6589
-71.0105,-51.6589
-70.9105,-51.6589
-70.8105,-51.6589
-70.7105,-51.6589
-70.6105,-51.6589
-70.5105,-51.6589
-70.4105,-51.6589
-70.3105,-51.6589
-70.2105,-51.6589
-70.1105,-51.6589
-70.0105,-51.6589
-69.9105,-51.6589
-69.8105,-51.6589
-69.7105,-51.6589
-69.6105,-51.6589
-69.5105,-51.6589
-69.4105,-51.6589
-69.3105,-51.6589
-69.2105,-51.6589
-69.1105,-51.6589
-69.0105,-51.6589
-68.9105,-51.6589
-68.8105,-51.6589
-68.7105,-51.6589
-68.6105,-51.6589
-68.5105,-51.6589
-68.4105,-51.6589
-68.3105,-51.6589
-68.2105,-51.6589
-68.1105,-51.6589
-68.0105,-51.6589
-67.9105,-51.6589
-67.8105,-51.6589
-67.7105,-51.6589
-67.6105,-51.6589
-67.5105,-51.6589
-67.4105,-51.6589
-67.3105,-51.6589
-67.2105,-51.6589
-76.7105,-51.7589
-76.6105,-51.7589
-76.5105,-51.7589
-76.4105,-51.7589
-76.3105,-51.7589
-76.2105,-51.7589
-76.1105,-51.7589
-76.0105,-51.7589
-75.9105,-51.7589
-75.8105,-51.7589
-75.7105,-51.7589
-75.6105,-51.7589
-75.5105,-51.7589
-75.4105,-51.7589
-75.3105,-51.7589
-75.2105,-51.7589
-75.1105,-51.7589
-75.0105,-51.7589
-74.9105,-51.7589
-74.8105,-51.7589
-74.7105,-51.7589
-74.6105,-51.7589
-74.5105,-51.7589
-74.4105,-51.7589
-74.3105,-51.7589
-74.2105,-51.7589
-74.1105,-51.7589
-74.0105,-51.7589
-73.9105,-51.7589
-73.8105,-51.7589
-73.7105,-51.7589
-73.6105,-51.7589
-73.5105,-51.7589
-73.4105,-51.7589
-73.3105,-51.7589
-73.2105,-51.7589
-73.1105,-51.7589
-73.0105,-51.7589
-72.9105,-51.7589
-72.8105,-51.7589
-72.7105,-51.7589
-72.6105,-51.7589
-72.5105,-51.7589
-72.4105,-51.7589
-72.3105,-51.7589
-72.2105,-51.7589
-72.1105,-51.7589
-72.0105,-51.7589
-71.9105,-51.7589
-71.8105,-51.7589
-71.7105,-51.7589
-71.6105,-51.7589
-71.5105,-51.7589
-71.4105,-51.7589
-71.3105,-51.7589
-71.2105,-51.7589
-71.1105,-51.7589
-71.0105,-51.7589
-70.9105,-51.7589
-70.8105,-51.7589
-70.7105,-51.7589
-70.6105,-51.7589
-70.5105,-51.7589
-70.4105,-51.7589
-70.3105,-51.7589
-70.2105,-51.7589
-70.1105,-51.7589
-70.0105,-51.7589
-69.9105,-51.7589
-69.8105,-51.7589
-69.7105,-51.7589
-69.6105,-51.7589
-69.5105,-51.7589
-69.4105,-51.7589
-69.3105,-51.7589
-69.2105,-51.7589
-69.1105,-51.7589
-69.0105,-51.7589
-68.9105,-51.7589
-68.8105,-51.7589
-68.7105,-51.7589
-68.6105,-51.7589
-68.5105,-51.7589
-68.4105,-51.7589
-68.3105,-51.7589
-68.2105,-51.7589
-68.1105,-51.7589
-68.0105,-51.7589
-67.9105,-51.7589
-67.8105,-51.7589
-67.7105,-51.7589
-67.6105,-51.7589
-67.5105,-51.7589
-67.4105,-51.7589
-67.3105,-51.7589
-67.2105,-51.7589
-67.1105,-51.7589
-76.7105,-51.8589
-76.6105,-51.8589
-76.5105,-51.8589
-76.4105,-51.8589
-76.3105,-51.8589
-76.2105,-51.8589
-76.1105,-51.8589
-76.0105,-51.8589
-75.9105,-51.8589
-75.8105,-51.8589
-75.7105,-51.8589
-75.6105,-51.8589
-75.5105,-51.8589
-75.4105,-51.8589
-75.3105,-51.8589
-75.2105,-51.8589
-75.1105,-51.8589
-75.0105,-51.8589
-74.9105,-51.8589
-74.8105,-51.8589
-74.7105,-51.8589
-74.6105,-51.8589
-74.5105,-51.8589
-74.4105,-51.8589
-74.3105,-51.8589
-74.2105,-51.8589
-74.1105,-51.8589
-74.0105,-51.8589
-73.9105,-51.8589
-73.8105,-51.8589
-73.7105,-51.8589
-73.6105,-51.8589
-73.5105,-51.8589
-73.4105,-51.8589
-73.3105,-51.8589
-73.2105,-51.8589
-73.1105,-51.8589
-73.0105,-51.8589
-72.9105,-51.8589
-72.8105,-51.8589
-72.7105,-51.8589
-72.6105,-51.8589
-72.5105,-51.8589
-72.4105,-51.8589
-72.3105,-51.8589
-72.2105,-51.8589
-72.1105,-51.8589
-72.0105,-51.8589
-71.9105,-51.8589
-71.8105,-51.8589
-71.7105,-51.8589
-71.6105,-51.8589
-71.5105,-51.8589
-71.4105,-51.8589
-71.3105,-51.8589
-71.2105,-51.8589
-71.1105,-51.8589
-71.0105,-51.8589
-70.9105,-51.8589
-70.8105,-51.8589
-70.7105,-51.8589
-70.6105,-51.8589
-70.5105,-51.8589
-70.4105,-51.8589
-70.3105,-51.8589
-70.2105,-51.8589
-70.1105,-51.8589
-70.0105,-51.8589
-69.9105,-51.8589
-69.8105,-51.8589
-69.7105,-51.8589
-69.6105,-51.8589
-69.5105,-51.8589
-69.4105,-51.8589
-69.3105,-51.8589
-69.2105,-51.8589
-69.1105,-51.8589
-69.0105,-51.8589
-68.9105,-51.8589
-68.8105,-51.8589
-68.7105,-51.8589
-68.6105,-51.8589
-68.5105,-51.8589
-68.4105,-51.8589
-68.3105,-51.8589
-68.2105,-51.8589
-68.1105,-51.8589
-68.0105,-51.8589
-67.9105,-51.8589
-67.8105,-51.8589
-67.7105,-51.8589
-67.6105,-51.8589
-67.5105,-51.8589
-67.4105,-51.8589
-67.3105,-51.8589
-67.2105,-51.8589
-67.1105,-51.8589
-76.7105,-51.9589
-76.6105,-51.9589
-76.5105,-51.9589
-76.4105,-51.9589
-76.3105,-51.9589
-76.2105,-51.9589
-76.1105,-51.9589
-76.0105,-51.9589
-75.9105,-51.9589
-75.8105,-51.9589
-75.7105,-51.9589
-75.6105,-51.9589
-75.5105,-51.9589
-75.4105,-51.9589
-75.3105,-51.9589
-75.2105,-51.9589
-75.1105,-51.9589
-75.0105,-51.9589
-74.9105,-51.9589
-74.8105,-51.9589
-74.7105,-51.9589
-74.6105,-51.9589
-74.5105,-51.9589
-74.4105,-51.9589
-74.3105,-51.9589
-74.2105,-51.9589
-74.1105,-51.9589
-74.0105,-51.9589
-73.9105,-51.9589
-73.8105,-51.9589
-73.7105,-51.9589
-73.6105,-51.9589
-73.5105,-51.9589
-73.4105,-51.9589
-73.3105,-51.9589
-73.2105,-51.9589
-73.1105,-51.9589
-73.0105,-51.9589
-72.9105,-51.9589
-72.8105,-51.9589
-72.7105,-51.9589
-72.6105,-51.9589
-72.5105,-51.9589
-72.4105,-51.9589
-72.3105,-51.9589
-72.2105,-51.9589
-72.1105,-51.9589
-72.0105,-51.9589
-71.9105,-51.9589
-71.8105,-51.9589
-71.7105,-51.9589
-71.6105,-51.9589
-71.5105,-51.9589
-71.4105,-51.9589
-71.3105,-51.9589
-71.2105,-51.9589
-71.1105,-51.9589
-71.0105,-51.9589
-70.9105,-51.9589
-70.8105,-51.9589
-70.7105,-51.9589
-70.6105,-51.9589
-70.5105,-51.9589
-70.4105,-51.9589
-70.3105,-51.9589
-70.2105,-51.9589
-70.1105,-51.9589
-70.0105,-51.9589
-69.9105,-51.9589
-69.8105,-51.9589
-69.7105,-51.9589
-69.6105,-51.9589
-69.5105,-51.9589
-69.4105,-51.9589
-69.3105,-51.9589
-69.2105,-51.9589
-69.1105,-51.9589
-69.0105,-51.9589
-68.9105,-51.9589
-68.8105,-51.9589
-68.7105,-51.9589
-68.6105,-51.9589
-68.5105,-51.9589
-68.4105,-51.9589
-68.3105,-51.9589
-68.2105,-51.9589
-68.1105,-51.9589
-68.0105,-51.9589
-67.9105,-51.9589
-67.8105,-51.9589
-67.7105,-51.9589
-67.6105,-51.9589
-67.5105,-51.9589
-67.4105,-51.9589
-67.3105,-51.9589
-67.2105,-51.9589
-67.1105,-51.9589
-76.7105,-52.0589
-76.6105,-52.0589
-76.5105,-52.0589
-76.4105,-52.0589
-76.3105,-52.0589
-76.2105,-52.0589
-76.1105,-52.0589
-76.0105,-52.0589
-75.9105,-52.0589
-75.8105,-52.0589
-75.7105,-52.0589
-75.6105,-52.0589
-75.5105,-52.0589
-75.4105,-52.0589
-75.3105,-52.0589
-75.2105,-52.0589
-75.1105,-52.0589
-75.0105,-52.0589
-74.9105,-52.0589
-74.8105,-52.0589
-74.7105,-52.0589
-74.6105,-52.0589
-74.5105,-52.0589
-74.4105,-52.0589
-74.3105,-52.0589
-74.2105,-52.0589
-74.1105,-52.0589
-74.0105,-52.0589
-73.9105,-52.0589
-73.8105,-52.0589
-73.7105,-52.0589
-73.6105,-52.0589
-73.5105,-52.0589
-73.4105,-52.0589
-73.3105,-52.0589
-73.2105,-52.0589
-73.1105,-52.0589
-73.0105,-52.0589
-72.9105,-52.0589
-72.8105,-52.0589
-72.7105,-52.0589
-72.6105,-52.0589
-72.5105,-52.0589
-72.4105,-52.0589
-72.3105,-52.0589
-72.2105,-52.0589
-72.1105,-52.0589
-72.0105,-52.0589
-71.9105,-52.0589
-71.8105,-52.0589
-71.7105,-52.0589
-71.6105,-52.0589
-71.5105,-52.0589
-71.4105,-52.0589
-71.3105,-52.0589
-71.2105,-52.0589
-71.1105,-52.0589
-71.0105,-52.0589
-70.9105,-52.0589
-70.8105,-52.0589
-70.7105,-52.0589
-70.6105,-52.0589
-70.5105,-52.0589
-70.4105,-52.0589
-70.3105,-52.0589
-70.2105,-52.0589
-70.1105,-52.0589
-70.0105,-52.0589
-69.9105,-52.0589
-69.8105,-52.0589
-69.7105,-52.0589
-69.6105,-52.0589
-69.5105,-52.0589
-69.4105,-52.0589
-69.3105,-52.0589
-69.2105,-52.0589
-69.1105,-52.0589
-69.0105,-52.0589
-68.9105,-52.0589
-68.8105,-52.0589
-68.7105,-52.0589
-68.6105,-52.0589
-68.5105,-52.0589
-68.4105,-52.0589
-68.3105,-52.0589
-68.2105,-52.0589
-68.1105,-52.0589
-68.0105,-52.0589
-67.9105,-52.0589
-67.8105,-52.0589
-67.7105,-52.0589
-67.6105,-52.0589
-67.5105,-52.0589
-67.4105,-52.0589
-67.3105,-52.0589
-67.2105,-52.0589
-67.1105,-52.0589
-76.6105,-52.1589
-76.5105,-52.1589
-76.4105,-52.1589
-76.3105,-52.1589
-76.2105,-52.1589
-76.1105,-52.1589
-76.0105,-52.1589
-75.9105,-52.1589
-75.8105,-52.1589
-75.7105,-52.1589
-75.6105,-52.1589
-75.5105,-52.1589
-75.4105,-52.1589
-75.3105,-52.1589
-75.2105,-52.1589
-75.1105,-52.1589
-75.0105,-52.1589
-74.9105,-52.1589
-74.8105,-52.1589
-74.7105,-52.1589
-74.6105,-52.1589
-74.5105,-52.1589
-74.4105,-52.1589
-74.3105,-52.1589
-74.2105,-52.1589
-74.1105,-52.1589
-74.0105,-52.1589
-73.9105,-52.1589
-73.8105,-52.1589
-73.7105,-52.1589
-73.6105,-52.1589
-73.5105,-52.1589
-73.4105,-52.1589
-73.3105,-52.1589
-73.2105,-52.1589
-73.1105,-52.1589
-73.0105,-52.1589
-72.9105,-52.1589
-72.8105,-52.1589
-72.7105,-52.1589
-72.6105,-52.1589
-72.5105,-52.1589
-72.4105,-52.1589
-72.3105,-52.1589
-72.2105,-52.1589
-72.1105,-52.1589
-72.0105,-52.1589
-71.9105,-52.1589
-71.8105,-52.1589
-71.7105,-52.1589
-71.6105,-52.1589
-71.5105,-52.1589
-71.4105,-52.1589
-71.3105,-52.1589
-71.2105,-52.1589
-71.1105,-52.1589
-71.0105,-52.1589
-70.9105,-52.1589
-70.8105,-52.1589
-70.7105,-52.1589
-70.6105,-52.1589
-70.5105,-52.1589
-70.4105,-52.1589
-70.3105,-52.1589
-70.2105,-52.1589
-70.1105,-52.1589
-70.0105,-52.1589
-69.9105,-52.1589
-69.8105,-52.1589
-69.7105,-52.1589
-69.6105,-52.1589
-69.5105,-52.1589
-69.4105,-52.1589
-69.3105,-52.1589
-69.2105,-52.1589
-69.1105,-52.1589
-69.0105,-52.1589
-68.9105,-52.1589
-68.8105,-52.1589
-68.7105,-52.1589
-68.6105,-52.1589
-68.5105,-52.1589
-68.4105,-52.1589
-68.3105,-52.1589
-68.2105,-52.1589
-68.1105,-52.1589
-68.0105,-52.1589
-67.9105,-52.1589
-67.8105,-52.1589
-67.7105,-52.1589
-67.6105,-52.1589
-67.5105,-52.1589
-67.4105,-52.1589
-67.3105,-52.1589
-67.2105,-52.1589
-67.1105,-52.1589
-67.0105,-52.1589
-76.6105,-52.2589
-76.5105,-52.2589
-76.4105,-52.2589
-76.3105,-52.2589
-76.2105,-52.2589
-76.1105,-52.2589
-76.0105,-52.2589
-75.9105,-52.2589
-75.8105,-52.2589
-75.7105,-52.2589
-75.6105,-52.2589
-75.5105,-52.2589
-75.4105,-52.2589
-75.3105,-52.2589
-75.2105,-52.2589
-75.1105,-52.2589
-75.0105,-52.2589
-74.9105,-52.2589
-74.8105,-52.2589
-74.7105,-52.2589
-74.6105,-52.2589
-74.5105,-52.2589
-74.4105,-52.2589
-74.3105,-52.2589
-74.2105,-52.2589
-74.1105,-52.2589
-74.0105,-52.2589
-73.9105,-52.2589
-73.8105,-52.2589
-73.7105,-52.2589
-73.6105,-52.2589
-73.5105,-52.2589
-73.4105,-52.2589
-73.3105,-52.2589
-73.2105,-52.2589
-73.1105,-52.2589
-73.0105,-52.2589
-72.9105,-52.2589
-72.8105,-52.2589
-72.7105,-52.2589
-72.6105,-52.2589
-72.5105,-52.2589
-72.4105,-52.2589
-72.3105,-52.2589
-72.2105,-52.2589
-72.1105,-52.2589
-72.0105,-52.2589
-71.9105,-52.2589
-71.8105,-52.2589
-71.7105,-52.2589
-71.6105,-52.2589
-71.5105,-52.2589
-71.4105,-52.2589
-71.3105,-52.2589
-71.2105,-52.2589
-71.1105,-52.2589
-71.0105,-52.2589
-70.9105,-52.2589
-70.8105,-52.2589
-70.7105,-52.2589
-70.6105,-52.2589
-70.5105,-52.2589
-70.4105,-52.2589
-70.3105,-52.2589
-70.2105,-52.2589
-70.1105,-52.2589
-70.0105,-52.2589
-69.9105,-52.2589
-69.8105,-52.2589
-69.7105,-52.2589
-69.6105,-52.2589
-69.5105,-52.2589
-69.4105,-52.2589
-69.3105,-52.2589
-69.2105,-52.2589
-69.1105,-52.2589
-69.0105,-52.2589
-68.9105,-52.2589
-68.8105,-52.2589
-68.7105,-52.2589
-68.6105,-52.2589
-68.5105,-52.2589
-68.4105,-52.2589
-68.3105,-52.2589
-68.2105,-52.2589
-68.1105,-52.2589
-68.0105,-52.2589
-67.9105,-52.2589
-67.8105,-52.2589
-67.7105,-52.2589
-67.6105,-52.2589
-67.5105,-52.2589
-67.4105,-52.2589
-67.3105,-52.2589
-67.2105,-52.2589
-67.1105,-52.2589
-67.0105,-52.2589
-76.5105,-52.3589
-76.4105,-52.3589
-76.3105,-52.3589
-76.2105,-52.3589
-76.1105,-52.3589
-76.0105,-52.3589
-75.9105,-52.3589
-75.8105,-52.3589
-75.7105,-52.3589
-75.6105,-52.3589
-75.5105,-52.3589
-75.4105,-52.3589
-75.3105,-52.3589
-75.2105,-52.3589
-75.1105,-52.3589
-75.0105,-52.3589
-74.9105,-52.3589
-74.8105,-52.3589
-74.7105,-52.3589
-74.6105,-52.3589
-74.5105,-52.3589
-74.4105,-52.3589
-74.3105,-52.3589
-74.2105,-52.3589
-74.1105,-52.3589
-74.0105,-52.3589
-73.9105,-52.3589
-73.8105,-52.3589
-73.7105,-52.3589
-73.6105,-52.3589
-73.5105,-52.3589
-73.4105,-52.3589
-73.3105,-52.3589
-73.2105,-52.3589
-73.1105,-52.3589
-73.0105,-52.3589
-72.9105,-52.3589
-72.8105,-52.3589
-72.7105,-52.3589
-72.6105,-52.3589
-72.5105,-52.3589
-72.4105,-52.3589
-72.3105,-52.3589
-72.2105,-52.3589
-72.1105,-52.3589
-72.0105,-52.3589
-71.9105,-52.3589
-71.8105,-52.3589
-71.7105,-52.3589
-71.6105,-52.3589
-71.5105,-52.3589
-71.4105,-52.3589
-71.3105,-52.3589
-71.2105,-52.3589
-71.1105,-52.3589
-71.0105,-52.3589
-70.9105,-52.3589
-70.8105,-52.3589
-70.7105,-52.3589
-70.6105,-52.3589
-70.5105,-52.3589
-70.4105,-52.3589
-70.3105,-52.3589
-70.2105,-52.3589
-70.1105,-52.3589
-70.0105,-52.3589
-69.9105,-52.3589
-69.8105,-52.3589
-69.7105,-52.3589
-69.6105,-52.3589
-69.5105,-52.3589
-69.4105,-52.3589
-69.3105,-52.3589
-69.2105,-52.3589
-69.1105,-52.3589
-69.0105,-52.3589
-68.9105,-52.3589
-68.8105,-52.3589
-68.7105,-52.3589
-68.6105,-52.3589
-68.5105,-52.3589
-68.4105,-52.3589
-68.3105,-52.3589
-68.2105,-52.3589
-68.1105,-52.3589
-68.0105,-52.3589
-67.9105,-52.3589
-67.8105,-52.3589
-67.7105,-52.3589
-67.6105,-52.3589
-67.5105,-52.3589
-67.4105,-52.3589
-67.3105,-52.3589
-67.2105,-52.3589
-67.1105,-52.3589
-67.0105,-52.3589
-76.5105,-52.4589
-76.4105,-52.4589
-76.3105,-52.4589
-76.2105,-52.4589
-76.1105,-52.4589
-76.0105,-52.4589
-75.9105,-52.4589
-75.8105,-52.4589
-75.7105,-52.4589
-75.6105,-52.4589
-75.5105,-52.4589
-75.4105,-52.4589
-75.3105,-52.4589
-75.2105,-52.4589
-75.1105,-52.4589
-75.0105,-52.4589
-74.9105,-52.4589
-74.8105,-52.4589
-74.7105,-52.4589
-74.6105,-52.4589
-74.5105,-52.4589
-74.4105,-52.4589
-74.3105,-52.4589
-74.2105,-52.4589
-74.1105,-52.4589
-74.0105,-52.4589
-73.9105,-52.4589
-73.8105,-52.4589
-73.7105,-52.4589
-73.6105,-52.4589
-73.5105,-52.4589
-73.4105,-52.4589
-73.3105,-52.4589
-73.2105,-52.4589
-73.1105,-52.4589
-73.0105,-52.4589
-72.9105,-52.4589
-72.8105,-52.4589
-72.7105,-52.4589
-72.6105,-52.4589
-72.5105,-52.4589
-72.4105,-52.4589
-72.3105,-52.4589
-72.2105,-52.4589
-72.1105,-52.4589
-72.0105,-52.4589
-71.9105,-52.4589
-71.8105,-52.4589
-71.7105,-52.4589
-71.6105,-52.4589
-71.5105,-52.4589
-71.4105,-52.4589
-71.3105,-52.4589
-71.2105,-52.4589
-71.1105,-52.4589
-71.0105,-52.4589
-70.9105,-52.4589
-70.8105,-52.4589
-70.7105,-52.4589
-70.6105,-52.4589
-70.5105,-52.4589
-70.4105,-52.4589
-70.3105,-52.4589
-70.2105,-52.4589
-70.1105,-52.4589
-70.0105,-52.4589
-69.9105,-52.4589
-69.8105,-52.4589
-69.7105,-52.4589
-69.6105,-52.4589
-69.5105,-52.4589
-69.4105,-52.4589
-69.3105,-52.4589
-69.2105,-52.4589
-69.1105,-52.4589
-69.0105,-52.4589
-68.9105,-52.4589
-68.8105,-52.4589
-68.7105,-52.4589
-68.6105,-52.4589
-68.5105,-52.4589
-68.4105,-52.4589
-68.3105,-52.4589
-68.2105,-52.4589
-68.1105,-52.4589
-68.0105,-52.4589
-67.9105,-52.4589
-67.8105,-52.4589
-67.7105,-52.4589
-67.6105,-52.4589
-67.5105,-52.4589
-67.4105,-52.4589
-67.3105,-52.4589
-67.2105,-52.4589
-67.1105,-52.4589
-76.4105,-52.5589
-76.3105,-52.5589
-76.2105,-52.5589
-76.1105,-52.5589
-76.0105,-52.5589
-75.9105,-52.5589
-75.8105,-52.5589
-75.7105,-52.5589
-75.6105,-52.5589
-75.5105,-52.5589
-75.4105,-52.5589
-75.3105,-52.5589
-75.2105,-52.5589
-75.1105,-52.5589
-75.0105,-52.5589
-74.9105,-52.5589
-74.8105,-52.5589
-74.7105,-52.5589
-74.6105,-52.5589
-74.5105,-52.5589
-74.4105,-52.5589
-74.3105,-52.5589
-74.2105,-52.5589
-74.1105,-52.5589
-74.0105,-52.5589
-73.9105,-52.5589
-73.8105,-52.5589
-73.7105,-52.5589
-73.6105,-52.5589
-73.5105,-52.5589
-73.4105,-52.5589
-73.3105,-52.5589
-73.2105,-52.5589
-73.1105,-52.5589
-73.0105,-52.5589
-72.9105,-52.5589
-72.8105,-52.5589
-72.7105,-52.5589
-72.6105,-52.5589
-72.5105,-52.5589
-72.4105,-52.5589
-72.3105,-52.5589
-72.2105,-52.5589
-72.1105,-52.5589
-72.0105,-52.5589
-71.9105,-52.5589
-71.8105,-52.5589
-71.7105,-52.5589
-71.6105,-52.5589
-71.5105,-52.5589
-71.4105,-52.5589
-71.3105,-52.5589
-71.2105,-52.5589
-71.1105,-52.5589
-71.0105,-52.5589
-70.9105,-52.5589
-70.8105,-52.5589
-70.7105,-52.5589
-70.6105,-52.5589
-70.5105,-52.5589
-70.4105,-52.5589
-70.3105,-52.5589
-70.2105,-52.5589
-70.1105,-52.5589
-70.0105,-52.5589
-69.9105,-52.5589
-69.8105,-52.5589
-69.7105,-52.5589
-69.6105,-52.5589
-69.5105,-52.5589
-69.4105,-52.5589
-69.3105,-52.5589
-69.2105,-52.5589
-69.1105,-52.5589
-69.0105,-52.5589
-68.9105,-52.5589
-68.8105,-52.5589
-68.7105,-52.5589
-68.6105,-52.5589
-68.5105,-52.5589
-68.4105,-52.5589
-68.3105,-52.5589
-68.2105,-52.5589
-68.1105,-52.5589
-68.0105,-52.5589
-67.9105,-52.5589
-67.8105,-52.5589
-67.7105,-52.5589
-67.6105,-52.5589
-67.5105,-52.5589
-67.4105,-52.5589
-67.3105,-52.5589
-67.2105,-52.5589
-76.3105,-52.6589
-76.2105,-52.6589
-76.1105,-52.6589
-76.0105,-52.6589
-75.9105,-52.6589
-75.8105,-52.6589
-75.7105,-52.6589
-75.6105,-52.6589
-75.5105,-52.6589
-75.4105,-52.6589
-75.3105,-52.6589
-75.2105,-52.6589
-75.1105,-52.6589
-75.0105,-52.6589
-74.9105,-52.6589
-74.8105,-52.6589
-74.7105,-52.6589
-74.6105,-52.6589
-74.5105,-52.6589
-74.4105,-52.6589
-74.3105,-52.6589
-74.2105,-52.6589
-74.1105,-52.6589
-74.0105,-52.6589
-73.9105,-52.6589
-73.8105,-52.6589
-73.7105,-52.6589
-73.6105,-52.6589
-73.5105,-52.6589
-73.4105,-52.6589
-73.3105,-52.6589
-73.2105,-52.6589
-73.1105,-52.6589
-73.0105,-52.6589
-72.9105,-52.6589
-72.8105,-52.6589
-72.7105,-52.6589
-72.6105,-52.6589
-72.5105,-52.6589
-72.4105,-52.6589
-72.3105,-52.6589
-72.2105,-52.6589
-72.1105,-52.6589
-72.0105,-52.6589
-71.9105,-52.6589
-71.8105,-52.6589
-71.7105,-52.6589
-71.6105,-52.6589
-71.5105,-52.6589
-71.4105,-52.6589
-71.3105,-52.6589
-71.2105,-52.6589
-71.1105,-52.6589
-71.0105,-52.6589
-70.9105,-52.6589
-70.8105,-52.6589
-70.7105,-52.6589
-70.6105,-52.6589
-70.5105,-52.6589
-70.4105,-52.6589
-70.3105,-52.6589
-70.2105,-52.6589
-70.1105,-52.6589
-70.0105,-52.6589
-69.9105,-52.6589
-69.8105,-52.6589
-69.7105,-52.6589
-69.6105,-52.6589
-69.5105,-52.6589
-69.4105,-52.6589
-69.3105,-52.6589
-69.2105,-52.6589
-69.1105,-52.6589
-69.0105,-52.6589
-68.9105,-52.6589
-68.8105,-52.6589
-68.7105,-52.6589
-68.6105,-52.6589
-68.5105,-52.6589
-68.4105,-52.6589
-68.3105,-52.6589
-68.2105,-52.6589
-68.1105,-52.6589
-68.0105,-52.6589
-67.9105,-52.6589
-67.8105,-52.6589
-67.7105,-52.6589
-67.6105,-52.6589
-67.5105,-52.6589
-67.4105,-52.6589
-67.3105,-52.6589
-67.2105,-52.6589
-76.3105,-52.7589
-76.2105,-52.7589
-76.1105,-52.7589
-76.0105,-52.7589
-75.9105,-52.7589
-75.8105,-52.7589
-75.7105,-52.7589
-75.6105,-52.7589
-75.5105,-52.7589
-75.4105,-52.7589
-75.3105,-52.7589
-75.2105,-52.7589
-75.1105,-52.7589
-75.0105,-52.7589
-74.9105,-52.7589
-74.8105,-52.7589
-74.7105,-52.7589
-74.6105,-52.7589
-74.5105,-52.7589
-74.4105,-52.7589
-74.3105,-52.7589
-74.2105,-52.7589
-74.1105,-52.7589
-74.0105,-52.7589
-73.9105,-52.7589
-73.8105,-52.7589
-73.7105,-52.7589
-73.6105,-52.7589
-73.5105,-52.7589
-73.4105,-52.7589
-73.3105,-52.7589
-73.2105,-52.7589
-73.1105,-52.7589
-73.0105,-52.7589
-72.9105,-52.7589
-72.8105,-52.7589
-72.7105,-52.7589
-72.6105,-52.7589
-72.5105,-52.7589
-72.4105,-52.7589
-72.3105,-52.7589
-72.2105,-52.7589
-72.1105,-52.7589
-72.0105,-52.7589
-71.9105,-52.7589
-71.8105,-52.7589
-71.7105,-52.7589
-71.6105,-52.7589
-71.5105,-52.7589
-71.4105,-52.7589
-71.3105,-52.7589
-71.2105,-52.7589
-71.1105,-52.7589
-71.0105,-52.7589
-70.9105,-52.7589
-70.8105,-52.7589
-70.7105,-52.7589
-70.6105,-52.7589
-70.5105,-52.7589
-70.4105,-52.7589
-70.3105,-52.7589
-70.2105,-52.7589
-70.1105,-52.7589
-70.0105,-52.7589
-69.9105,-52.7589
-69.8105,-52.7589
-69.7105,-52.7589
-69.6105,-52.7589
-69.5105,-52.7589
-69.4105,-52.7589
-69.3105,-52.7589
-69.2105,-52.7589
-69.1105,-52.7589
-69.0105,-52.7589
-68.9105,-52.7589
-68.8105,-52.7589
-68.7105,-52.7589
-68.6105,-52.7589
-68.5105,-52.7589
-68.4105,-52.7589
-68.3105,-52.7589
-68.2105,-52.7589
-68.1105,-52.7589
-68.0105,-52.7589
-67.9105,-52.7589
-67.8105,-52.7589
-67.7105,-52.7589
-67.6105,-52.7589
-67.5105,-52.7589
-67.4105,-52.7589
-67.3105,-52.7589
-67.2105,-52.7589
-76.2105,-52.8589
-76.1105,-52.8589
-76.0105,-52.8589
-75.9105,-52.8589
-75.8105,-52.8589
-75.7105,-52.8589
-75.6105,-52.8589
-75.5105,-52.8589
-75.4105,-52.8589
-75.3105,-52.8589
-75.2105,-52.8589
-75.1105,-52.8589
-75.0105,-52.8589
-74.9105,-52.8589
-74.8105,-52.8589
-74.7105,-52.8589
-74.6105,-52.8589
-74.5105,-52.8589
-74.4105,-52.8589
-74.3105,-52.8589
-74.2105,-52.8589
-74.1105,-52.8589
-74.0105,-52.8589
-73.9105,-52.8589
-73.8105,-52.8589
-73.7105,-52.8589
-73.6105,-52.8589
-73.5105,-52.8589
-73.4105,-52.8589
-73.3105,-52.8589
-73.2105,-52.8589
-73.1105,-52.8589
-73.0105,-52.8589
-72.9105,-52.8589
-72.8105,-52.8589
-72.7105,-52.8589
-72.6105,-52.8589
-72.5105,-52.8589
-72.4105,-52.8589
-72.3105,-52.8589
-72.2105,-52.8589
-72.1105,-52.8589
-72.0105,-52.8589
-71.9105,-52.8589
-71.8105,-52.8589
-71.7105,-52.8589
-71.6105,-52.8589
-71.5105,-52.8589
-71.4105,-52.8589
-71.3105,-52.8589
-71.2105,-52.8589
-71.1105,-52.8589
-71.0105,-52.8589
-70.9105,-52.8589
-70.8105,-52.8589
-70.7105,-52.8589
-70.6105,-52.8589
-70.5105,-52.8589
-70.4105,-52.8589
-70.3105,-52.8589
-70.2105,-52.8589
-70.1105,-52.8589
-70.0105,-52.8589
-69.9105,-52.8589
-69.8105,-52.8589
-69.7105,-52.8589
-69.6105,-52.8589
-69.5105,-52.8589
-69.4105,-52.8589
-69.3105,-52.8589
-69.2105,-52.8589
-69.1105,-52.8589
-69.0105,-52.8589
-68.9105,-52.8589
-68.8105,-52.8589
-68.7105,-52.8589
-68.6105,-52.8589
-68.5105,-52.8589
-68.4105,-52.8589
-68.3105,-52.8589
-68.2105,-52.8589
-68.1105,-52.8589
-68.0105,-52.8589
-67.9105,-52.8589
-67.8105,-52.8589
-67.7105,-52.8589
-67.6105,-52.8589
-67.5105,-52.8589
-67.4105,-52.8589
-67.3105,-52.8589
-67.2105,-52.8589
-76.1105,-52.9589
-76.0105,-52.9589
-75.9105,-52.9589
-75.8105,-52.9589
-75.7105,-52.9589
-75.6105,-52.9589
-75.5105,-52.9589
-75.4105,-52.9589
-75.3105,-52.9589
-75.2105,-52.9589
-75.1105,-52.9589
-75.0105,-52.9589
-74.9105,-52.9589
-74.8105,-52.9589
-74.7105,-52.9589
-74.6105,-52.9589
-74.5105,-52.9589
-74.4105,-52.9589
-74.3105,-52.9589
-74.2105,-52.9589
-74.1105,-52.9589
-74.0105,-52.9589
-73.9105,-52.9589
-73.8105,-52.9589
-73.7105,-52.9589
-73.6105,-52.9589
-73.5105,-52.9589
-73.4105,-52.9589
-73.3105,-52.9589
-73.2105,-52.9589
-73.1105,-52.9589
-73.0105,-52.9589
-72.9105,-52.9589
-72.8105,-52.9589
-72.7105,-52.9589
-72.6105,-52.9589
-72.5105,-52.9589
-72.4105,-52.9589
-72.3105,-52.9589
-72.2105,-52.9589
-72.1105,-52.9589
-72.0105,-52.9589
-71.9105,-52.9589
-71.8105,-52.9589
-71.7105,-52.9589
-71.6105,-52.9589
-71.5105,-52.9589
-71.4105,-52.9589
-71.3105,-52.9589
-71.2105,-52.9589
-71.1105,-52.9589
-71.0105,-52.9589
-70.9105,-52.9589
-70.8105,-52.9589
-70.7105,-52.9589
-70.6105,-52.9589
-70.5105,-52.9589
-70.4105,-52.9589
-70.3105,-52.9589
-70.2105,-52.9589
-70.1105,-52.9589
-70.0105,-52.9589
-69.9105,-52.9589
-69.8105,-52.9589
-69.7105,-52.9589
-69.6105,-52.9589
-69.5105,-52.9589
-69.4105,-52.9589
-69.3105,-52.9589
-69.2105,-52.9589
-69.1105,-52.9589
-69.0105,-52.9589
-68.9105,-52.9589
-68.8105,-52.9589
-68.7105,-52.9589
-68.6105,-52.9589
-68.5105,-52.9589
-68.4105,-52.9589
-68.3105,-52.9589
-68.2105,-52.9589
-68.1105,-52.9589
-68.0105,-52.9589
-67.9105,-52.9589
-67.8105,-52.9589
-67.7105,-52.9589
-67.6105,-52.9589
-67.5105,-52.9589
-67.4105,-52.9589
-67.3105,-52.9589
-67.2105,-52.9589
-76.1105,-53.0589
-76.0105,-53.0589
-75.9105,-53.0589
-75.8105,-53.0589
-75.7105,-53.0589
-75.6105,-53.0589
-75.5105,-53.0589
-75.4105,-53.0589
-75.3105,-53.0589
-75.2105,-53.0589
-75.1105,-53.0589
-75.0105,-53.0589
-74.9105,-53.0589
-74.8105,-53.0589
-74.7105,-53.0589
-74.6105,-53.0589
-74.5105,-53.0589
-74.4105,-53.0589
-74.3105,-53.0589
-74.2105,-53.0589
-74.1105,-53.0589
-74.0105,-53.0589
-73.9105,-53.0589
-73.8105,-53.0589
-73.7105,-53.0589
-73.6105,-53.0589
-73.5105,-53.0589
-73.4105,-53.0589
-73.3105,-53.0589
-73.2105,-53.0589
-73.1105,-53.0589
-73.0105,-53.0589
-72.9105,-53.0589
-72.8105,-53.0589
-72.7105,-53.0589
-72.6105,-53.0589
-72.5105,-53.0589
-72.4105,-53.0589
-72.3105,-53.0589
-72.2105,-53.0589
-72.1105,-53.0589
-72.0105,-53.0589
-71.9105,-53.0589
-71.8105,-53.0589
-71.7105,-53.0589
-71.6105,-53.0589
-71.5105,-53.0589
-71.4105,-53.0589
-71.3105,-53.0589
-71.2105,-53.0589
-71.1105,-53.0589
-71.0105,-53.0589
-70.9105,-53.0589
-70.8105,-53.0589
-70.7105,-53.0589
-70.6105,-53.0589
-70.5105,-53.0589
-70.4105,-53.0589
-70.3105,-53.0589
-70.2105,-53.0589
-70.1105,-53.0589
-70.0105,-53.0589
-69.9105,-53.0589
-69.8105,-53.0589
-69.7105,-53.0589
-69.6105,-53.0589
-69.5105,-53.0589
-69.4105,-53.0589
-69.3105,-53.0589
-69.2105,-53.0589
-69.1105,-53.0589
-69.0105,-53.0589
-68.9105,-53.0589
-68.8105,-53.0589
-68.7105,-53.0589
-68.6105,-53.0589
-68.5105,-53.0589
-68.4105,-53.0589
-68.3105,-53.0589
-68.2105,-53.0589
-68.1105,-53.0589
-68.0105,-53.0589
-67.9105,-53.0589
-67.8105,-53.0589
-67.7105,-53.0589
-67.6105,-53.0589
-67.5105,-53.0589
-67.4105,-53.0589
-67.3105,-53.0589
-67.2105,-53.0589
-76.0105,-53.1589
-75.9105,-53.1589
-75.8105,-53.1589
-75.7105,-53.1589
-75.6105,-53.1589
-75.5105,-53.1589
-75.4105,-53.1589
-75.3105,-53.1589
-75.2105,-53.1589
-75.1105,-53.1589
-75.0105,-53.1589
-74.9105,-53.1589
-74.8105,-53.1589
-74.7105,-53.1589
-74.6105,-53.1589
-74.5105,-53.1589
-74.4105,-53.1589
-74.3105,-53.1589
-74.2105,-53.1589
-74.1105,-53.1589
-74.0105,-53.1589
-73.9105,-53.1589
-73.8105,-53.1589
-73.7105,-53.1589
-73.6105,-53.1589
-73.5105,-53.1589
-73.4105,-53.1589
-73.3105,-53.1589
-73.2105,-53.1589
-73.1105,-53.1589
-73.0105,-53.1589
-72.9105,-53.1589
-72.8105,-53.1589
-72.7105,-53.1589
-72.6105,-53.1589
-72.5105,-53.1589
-72.4105,-53.1589
-72.3105,-53.1589
-72.2105,-53.1589
-72.1105,-53.1589
-72.0105,-53.1589
-71.9105,-53.1589
-71.8105,-53.1589
-71.7105,-53.1589
-71.6105,-53.1589
-71.5105,-53.1589
-71.4105,-53.1589
-71.3105,-53.1589
-71.2105,-53.1589
-71.1105,-53.1589
-71.0105,-53.1589
-70.9105,-53.1589
-70.8105,-53.1589
-70.7105,-53.1589
-70.6105,-53.1589
-70.5105,-53.1589
-70.4105,-53.1589
-70.3105,-53.1589
-70.2105,-53.1589
-70.1105,-53.1589
-70.0105,-53.1589
-69.9105,-53.1589
-69.8105,-53.1589
-69.7105,-53.1589
-69.6105,-53.1589
-69.5105,-53.1589
-69.4105,-53.1589
-69.3105,-53.1589
-69.2105,-53.1589
-69.1105,-53.1589
-69.0105,-53.1589
-68.9105,-53.1589
-68.8105,-53.1589
-68.7105,-53.1589
-68.6105,-53.1589
-68.5105,-53.1589
-68.4105,-53.1589
-68.3105,-53.1589
-68.2105,-53.1589
-68.1105,-53.1589
-68.0105,-53.1589
-67.9105,-53.1589
-67.8105,-53.1589
-67.7105,-53.1589
-67.6105,-53.1589
-67.5105,-53.1589
-67.4105,-53.1589
-67.3105,-53.1589
-67.2105,-53.1589
-75.9105,-53.2589
-75.8105,-53.2589
-75.7105,-53.2589
-75.6105,-53.2589
-75.5105,-53.2589
-75.4105,-53.2589
-75.3105,-53.2589
-75.2105,-53.2589
-75.1105,-53.2589
-75.0105,-53.2589
-74.9105,-53.2589
-74.8105,-53.2589
-74.7105,-53.2589
-74.6105,-53.2589
-74.5105,-53.2589
-74.4105,-53.2589
-74.3105,-53.2589
-74.2105,-53.2589
-74.1105,-53.2589
-74.0105,-53.2589
-73.9105,-53.2589
-73.8105,-53.2589
-73.7105,-53.2589
-73.6105,-53.2589
-73.5105,-53.2589
-73.4105,-53.2589
-73.3105,-53.2589
-73.2105,-53.2589
-73.1105,-53.2589
-73.0105,-53.2589
-72.9105,-53.2589
-72.8105,-53.2589
-72.7105,-53.2589
-72.6105,-53.2589
-72.5105,-53.2589
-72.4105,-53.2589
-72.3105,-53.2589
-72.2105,-53.2589
-72.1105,-53.2589
-72.0105,-53.2589
-71.9105,-53.2589
-71.8105,-53.2589
-71.7105,-53.2589
-71.6105,-53.2589
-71.5105,-53.2589
-71.4105,-53.2589
-71.3105,-53.2589
-71.2105,-53.2589
-71.1105,-53.2589
-71.0105,-53.2589
-70.9105,-53.2589
-70.8105,-53.2589
-70.7105,-53.2589
-70.6105,-53.2589
-70.5105,-53.2589
-70.4105,-53.2589
-70.3105,-53.2589
-70.2105,-53.2589
-70.1105,-53.2589
-70.0105,-53.2589
-69.9105,-53.2589
-69.8105,-53.2589
-69.7105,-53.2589
-69.6105,-53.2589
-69.5105,-53.2589
-69.4105,-53.2589
-69.3105,-53.2589
-69.2105,-53.2589
-69.1105,-53.2589
-69.0105,-53.2589
-68.9105,-53.2589
-68.8105,-53.2589
-68.7105,-53.2589
-68.6105,-53.2589
-68.5105,-53.2589
-68.4105,-53.2589
-68.3105,-53.2589
-68.2105,-53.2589
-68.1105,-53.2589
-68.0105,-53.2589
-67.9105,-53.2589
-67.8105,-53.2589
-67.7105,-53.2589
-67.6105,-53.2589
-67.5105,-53.2589
-67.4105,-53.2589
-67.3105,-53.2589
-67.2105,-53.2589
-75.8105,-53.3589
-75.7105,-53.3589
-75.6105,-53.3589
-75.5105,-53.3589
-75.4105,-53.3589
-75.3105,-53.3589
-75.2105,-53.3589
-75.1105,-53.3589
-75.0105,-53.3589
-74.9105,-53.3589
-74.8105,-53.3589
-74.7105,-53.3589
-74.6105,-53.3589
-74.5105,-53.3589
-74.4105,-53.3589
-74.3105,-53.3589
-74.2105,-53.3589
-74.1105,-53.3589
-74.0105,-53.3589
-73.9105,-53.3589
-73.8105,-53.3589
-73.7105,-53.3589
-73.6105,-53.3589
-73.5105,-53.3589
-73.4105,-53.3589
-73.3105,-53.3589
-73.2105,-53.3589
-73.1105,-53.3589
-73.0105,-53.3589
-72.9105,-53.3589
-72.8105,-53.3589
-72.7105,-53.3589
-72.6105,-53.3589
-72.5105,-53.3589
-72.4105,-53.3589
-72.3105,-53.3589
-72.2105,-53.3589
-72.1105,-53.3589
-72.0105,-53.3589
-71.9105,-53.3589
-71.8105,-53.3589
-71.7105,-53.3589
-71.6105,-53.3589
-71.5105,-53.3589
-71.4105,-53.3589
-71.3105,-53.3589
-71.2105,-53.3589
-71.1105,-53.3589
-71.0105,-53.3589
-70.9105,-53.3589
-70.8105,-53.3589
-70.7105,-53.3589
-70.6105,-53.3589
-70.5105,-53.3589
-70.4105,-53.3589
-70.3105,-53.3589
-70.2105,-53.3589
-70.1105,-53.3589
-70.0105,-53.3589
-69.9105,-53.3589
-69.8105,-53.3589
-69.7105,-53.3589
-69.6105,-53.3589
-69.5105,-53.3589
-69.4105,-53.3589
-69.3105,-53.3589
-69.2105,-53.3589
-69.1105,-53.3589
-69.0105,-53.3589
-68.9105,-53.3589
-68.8105,-53.3589
-68.7105,-53.3589
-68.6105,-53.3589
-68.5105,-53.3589
-68.4105,-53.3589
-68.3105,-53.3589
-68.2105,-53.3589
-68.1105,-53.3589
-68.0105,-53.3589
-67.9105,-53.3589
-67.8105,-53.3589
-67.7105,-53.3589
-67.6105,-53.3589
-67.5105,-53.3589
-67.4105,-53.3589
-67.3105,-53.3589
-67.2105,-53.3589
-75.8105,-53.4589
-75.7105,-53.4589
-75.6105,-53.4589
-75.5105,-53.4589
-75.4105,-53.4589
-75.3105,-53.4589
-75.2105,-53.4589
-75.1105,-53.4589
-75.0105,-53.4589
-74.9105,-53.4589
-74.8105,-53.4589
-74.7105,-53.4589
-74.6105,-53.4589
-74.5105,-53.4589
-74.4105,-53.4589
-74.3105,-53.4589
-74.2105,-53.4589
-74.1105,-53.4589
-74.0105,-53.4589
-73.9105,-53.4589
-73.8105,-53.4589
-73.7105,-53.4589
-73.6105,-53.4589
-73.5105,-53.4589
-73.4105,-53.4589
-73.3105,-53.4589
-73.2105,-53.4589
-73.1105,-53.4589
-73.0105,-53.4589
-72.9105,-53.4589
-72.8105,-53.4589
-72.7105,-53.4589
-72.6105,-53.4589
-72.5105,-53.4589
-72.4105,-53.4589
-72.3105,-53.4589
-72.2105,-53.4589
-72.1105,-53.4589
-72.0105,-53.4589
-71.9105,-53.4589
-71.8105,-53.4589
-71.7105,-53.4589
-71.6105,-53.4589
-71.5105,-53.4589
-71.4105,-53.4589
-71.3105,-53.4589
-71.2105,-53.4589
-71.1105,-53.4589
-71.0105,-53.4589
-70.9105,-53.4589
-70.8105,-53.4589
-70.7105,-53.4589
-70.6105,-53.4589
-70.5105,-53.4589
-70.4105,-53.4589
-70.3105,-53.4589
-70.2105,-53.4589
-70.1105,-53.4589
-70.0105,-53.4589
-69.9105,-53.4589
-69.8105,-53.4589
-69.7105,-53.4589
-69.6105,-53.4589
-69.5105,-53.4589
-69.4105,-53.4589
-69.3105,-53.4589
-69.2105,-53.4589
-69.1105,-53.4589
-69.0105,-53.4589
-68.9105,-53.4589
-68.8105,-53.4589
-68.7105,-53.4589
-68.6105,-53.4589
-68.5105,-53.4589
-68.4105,-53.4589
-68.3105,-53.4589
-68.2105,-53.4589
-68.1105,-53.4589
-68.0105,-53.4589
-67.9105,-53.4589
-67.8105,-53.4589
-67.7105,-53.4589
-67.6105,-53.4589
-67.5105,-53.4589
-67.4105,-53.4589
-67.3105,-53.4589
-67.2105,-53.4589
-67.1105,-53.4589
-75.7105,-53.5589
-75.6105,-53.5589
-75.5105,-53.5589
-75.4105,-53.5589
-75.3105,-53.5589
-75.2105,-53.5589
-75.1105,-53.5589
-75.0105,-53.5589
-74.9105,-53.5589
-74.8105,-53.5589
-74.7105,-53.5589
-74.6105,-53.5589
-74.5105,-53.5589
-74.4105,-53.5589
-74.3105,-53.5589
-74.2105,-53.5589
-74.1105,-53.5589
-74.0105,-53.5589
-73.9105,-53.5589
-73.8105,-53.5589
-73.7105,-53.5589
-73.6105,-53.5589
-73.5105,-53.5589
-73.4105,-53.5589
-73.3105,-53.5589
-73.2105,-53.5589
-73.1105,-53.5589
-73.0105,-53.5589
-72.9105,-53.5589
-72.8105,-53.5589
-72.7105,-53.5589
-72.6105,-53.5589
-72.5105,-53.5589
-72.4105,-53.5589
-72.3105,-53.5589
-72.2105,-53.5589
-72.1105,-53.5589
-72.0105,-53.5589
-71.9105,-53.5589
-71.8105,-53.5589
-71.7105,-53.5589
-71.6105,-53.5589
-71.5105,-53.5589
-71.4105,-53.5589
-71.3105,-53.5589
-71.2105,-53.5589
-71.1105,-53.5589
-71.0105,-53.5589
-70.9105,-53.5589
-70.8105,-53.5589
-70.7105,-53.5589
-70.6105,-53.5589
-70.5105,-53.5589
-70.4105,-53.5589
-70.3105,-53.5589
-70.2105,-53.5589
-70.1105,-53.5589
-70.0105,-53.5589
-69.9105,-53.5589
-69.8105,-53.5589
-69.7105,-53.5589
-69.6105,-53.5589
-69.5105,-53.5589
-69.4105,-53.5589
-69.3105,-53.5589
-69.2105,-53.5589
-69.1105,-53.5589
-69.0105,-53.5589
-68.9105,-53.5589
-68.8105,-53.5589
-68.7105,-53.5589
-68.6105,-53.5589
-68.5105,-53.5589
-68.4105,-53.5589
-68.3105,-53.5589
-68.2105,-53.5589
-68.1105,-53.5589
-68.0105,-53.5589
-67.9105,-53.5589
-67.8105,-53.5589
-67.7105,-53.5589
-67.6105,-53.5589
-67.5105,-53.5589
-67.4105,-53.5589
-67.3105,-53.5589
-67.2105,-53.5589
-67.1105,-53.5589
-67.0105,-53.5589
-66.9105,-53.5589
-66.8105,-53.5589
-66.7105,-53.5589
-66.6105,-53.5589
-75.7105,-53.6589
-75.6105,-53.6589
-75.5105,-53.6589
-75.4105,-53.6589
-75.3105,-53.6589
-75.2105,-53.6589
-75.1105,-53.6589
-75.0105,-53.6589
-74.9105,-53.6589
-74.8105,-53.6589
-74.7105,-53.6589
-74.6105,-53.6589
-74.5105,-53.6589
-74.4105,-53.6589
-74.3105,-53.6589
-74.2105,-53.6589
-74.1105,-53.6589
-74.0105,-53.6589
-73.9105,-53.6589
-73.8105,-53.6589
-73.7105,-53.6589
-73.6105,-53.6589
-73.5105,-53.6589
-73.4105,-53.6589
-73.3105,-53.6589
-73.2105,-53.6589
-73.1105,-53.6589
-73.0105,-53.6589
-72.9105,-53.6589
-72.8105,-53.6589
-72.7105,-53.6589
-72.6105,-53.6589
-72.5105,-53.6589
-72.4105,-53.6589
-72.3105,-53.6589
-72.2105,-53.6589
-72.1105,-53.6589
-72.0105,-53.6589
-71.9105,-53.6589
-71.8105,-53.6589
-71.7105,-53.6589
-71.6105,-53.6589
-71.5105,-53.6589
-71.4105,-53.6589
-71.3105,-53.6589
-71.2105,-53.6589
-71.1105,-53.6589
-71.0105,-53.6589
-70.9105,-53.6589
-70.8105,-53.6589
-70.7105,-53.6589
-70.6105,-53.6589
-70.5105,-53.6589
-70.4105,-53.6589
-70.3105,-53.6589
-70.2105,-53.6589
-70.1105,-53.6589
-70.0105,-53.6589
-69.9105,-53.6589
-69.8105,-53.6589
-69.7105,-53.6589
-69.6105,-53.6589
-69.5105,-53.6589
-69.4105,-53.6589
-69.3105,-53.6589
-69.2105,-53.6589
-69.1105,-53.6589
-69.0105,-53.6589
-68.9105,-53.6589
-68.8105,-53.6589
-68.7105,-53.6589
-68.6105,-53.6589
-68.5105,-53.6589
-68.4105,-53.6589
-68.3105,-53.6589
-68.2105,-53.6589
-68.1105,-53.6589
-68.0105,-53.6589
-67.9105,-53.6589
-67.8105,-53.6589
-67.7105,-53.6589
-67.6105,-53.6589
-67.5105,-53.6589
-67.4105,-53.6589
-67.3105,-53.6589
-67.2105,-53.6589
-67.1105,-53.6589
-67.0105,-53.6589
-66.9105,-53.6589
-66.8105,-53.6589
-66.7105,-53.6589
-66.6105,-53.6589
-66.5105,-53.6589
-66.4105,-53.6589
-66.3105,-53.6589
-75.7105,-53.7589
-75.6105,-53.7589
-75.5105,-53.7589
-75.4105,-53.7589
-75.3105,-53.7589
-75.2105,-53.7589
-75.1105,-53.7589
-75.0105,-53.7589
-74.9105,-53.7589
-74.8105,-53.7589
-74.7105,-53.7589
-74.6105,-53.7589
-74.5105,-53.7589
-74.4105,-53.7589
-74.3105,-53.7589
-74.2105,-53.7589
-74.1105,-53.7589
-74.0105,-53.7589
-73.9105,-53.7589
-73.8105,-53.7589
-73.7105,-53.7589
-73.6105,-53.7589
-73.5105,-53.7589
-73.4105,-53.7589
-73.3105,-53.7589
-73.2105,-53.7589
-73.1105,-53.7589
-73.0105,-53.7589
-72.9105,-53.7589
-72.8105,-53.7589
-72.7105,-53.7589
-72.6105,-53.7589
-72.5105,-53.7589
-72.4105,-53.7589
-72.3105,-53.7589
-72.2105,-53.7589
-72.1105,-53.7589
-72.0105,-53.7589
-71.9105,-53.7589
-71.8105,-53.7589
-71.7105,-53.7589
-71.6105,-53.7589
-71.5105,-53.7589
-71.4105,-53.7589
-71.3105,-53.7589
-71.2105,-53.7589
-71.1105,-53.7589
-71.0105,-53.7589
-70.9105,-53.7589
-70.8105,-53.7589
-70.7105,-53.7589
-70.6105,-53.7589
-70.5105,-53.7589
-70.4105,-53.7589
-70.3105,-53.7589
-70.2105,-53.7589
-70.1105,-53.7589
-70.0105,-53.7589
-69.9105,-53.7589
-69.8105,-53.7589
-69.7105,-53.7589
-69.6105,-53.7589
-69.5105,-53.7589
-69.4105,-53.7589
-69.3105,-53.7589
-69.2105,-53.7589
-69.1105,-53.7589
-69.0105,-53.7589
-68.9105,-53.7589
-68.8105,-53.7589
-68.7105,-53.7589
-68.6105,-53.7589
-68.5105,-53.7589
-68.4105,-53.7589
-68.3105,-53.7589
-68.2105,-53.7589
-68.1105,-53.7589
-68.0105,-53.7589
-67.9105,-53.7589
-67.8105,-53.7589
-67.7105,-53.7589
-67.6105,-53.7589
-67.5105,-53.7589
-67.4105,-53.7589
-67.3105,-53.7589
-67.2105,-53.7589
-67.1105,-53.7589
-67.0105,-53.7589
-66.9105,-53.7589
-66.8105,-53.7589
-66.7105,-53.7589
-66.6105,-53.7589
-66.5105,-53.7589
-66.4105,-53.7589
-66.3105,-53.7589
-66.2105,-53.7589
-66.1105,-53.7589
-75.7105,-53.8589
-75.6105,-53.8589
-75.5105,-53.8589
-75.4105,-53.8589
-75.3105,-53.8589
-75.2105,-53.8589
-75.1105,-53.8589
-75.0105,-53.8589
-74.9105,-53.8589
-74.8105,-53.8589
-74.7105,-53.8589
-74.6105,-53.8589
-74.5105,-53.8589
-74.4105,-53.8589
-74.3105,-53.8589
-74.2105,-53.8589
-74.1105,-53.8589
-74.0105,-53.8589
-73.9105,-53.8589
-73.8105,-53.8589
-73.7105,-53.8589
-73.6105,-53.8589
-73.5105,-53.8589
-73.4105,-53.8589
-73.3105,-53.8589
-73.2105,-53.8589
-73.1105,-53.8589
-73.0105,-53.8589
-72.9105,-53.8589
-72.8105,-53.8589
-72.7105,-53.8589
-72.6105,-53.8589
-72.5105,-53.8589
-72.4105,-53.8589
-72.3105,-53.8589
-72.2105,-53.8589
-72.1105,-53.8589
-72.0105,-53.8589
-71.9105,-53.8589
-71.8105,-53.8589
-71.7105,-53.8589
-71.6105,-53.8589
-71.5105,-53.8589
-71.4105,-53.8589
-71.3105,-53.8589
-71.2105,-53.8589
-71.1105,-53.8589
-71.0105,-53.8589
-70.9105,-53.8589
-70.8105,-53.8589
-70.7105,-53.8589
-70.6105,-53.8589
-70.5105,-53.8589
-70.4105,-53.8589
-70.3105,-53.8589
-70.2105,-53.8589
-70.1105,-53.8589
-70.0105,-53.8589
-69.9105,-53.8589
-69.8105,-53.8589
-69.7105,-53.8589
-69.6105,-53.8589
-69.5105,-53.8589
-69.4105,-53.8589
-69.3105,-53.8589
-69.2105,-53.8589
-69.1105,-53.8589
-69.0105,-53.8589
-68.9105,-53.8589
-68.8105,-53.8589
-68.7105,-53.8589
-68.6105,-53.8589
-68.5105,-53.8589
-68.4105,-53.8589
-68.3105,-53.8589
-68.2105,-53.8589
-68.1105,-53.8589
-68.0105,-53.8589
-67.9105,-53.8589
-67.8105,-53.8589
-67.7105,-53.8589
-67.6105,-53.8589
-67.5105,-53.8589
-67.4105,-53.8589
-67.3105,-53.8589
-67.2105,-53.8589
-67.1105,-53.8589
-67.0105,-53.8589
-66.9105,-53.8589
-66.8105,-53.8589
-66.7105,-53.8589
-66.6105,-53.8589
-66.5105,-53.8589
-66.4105,-53.8589
-66.3105,-53.8589
-66.2105,-53.8589
-66.1105,-53.8589
-66.0105,-53.8589
-65.9105,-53.8589
-65.8105,-53.8589
-75.6105,-53.9589
-75.5105,-53.9589
-75.4105,-53.9589
-75.3105,-53.9589
-75.2105,-53.9589
-75.1105,-53.9589
-75.0105,-53.9589
-74.9105,-53.9589
-74.8105,-53.9589
-74.7105,-53.9589
-74.6105,-53.9589
-74.5105,-53.9589
-74.4105,-53.9589
-74.3105,-53.9589
-74.2105,-53.9589
-74.1105,-53.9589
-74.0105,-53.9589
-73.9105,-53.9589
-73.8105,-53.9589
-73.7105,-53.9589
-73.6105,-53.9589
-73.5105,-53.9589
-73.4105,-53.9589
-73.3105,-53.9589
-73.2105,-53.9589
-73.1105,-53.9589
-73.0105,-53.9589
-72.9105,-53.9589
-72.8105,-53.9589
-72.7105,-53.9589
-72.6105,-53.9589
-72.5105,-53.9589
-72.4105,-53.9589
-72.3105,-53.9589
-72.2105,-53.9589
-72.1105,-53.9589
-72.0105,-53.9589
-71.9105,-53.9589
-71.8105,-53.9589
-71.7105,-53.9589
-71.6105,-53.9589
-71.5105,-53.9589
-71.4105,-53.9589
-71.3105,-53.9589
-71.2105,-53.9589
-71.1105,-53.9589
-71.0105,-53.9589
-70.9105,-53.9589
-70.8105,-53.9589
-70.7105,-53.9589
-70.6105,-53.9589
-70.5105,-53.9589
-70.4105,-53.9589
-70.3105,-53.9589
-70.2105,-53.9589
-70.1105,-53.9589
-70.0105,-53.9589
-69.9105,-53.9589
-69.8105,-53.9589
-69.7105,-53.9589
-69.6105,-53.9589
-69.5105,-53.9589
-69.4105,-53.9589
-69.3105,-53.9589
-69.2105,-53.9589
-69.1105,-53.9589
-69.0105,-53.9589
-68.9105,-53.9589
-68.8105,-53.9589
-68.7105,-53.9589
-68.6105,-53.9589
-68.5105,-53.9589
-68.4105,-53.9589
-68.3105,-53.9589
-68.2105,-53.9589
-68.1105,-53.9589
-68.0105,-53.9589
-67.9105,-53.9589
-67.8105,-53.9589
-67.7105,-53.9589
-67.6105,-53.9589
-67.5105,-53.9589
-67.4105,-53.9589
-67.3105,-53.9589
-67.2105,-53.9589
-67.1105,-53.9589
-67.0105,-53.9589
-66.9105,-53.9589
-66.8105,-53.9589
-66.7105,-53.9589
-66.6105,-53.9589
-66.5105,-53.9589
-66.4105,-53.9589
-66.3105,-53.9589
-66.2105,-53.9589
-66.1105,-53.9589
-66.0105,-53.9589
-65.9105,-53.9589
-65.8105,-53.9589
-65.7105,-53.9589
-75.4105,-54.0589
-75.3105,-54.0589
-75.2105,-54.0589
-75.1105,-54.0589
-75.0105,-54.0589
-74.9105,-54.0589
-74.8105,-54.0589
-74.7105,-54.0589
-74.6105,-54.0589
-74.5105,-54.0589
-74.4105,-54.0589
-74.3105,-54.0589
-74.2105,-54.0589
-74.1105,-54.0589
-74.0105,-54.0589
-73.9105,-54.0589
-73.8105,-54.0589
-73.7105,-54.0589
-73.6105,-54.0589
-73.5105,-54.0589
-73.4105,-54.0589
-73.3105,-54.0589
-73.2105,-54.0589
-73.1105,-54.0589
-73.0105,-54.0589
-72.9105,-54.0589
-72.8105,-54.0589
-72.7105,-54.0589
-72.6105,-54.0589
-72.5105,-54.0589
-72.4105,-54.0589
-72.3105,-54.0589
-72.2105,-54.0589
-72.1105,-54.0589
-72.0105,-54.0589
-71.9105,-54.0589
-71.8105,-54.0589
-71.7105,-54.0589
-71.6105,-54.0589
-71.5105,-54.0589
-71.4105,-54.0589
-71.3105,-54.0589
-71.2105,-54.0589
-71.1105,-54.0589
-71.0105,-54.0589
-70.9105,-54.0589
-70.8105,-54.0589
-70.7105,-54.0589
-70.6105,-54.0589
-70.5105,-54.0589
-70.4105,-54.0589
-70.3105,-54.0589
-70.2105,-54.0589
-70.1105,-54.0589
-70.0105,-54.0589
-69.9105,-54.0589
-69.8105,-54.0589
-69.7105,-54.0589
-69.6105,-54.0589
-69.5105,-54.0589
-69.4105,-54.0589
-69.3105,-54.0589
-69.2105,-54.0589
-69.1105,-54.0589
-69.0105,-54.0589
-68.9105,-54.0589
-68.8105,-54.0589
-68.7105,-54.0589
-68.6105,-54.0589
-68.5105,-54.0589
-68.4105,-54.0589
-68.3105,-54.0589
-68.2105,-54.0589
-68.1105,-54.0589
-68.0105,-54.0589
-67.9105,-54.0589
-67.8105,-54.0589
-67.7105,-54.0589
-67.6105,-54.0589
-67.5105,-54.0589
-67.4105,-54.0589
-67.3105,-54.0589
-67.2105,-54.0589
-67.1105,-54.0589
-67.0105,-54.0589
-66.9105,-54.0589
-66.8105,-54.0589
-66.7105,-54.0589
-66.6105,-54.0589
-66.5105,-54.0589
-66.4105,-54.0589
-66.3105,-54.0589
-66.2105,-54.0589
-66.1105,-54.0589
-66.0105,-54.0589
-65.9105,-54.0589
-65.8105,-54.0589
-65.7105,-54.0589
-65.6105,-54.0589
-75.4105,-54.1589
-75.3105,-54.1589
-75.2105,-54.1589
-75.1105,-54.1589
-75.0105,-54.1589
-74.9105,-54.1589
-74.8105,-54.1589
-74.7105,-54.1589
-74.6105,-54.1589
-74.5105,-54.1589
-74.4105,-54.1589
-74.3105,-54.1589
-74.2105,-54.1589
-74.1105,-54.1589
-74.0105,-54.1589
-73.9105,-54.1589
-73.8105,-54.1589
-73.7105,-54.1589
-73.6105,-54.1589
-73.5105,-54.1589
-73.4105,-54.1589
-73.3105,-54.1589
-73.2105,-54.1589
-73.1105,-54.1589
-73.0105,-54.1589
-72.9105,-54.1589
-72.8105,-54.1589
-72.7105,-54.1589
-72.6105,-54.1589
-72.5105,-54.1589
-72.4105,-54.1589
-72.3105,-54.1589
-72.2105,-54.1589
-72.1105,-54.1589
-72.0105,-54.1589
-71.9105,-54.1589
-71.8105,-54.1589
-71.7105,-54.1589
-71.6105,-54.1589
-71.5105,-54.1589
-71.4105,-54.1589
-71.3105,-54.1589
-71.2105,-54.1589
-71.1105,-54.1589
-71.0105,-54.1589
-70.9105,-54.1589
-70.8105,-54.1589
-70.7105,-54.1589
-70.6105,-54.1589
-70.5105,-54.1589
-70.4105,-54.1589
-70.3105,-54.1589
-70.2105,-54.1589
-70.1105,-54.1589
-70.0105,-54.1589
-69.9105,-54.1589
-69.8105,-54.1589
-69.7105,-54.1589
-69.6105,-54.1589
-69.5105,-54.1589
-69.4105,-54.1589
-69.3105,-54.1589
-69.2105,-54.1589
-69.1105,-54.1589
-69.0105,-54.1589
-68.9105,-54.1589
-68.8105,-54.1589
-68.7105,-54.1589
-68.6105,-54.1589
-68.5105,-54.1589
-68.4105,-54.1589
-68.3105,-54.1589
-68.2105,-54.1589
-68.1105,-54.1589
-68.0105,-54.1589
-67.9105,-54.1589
-67.8105,-54.1589
-67.7105,-54.1589
-67.6105,-54.1589
-67.5105,-54.1589
-67.4105,-54.1589
-67.3105,-54.1589
-67.2105,-54.1589
-67.1105,-54.1589
-67.0105,-54.1589
-66.9105,-54.1589
-66.8105,-54.1589
-66.7105,-54.1589
-66.6105,-54.1589
-66.5105,-54.1589
-66.4105,-54.1589
-66.3105,-54.1589
-66.2105,-54.1589
-66.1105,-54.1589
-66.0105,-54.1589
-65.9105,-54.1589
-65.8105,-54.1589
-65.7105,-54.1589
-65.6105,-54.1589
-65.5105,-54.1589
-75.3105,-54.2589
-75.2105,-54.2589
-75.1105,-54.2589
-75.0105,-54.2589
-74.9105,-54.2589
-74.8105,-54.2589
-74.7105,-54.2589
-74.6105,-54.2589
-74.5105,-54.2589
-74.4105,-54.2589
-74.3105,-54.2589
-74.2105,-54.2589
-74.1105,-54.2589
-74.0105,-54.2589
-73.9105,-54.2589
-73.8105,-54.2589
-73.7105,-54.2589
-73.6105,-54.2589
-73.5105,-54.2589
-73.4105,-54.2589
-73.3105,-54.2589
-73.2105,-54.2589
-73.1105,-54.2589
-73.0105,-54.2589
-72.9105,-54.2589
-72.8105,-54.2589
-72.7105,-54.2589
-72.6105,-54.2589
-72.5105,-54.2589
-72.4105,-54.2589
-72.3105,-54.2589
-72.2105,-54.2589
-72.1105,-54.2589
-72.0105,-54.2589
-71.9105,-54.2589
-71.8105,-54.2589
-71.7105,-54.2589
-71.6105,-54.2589
-71.5105,-54.2589
-71.4105,-54.2589
-71.3105,-54.2589
-71.2105,-54.2589
-71.1105,-54.2589
-71.0105,-54.2589
-70.9105,-54.2589
-70.8105,-54.2589
-70.7105,-54.2589
-70.6105,-54.2589
-70.5105,-54.2589
-70.4105,-54.2589
-70.3105,-54.2589
-70.2105,-54.2589
-70.1105,-54.2589
-70.0105,-54.2589
-69.9105,-54.2589
-69.8105,-54.2589
-69.7105,-54.2589
-69.6105,-54.2589
-69.5105,-54.2589
-69.4105,-54.2589
-69.3105,-54.2589
-69.2105,-54.2589
-69.1105,-54.2589
-69.0105,-54.2589
-68.9105,-54.2589
-68.8105,-54.2589
-68.7105,-54.2589
-68.6105,-54.2589
-68.5105,-54.2589
-68.4105,-54.2589
-68.3105,-54.2589
-68.2105,-54.2589
-68.1105,-54.2589
-68.0105,-54.2589
-67.9105,-54.2589
-67.8105,-54.2589
-67.7105,-54.2589
-67.6105,-54.2589
-67.5105,-54.2589
-67.4105,-54.2589
-67.3105,-54.2589
-67.2105,-54.2589
-67.1105,-54.2589
-67.0105,-54.2589
-66.9105,-54.2589
-66.8105,-54.2589
-66.7105,-54.2589
-66.6105,-54.2589
-66.5105,-54.2589
-66.4105,-54.2589
-66.3105,-54.2589
-66.2105,-54.2589
-66.1105,-54.2589
-66.0105,-54.2589
-65.9105,-54.2589
-65.8105,-54.2589
-65.7105,-54.2589
-65.6105,-54.2589
-65.5105,-54.2589
-65.4105,-54.2589
-75.2105,-54.3589
-75.1105,-54.3589
-75.0105,-54.3589
-74.9105,-54.3589
-74.8105,-54.3589
-74.7105,-54.3589
-74.6105,-54.3589
-74.5105,-54.3589
-74.4105,-54.3589
-74.3105,-54.3589
-74.2105,-54.3589
-74.1105,-54.3589
-74.0105,-54.3589
-73.9105,-54.3589
-73.8105,-54.3589
-73.7105,-54.3589
-73.6105,-54.3589
-73.5105,-54.3589
-73.4105,-54.3589
-73.3105,-54.3589
-73.2105,-54.3589
-73.1105,-54.3589
-73.0105,-54.3589
-72.9105,-54.3589
-72.8105,-54.3589
-72.7105,-54.3589
-72.6105,-54.3589
-72.5105,-54.3589
-72.4105,-54.3589
-72.3105,-54.3589
-72.2105,-54.3589
-72.1105,-54.3589
-72.0105,-54.3589
-71.9105,-54.3589
-71.8105,-54.3589
-71.7105,-54.3589
-71.6105,-54.3589
-71.5105,-54.3589
-71.4105,-54.3589
-71.3105,-54.3589
-71.2105,-54.3589
-71.1105,-54.3589
-71.0105,-54.3589
-70.9105,-54.3589
-70.8105,-54.3589
-70.7105,-54.3589
-70.6105,-54.3589
-70.5105,-54.3589
-70.4105,-54.3589
-70.3105,-54.3589
-70.2105,-54.3589
-70.1105,-54.3589
-70.0105,-54.3589
-69.9105,-54.3589
-69.8105,-54.3589
-69.7105,-54.3589
-69.6105,-54.3589
-69.5105,-54.3589
-69.4105,-54.3589
-69.3105,-54.3589
-69.2105,-54.3589
-69.1105,-54.3589
-69.0105,-54.3589
-68.9105,-54.3589
-68.8105,-54.3589
-68.7105,-54.3589
-68.6105,-54.3589
-68.5105,-54.3589
-68.4105,-54.3589
-68.3105,-54.3589
-68.2105,-54.3589
-68.1105,-54.3589
-68.0105,-54.3589
-67.9105,-54.3589
-67.8105,-54.3589
-67.7105,-54.3589
-67.6105,-54.3589
-67.5105,-54.3589
-67.4105,-54.3589
-67.3105,-54.3589
-67.2105,-54.3589
-67.1105,-54.3589
-67.0105,-54.3589
-66.9105,-54.3589
-66.8105,-54.3589
-66.7105,-54.3589
-66.6105,-54.3589
-66.5105,-54.3589
-66.4105,-54.3589
-66.3105,-54.3589
-66.2105,-54.3589
-66.1105,-54.3589
-66.0105,-54.3589
-65.9105,-54.3589
-65.8105,-54.3589
-65.7105,-54.3589
-65.6105,-54.3589
-65.5105,-54.3589
-65.4105,-54.3589
-65.3105,-54.3589
-75.1105,-54.4589
-75.0105,-54.4589
-74.9105,-54.4589
-74.8105,-54.4589
-74.7105,-54.4589
-74.6105,-54.4589
-74.5105,-54.4589
-74.4105,-54.4589
-74.3105,-54.4589
-74.2105,-54.4589
-74.1105,-54.4589
-74.0105,-54.4589
-73.9105,-54.4589
-73.8105,-54.4589
-73.7105,-54.4589
-73.6105,-54.4589
-73.5105,-54.4589
-73.4105,-54.4589
-73.3105,-54.4589
-73.2105,-54.4589
-73.1105,-54.4589
-73.0105,-54.4589
-72.9105,-54.4589
-72.8105,-54.4589
-72.7105,-54.4589
-72.6105,-54.4589
-72.5105,-54.4589
-72.4105,-54.4589
-72.3105,-54.4589
-72.2105,-54.4589
-72.1105,-54.4589
-72.0105,-54.4589
-71.9105,-54.4589
-71.8105,-54.4589
-71.7105,-54.4589
-71.6105,-54.4589
-71.5105,-54.4589
-71.4105,-54.4589
-71.3105,-54.4589
-71.2105,-54.4589
-71.1105,-54.4589
-71.0105,-54.4589
-70.9105,-54.4589
-70.8105,-54.4589
-70.7105,-54.4589
-70.6105,-54.4589
-70.5105,-54.4589
-70.4105,-54.4589
-70.3105,-54.4589
-70.2105,-54.4589
-70.1105,-54.4589
-70.0105,-54.4589
-69.9105,-54.4589
-69.8105,-54.4589
-69.7105,-54.4589
-69.6105,-54.4589
-69.5105,-54.4589
-69.4105,-54.4589
-69.3105,-54.4589
-69.2105,-54.4589
-69.1105,-54.4589
-69.0105,-54.4589
-68.9105,-54.4589
-68.8105,-54.4589
-68.7105,-54.4589
-68.6105,-54.4589
-68.5105,-54.4589
-68.4105,-54.4589
-68.3105,-54.4589
-68.2105,-54.4589
-68.1105,-54.4589
-68.0105,-54.4589
-67.9105,-54.4589
-67.8105,-54.4589
-67.7105,-54.4589
-67.6105,-54.4589
-67.5105,-54.4589
-67.4105,-54.4589
-67.3105,-54.4589
-67.2105,-54.4589
-67.1105,-54.4589
-67.0105,-54.4589
-66.9105,-54.4589
-66.8105,-54.4589
-66.7105,-54.4589
-66.6105,-54.4589
-66.5105,-54.4589
-66.4105,-54.4589
-66.3105,-54.4589
-66.2105,-54.4589
-66.1105,-54.4589
-66.0105,-54.4589
-65.9105,-54.4589
-65.8105,-54.4589
-65.7105,-54.4589
-65.6105,-54.4589
-65.5105,-54.4589
-65.4105,-54.4589
-65.3105,-54.4589
-65.2105,-54.4589
-75.0105,-54.5589
-74.9105,-54.5589
-74.8105,-54.5589
-74.7105,-54.5589
-74.6105,-54.5589
-74.5105,-54.5589
-74.4105,-54.5589
-74.3105,-54.5589
-74.2105,-54.5589
-74.1105,-54.5589
-74.0105,-54.5589
-73.9105,-54.5589
-73.8105,-54.5589
-73.7105,-54.5589
-73.6105,-54.5589
-73.5105,-54.5589
-73.4105,-54.5589
-73.3105,-54.5589
-73.2105,-54.5589
-73.1105,-54.5589
-73.0105,-54.5589
-72.9105,-54.5589
-72.8105,-54.5589
-72.7105,-54.5589
-72.6105,-54.5589
-72.5105,-54.5589
-72.4105,-54.5589
-72.3105,-54.5589
-72.2105,-54.5589
-72.1105,-54.5589
-72.0105,-54.5589
-71.9105,-54.5589
-71.8105,-54.5589
-71.7105,-54.5589
-71.6105,-54.5589
-71.5105,-54.5589
-71.4105,-54.5589
-71.3105,-54.5589
-71.2105,-54.5589
-71.1105,-54.5589
-71.0105,-54.5589
-70.9105,-54.5589
-70.8105,-54.5589
-70.7105,-54.5589
-70.6105,-54.5589
-70.5105,-54.5589
-70.4105,-54.5589
-70.3105,-54.5589
-70.2105,-54.5589
-70.1105,-54.5589
-70.0105,-54.5589
-69.9105,-54.5589
-69.8105,-54.5589
-69.7105,-54.5589
-69.6105,-54.5589
-69.5105,-54.5589
-69.4105,-54.5589
-69.3105,-54.5589
-69.2105,-54.5589
-69.1105,-54.5589
-69.0105,-54.5589
-68.9105,-54.5589
-68.8105,-54.5589
-68.7105,-54.5589
-68.6105,-54.5589
-68.5105,-54.5589
-68.4105,-54.5589
-68.3105,-54.5589
-68.2105,-54.5589
-68.1105,-54.5589
-68.0105,-54.5589
-67.9105,-54.5589
-67.8105,-54.5589
-67.7105,-54.5589
-67.6105,-54.5589
-67.5105,-54.5589
-67.4105,-54.5589
-67.3105,-54.5589
-67.2105,-54.5589
-67.1105,-54.5589
-67.0105,-54.5589
-66.9105,-54.5589
-66.8105,-54.5589
-66.7105,-54.5589
-66.6105,-54.5589
-66.5105,-54.5589
-66.4105,-54.5589
-66.3105,-54.5589
-66.2105,-54.5589
-66.1105,-54.5589
-66.0105,-54.5589
-65.9105,-54.5589
-65.8105,-54.5589
-65.7105,-54.5589
-65.6105,-54.5589
-65.5105,-54.5589
-65.4105,-54.5589
-65.3105,-54.5589
-65.2105,-54.5589
-74.8105,-54.6589
-74.7105,-54.6589
-74.6105,-54.6589
-74.5105,-54.6589
-74.4105,-54.6589
-74.3105,-54.6589
-74.2105,-54.6589
-74.1105,-54.6589
-74.0105,-54.6589
-73.9105,-54.6589
-73.8105,-54.6589
-73.7105,-54.6589
-73.6105,-54.6589
-73.5105,-54.6589
-73.4105,-54.6589
-73.3105,-54.6589
-73.2105,-54.6589
-73.1105,-54.6589
-73.0105,-54.6589
-72.9105,-54.6589
-72.8105,-54.6589
-72.7105,-54.6589
-72.6105,-54.6589
-72.5105,-54.6589
-72.4105,-54.6589
-72.3105,-54.6589
-72.2105,-54.6589
-72.1105,-54.6589
-72.0105,-54.6589
-71.9105,-54.6589
-71.8105,-54.6589
-71.7105,-54.6589
-71.6105,-54.6589
-71.5105,-54.6589
-71.4105,-54.6589
-71.3105,-54.6589
-71.2105,-54.6589
-71.1105,-54.6589
-71.0105,-54.6589
-70.9105,-54.6589
-70.8105,-54.6589
-70.7105,-54.6589
-70.6105,-54.6589
-70.5105,-54.6589
-70.4105,-54.6589
-70.3105,-54.6589
-70.2105,-54.6589
-70.1105,-54.6589
-70.0105,-54.6589
-69.9105,-54.6589
-69.8105,-54.6589
-69.7105,-54.6589
-69.6105,-54.6589
-69.5105,-54.6589
-69.4105,-54.6589
-69.3105,-54.6589
-69.2105,-54.6589
-69.1105,-54.6589
-69.0105,-54.6589
-68.9105,-54.6589
-68.8105,-54.6589
-68.7105,-54.6589
-68.6105,-54.6589
-68.5105,-54.6589
-68.4105,-54.6589
-68.3105,-54.6589
-68.2105,-54.6589
-68.1105,-54.6589
-68.0105,-54.6589
-67.9105,-54.6589
-67.8105,-54.6589
-67.7105,-54.6589
-67.6105,-54.6589
-67.5105,-54.6589
-67.4105,-54.6589
-67.3105,-54.6589
-67.2105,-54.6589
-67.1105,-54.6589
-67.0105,-54.6589
-66.9105,-54.6589
-66.8105,-54.6589
-66.7105,-54.6589
-66.6105,-54.6589
-66.5105,-54.6589
-66.4105,-54.6589
-66.3105,-54.6589
-66.2105,-54.6589
-66.1105,-54.6589
-66.0105,-54.6589
-65.9105,-54.6589
-65.8105,-54.6589
-65.7105,-54.6589
-65.6105,-54.6589
-65.5105,-54.6589
-65.4105,-54.6589
-65.3105,-54.6589
-65.2105,-54.6589
-65.1105,-54.6589
-74.7105,-54.7589
-74.6105,-54.7589
-74.5105,-54.7589
-74.4105,-54.7589
-74.3105,-54.7589
-74.2105,-54.7589
-74.1105,-54.7589
-74.0105,-54.7589
-73.9105,-54.7589
-73.8105,-54.7589
-73.7105,-54.7589
-73.6105,-54.7589
-73.5105,-54.7589
-73.4105,-54.7589
-73.3105,-54.7589
-73.2105,-54.7589
-73.1105,-54.7589
-73.0105,-54.7589
-72.9105,-54.7589
-72.8105,-54.7589
-72.7105,-54.7589
-72.6105,-54.7589
-72.5105,-54.7589
-72.4105,-54.7589
-72.3105,-54.7589
-72.2105,-54.7589
-72.1105,-54.7589
-72.0105,-54.7589
-71.9105,-54.7589
-71.8105,-54.7589
-71.7105,-54.7589
-71.6105,-54.7589
-71.5105,-54.7589
-71.4105,-54.7589
-71.3105,-54.7589
-71.2105,-54.7589
-71.1105,-54.7589
-71.0105,-54.7589
-70.9105,-54.7589
-70.8105,-54.7589
-70.7105,-54.7589
-70.6105,-54.7589
-70.5105,-54.7589
-70.4105,-54.7589
-70.3105,-54.7589
-70.2105,-54.7589
-70.1105,-54.7589
-70.0105,-54.7589
-69.9105,-54.7589
-69.8105,-54.7589
-69.7105,-54.7589
-69.6105,-54.7589
-69.5105,-54.7589
-69.4105,-54.7589
-69.3105,-54.7589
-69.2105,-54.7589
-69.1105,-54.7589
-69.0105,-54.7589
-68.9105,-54.7589
-68.8105,-54.7589
-68.7105,-54.7589
-68.6105,-54.7589
-68.5105,-54.7589
-68.4105,-54.7589
-68.3105,-54.7589
-68.2105,-54.7589
-68.1105,-54.7589
-68.0105,-54.7589
-67.9105,-54.7589
-67.8105,-54.7589
-67.7105,-54.7589
-67.6105,-54.7589
-67.5105,-54.7589
-67.4105,-54.7589
-67.3105,-54.7589
-67.2105,-54.7589
-67.1105,-54.7589
-67.0105,-54.7589
-66.9105,-54.7589
-66.8105,-54.7589
-66.7105,-54.7589
-66.6105,-54.7589
-66.5105,-54.7589
-66.4105,-54.7589
-66.3105,-54.7589
-66.2105,-54.7589
-66.1105,-54.7589
-66.0105,-54.7589
-65.9105,-54.7589
-65.8105,-54.7589
-65.7105,-54.7589
-65.6105,-54.7589
-65.5105,-54.7589
-65.4105,-54.7589
-65.3105,-54.7589
-65.2105,-54.7589
-65.1105,-54.7589
-74.6105,-54.8589
-74.5105,-54.8589
-74.4105,-54.8589
-74.3105,-54.8589
-74.2105,-54.8589
-74.1105,-54.8589
-74.0105,-54.8589
-73.9105,-54.8589
-73.8105,-54.8589
-73.7105,-54.8589
-73.6105,-54.8589
-73.5105,-54.8589
-73.4105,-54.8589
-73.3105,-54.8589
-73.2105,-54.8589
-73.1105,-54.8589
-73.0105,-54.8589
-72.9105,-54.8589
-72.8105,-54.8589
-72.7105,-54.8589
-72.6105,-54.8589
-72.5105,-54.8589
-72.4105,-54.8589
-72.3105,-54.8589
-72.2105,-54.8589
-72.1105,-54.8589
-72.0105,-54.8589
-71.9105,-54.8589
-71.8105,-54.8589
-71.7105,-54.8589
-71.6105,-54.8589
-71.5105,-54.8589
-71.4105,-54.8589
-71.3105,-54.8589
-71.2105,-54.8589
-71.1105,-54.8589
-71.0105,-54.8589
-70.9105,-54.8589
-70.8105,-54.8589
-70.7105,-54.8589
-70.6105,-54.8589
-70.5105,-54.8589
-70.4105,-54.8589
-70.3105,-54.8589
-70.2105,-54.8589
-70.1105,-54.8589
-70.0105,-54.8589
-69.9105,-54.8589
-69.8105,-54.8589
-69.7105,-54.8589
-69.6105,-54.8589
-69.5105,-54.8589
-69.4105,-54.8589
-69.3105,-54.8589
-69.2105,-54.8589
-69.1105,-54.8589
-69.0105,-54.8589
-68.9105,-54.8589
-68.8105,-54.8589
-68.7105,-54.8589
-68.6105,-54.8589
-68.5105,-54.8589
-68.4105,-54.8589
-68.3105,-54.8589
-68.2105,-54.8589
-68.1105,-54.8589
-68.0105,-54.8589
-67.9105,-54.8589
-67.8105,-54.8589
-67.7105,-54.8589
-67.6105,-54.8589
-67.5105,-54.8589
-67.4105,-54.8589
-67.3105,-54.8589
-67.2105,-54.8589
-67.1105,-54.8589
-67.0105,-54.8589
-66.9105,-54.8589
-66.8105,-54.8589
-66.7105,-54.8589
-66.6105,-54.8589
-66.5105,-54.8589
-66.4105,-54.8589
-66.3105,-54.8589
-66.2105,-54.8589
-66.1105,-54.8589
-66.0105,-54.8589
-65.9105,-54.8589
-65.8105,-54.8589
-65.7105,-54.8589
-65.6105,-54.8589
-65.5105,-54.8589
-65.4105,-54.8589
-65.3105,-54.8589
-65.2105,-54.8589
-65.1105,-54.8589
-74.5105,-54.9589
-74.4105,-54.9589
-74.3105,-54.9589
-74.2105,-54.9589
-74.1105,-54.9589
-74.0105,-54.9589
-73.9105,-54.9589
-73.8105,-54.9589
-73.7105,-54.9589
-73.6105,-54.9589
-73.5105,-54.9589
-73.4105,-54.9589
-73.3105,-54.9589
-73.2105,-54.9589
-73.1105,-54.9589
-73.0105,-54.9589
-72.9105,-54.9589
-72.8105,-54.9589
-72.7105,-54.9589
-72.6105,-54.9589
-72.5105,-54.9589
-72.4105,-54.9589
-72.3105,-54.9589
-72.2105,-54.9589
-72.1105,-54.9589
-72.0105,-54.9589
-71.9105,-54.9589
-71.8105,-54.9589
-71.7105,-54.9589
-71.6105,-54.9589
-71.5105,-54.9589
-71.4105,-54.9589
-71.3105,-54.9589
-71.2105,-54.9589
-71.1105,-54.9589
-71.0105,-54.9589
-70.9105,-54.9589
-70.8105,-54.9589
-70.7105,-54.9589
-70.6105,-54.9589
-70.5105,-54.9589
-70.4105,-54.9589
-70.3105,-54.9589
-70.2105,-54.9589
-70.1105,-54.9589
-70.0105,-54.9589
-69.9105,-54.9589
-69.8105,-54.9589
-69.7105,-54.9589
-69.6105,-54.9589
-69.5105,-54.9589
-69.4105,-54.9589
-69.3105,-54.9589
-69.2105,-54.9589
-69.1105,-54.9589
-69.0105,-54.9589
-68.9105,-54.9589
-68.8105,-54.9589
-68.7105,-54.9589
-68.6105,-54.9589
-68.5105,-54.9589
-68.4105,-54.9589
-68.3105,-54.9589
-68.2105,-54.9589
-68.1105,-54.9589
-68.0105,-54.9589
-67.9105,-54.9589
-67.8105,-54.9589
-67.7105,-54.9589
-67.6105,-54.9589
-67.5105,-54.9589
-67.4105,-54.9589
-67.3105,-54.9589
-67.2105,-54.9589
-67.1105,-54.9589
-67.0105,-54.9589
-66.9105,-54.9589
-66.8105,-54.9589
-66.7105,-54.9589
-66.6105,-54.9589
-66.5105,-54.9589
-66.4105,-54.9589
-66.3105,-54.9589
-66.2105,-54.9589
-66.1105,-54.9589
-66.0105,-54.9589
-65.9105,-54.9589
-65.8105,-54.9589
-65.7105,-54.9589
-65.6105,-54.9589
-65.5105,-54.9589
-65.4105,-54.9589
-65.3105,-54.9589
-65.2105,-54.9589
-74.4105,-55.0589
-74.3105,-55.0589
-74.2105,-55.0589
-74.1105,-55.0589
-74.0105,-55.0589
-73.9105,-55.0589
-73.8105,-55.0589
-73.7105,-55.0589
-73.6105,-55.0589
-73.5105,-55.0589
-73.4105,-55.0589
-73.3105,-55.0589
-73.2105,-55.0589
-73.1105,-55.0589
-73.0105,-55.0589
-72.9105,-55.0589
-72.8105,-55.0589
-72.7105,-55.0589
-72.6105,-55.0589
-72.5105,-55.0589
-72.4105,-55.0589
-72.3105,-55.0589
-72.2105,-55.0589
-72.1105,-55.0589
-72.0105,-55.0589
-71.9105,-55.0589
-71.8105,-55.0589
-71.7105,-55.0589
-71.6105,-55.0589
-71.5105,-55.0589
-71.4105,-55.0589
-71.3105,-55.0589
-71.2105,-55.0589
-71.1105,-55.0589
-71.0105,-55.0589
-70.9105,-55.0589
-70.8105,-55.0589
-70.7105,-55.0589
-70.6105,-55.0589
-70.5105,-55.0589
-70.4105,-55.0589
-70.3105,-55.0589
-70.2105,-55.0589
-70.1105,-55.0589
-70.0105,-55.0589
-69.9105,-55.0589
-69.8105,-55.0589
-69.7105,-55.0589
-69.6105,-55.0589
-69.5105,-55.0589
-69.4105,-55.0589
-69.3105,-55.0589
-69.2105,-55.0589
-69.1105,-55.0589
-69.0105,-55.0589
-68.9105,-55.0589
-68.8105,-55.0589
-68.7105,-55.0589
-68.6105,-55.0589
-68.5105,-55.0589
-68.4105,-55.0589
-68.3105,-55.0589
-68.2105,-55.0589
-68.1105,-55.0589
-68.0105,-55.0589
-67.9105,-55.0589
-67.8105,-55.0589
-67.7105,-55.0589
-67.6105,-55.0589
-67.5105,-55.0589
-67.4105,-55.0589
-67.3105,-55.0589
-67.2105,-55.0589
-67.1105,-55.0589
-67.0105,-55.0589
-66.9105,-55.0589
-66.8105,-55.0589
-66.7105,-55.0589
-66.6105,-55.0589
-66.5105,-55.0589
-66.4105,-55.0589
-66.3105,-55.0589
-66.2105,-55.0589
-66.1105,-55.0589
-66.0105,-55.0589
-65.9105,-55.0589
-65.8105,-55.0589
-65.7105,-55.0589
-65.6105,-55.0589
-65.5105,-55.0589
-65.4105,-55.0589
-65.3105,-55.0589
-65.2105,-55.0589
-74.3105,-55.1589
-74.2105,-55.1589
-74.1105,-55.1589
-74.0105,-55.1589
-73.9105,-55.1589
-73.8105,-55.1589
-73.7105,-55.1589
-73.6105,-55.1589
-73.5105,-55.1589
-73.4105,-55.1589
-73.3105,-55.1589
-73.2105,-55.1589
-73.1105,-55.1589
-73.0105,-55.1589
-72.9105,-55.1589
-72.8105,-55.1589
-72.7105,-55.1589
-72.6105,-55.1589
-72.5105,-55.1589
-72.4105,-55.1589
-72.3105,-55.1589
-72.2105,-55.1589
-72.1105,-55.1589
-72.0105,-55.1589
-71.9105,-55.1589
-71.8105,-55.1589
-71.7105,-55.1589
-71.6105,-55.1589
-71.5105,-55.1589
-71.4105,-55.1589
-71.3105,-55.1589
-71.2105,-55.1589
-71.1105,-55.1589
-71.0105,-55.1589
-70.9105,-55.1589
-70.8105,-55.1589
-70.7105,-55.1589
-70.6105,-55.1589
-70.5105,-55.1589
-70.4105,-55.1589
-70.3105,-55.1589
-70.2105,-55.1589
-70.1105,-55.1589
-70.0105,-55.1589
-69.9105,-55.1589
-69.8105,-55.1589
-69.7105,-55.1589
-69.6105,-55.1589
-69.5105,-55.1589
-69.4105,-55.1589
-69.3105,-55.1589
-69.2105,-55.1589
-69.1105,-55.1589
-69.0105,-55.1589
-68.9105,-55.1589
-68.8105,-55.1589
-68.7105,-55.1589
-68.6105,-55.1589
-68.5105,-55.1589
-68.4105,-55.1589
-68.3105,-55.1589
-68.2105,-55.1589
-68.1105,-55.1589
-68.0105,-55.1589
-67.9105,-55.1589
-67.8105,-55.1589
-67.7105,-55.1589
-67.6105,-55.1589
-67.5105,-55.1589
-67.4105,-55.1589
-67.3105,-55.1589
-67.2105,-55.1589
-67.1105,-55.1589
-67.0105,-55.1589
-66.9105,-55.1589
-66.8105,-55.1589
-66.7105,-55.1589
-66.6105,-55.1589
-66.5105,-55.1589
-66.4105,-55.1589
-66.3105,-55.1589
-66.2105,-55.1589
-66.1105,-55.1589
-66.0105,-55.1589
-65.9105,-55.1589
-65.8105,-55.1589
-65.7105,-55.1589
-65.6105,-55.1589
-65.5105,-55.1589
-65.4105,-55.1589
-65.3105,-55.1589
-65.2105,-55.1589
-74.2105,-55.2589
-74.1105,-55.2589
-74.0105,-55.2589
-73.9105,-55.2589
-73.8105,-55.2589
-73.7105,-55.2589
-73.6105,-55.2589
-73.5105,-55.2589
-73.4105,-55.2589
-73.3105,-55.2589
-73.2105,-55.2589
-73.1105,-55.2589
-73.0105,-55.2589
-72.9105,-55.2589
-72.8105,-55.2589
-72.7105,-55.2589
-72.6105,-55.2589
-72.5105,-55.2589
-72.4105,-55.2589
-72.3105,-55.2589
-72.2105,-55.2589
-72.1105,-55.2589
-72.0105,-55.2589
-71.9105,-55.2589
-71.8105,-55.2589
-71.7105,-55.2589
-71.6105,-55.2589
-71.5105,-55.2589
-71.4105,-55.2589
-71.3105,-55.2589
-71.2105,-55.2589
-71.1105,-55.2589
-71.0105,-55.2589
-70.9105,-55.2589
-70.8105,-55.2589
-70.7105,-55.2589
-70.6105,-55.2589
-70.5105,-55.2589
-70.4105,-55.2589
-70.3105,-55.2589
-70.2105,-55.2589
-70.1105,-55.2589
-70.0105,-55.2589
-69.9105,-55.2589
-69.8105,-55.2589
-69.7105,-55.2589
-69.6105,-55.2589
-69.5105,-55.2589
-69.4105,-55.2589
-69.3105,-55.2589
-69.2105,-55.2589
-69.1105,-55.2589
-69.0105,-55.2589
-68.9105,-55.2589
-68.8105,-55.2589
-68.7105,-55.2589
-68.6105,-55.2589
-68.5105,-55.2589
-68.4105,-55.2589
-68.3105,-55.2589
-68.2105,-55.2589
-68.1105,-55.2589
-68.0105,-55.2589
-67.9105,-55.2589
-67.8105,-55.2589
-67.7105,-55.2589
-67.6105,-55.2589
-67.5105,-55.2589
-67.4105,-55.2589
-67.3105,-55.2589
-67.2105,-55.2589
-67.1105,-55.2589
-67.0105,-55.2589
-66.9105,-55.2589
-66.8105,-55.2589
-66.7105,-55.2589
-66.6105,-55.2589
-66.5105,-55.2589
-66.4105,-55.2589
-66.3105,-55.2589
-66.2105,-55.2589
-66.1105,-55.2589
-66.0105,-55.2589
-65.9105,-55.2589
-65.8105,-55.2589
-65.7105,-55.2589
-65.6105,-55.2589
-65.5105,-55.2589
-65.4105,-55.2589
-65.3105,-55.2589
-74.1105,-55.3589
-74.0105,-55.3589
-73.9105,-55.3589
-73.8105,-55.3589
-73.7105,-55.3589
-73.6105,-55.3589
-73.5105,-55.3589
-73.4105,-55.3589
-73.3105,-55.3589
-73.2105,-55.3589
-73.1105,-55.3589
-73.0105,-55.3589
-72.9105,-55.3589
-72.8105,-55.3589
-72.7105,-55.3589
-72.6105,-55.3589
-72.5105,-55.3589
-72.4105,-55.3589
-72.3105,-55.3589
-72.2105,-55.3589
-72.1105,-55.3589
-72.0105,-55.3589
-71.9105,-55.3589
-71.8105,-55.3589
-71.7105,-55.3589
-71.6105,-55.3589
-71.5105,-55.3589
-71.4105,-55.3589
-71.3105,-55.3589
-71.2105,-55.3589
-71.1105,-55.3589
-71.0105,-55.3589
-70.9105,-55.3589
-70.8105,-55.3589
-70.7105,-55.3589
-70.6105,-55.3589
-70.5105,-55.3589
-70.4105,-55.3589
-70.3105,-55.3589
-70.2105,-55.3589
-70.1105,-55.3589
-70.0105,-55.3589
-69.9105,-55.3589
-69.8105,-55.3589
-69.7105,-55.3589
-69.6105,-55.3589
-69.5105,-55.3589
-69.4105,-55.3589
-69.3105,-55.3589
-69.2105,-55.3589
-69.1105,-55.3589
-69.0105,-55.3589
-68.9105,-55.3589
-68.8105,-55.3589
-68.7105,-55.3589
-68.6105,-55.3589
-68.5105,-55.3589
-68.4105,-55.3589
-68.3105,-55.3589
-68.2105,-55.3589
-68.1105,-55.3589
-68.0105,-55.3589
-67.9105,-55.3589
-67.8105,-55.3589
-67.7105,-55.3589
-67.6105,-55.3589
-67.5105,-55.3589
-67.4105,-55.3589
-67.3105,-55.3589
-67.2105,-55.3589
-67.1105,-55.3589
-67.0105,-55.3589
-66.9105,-55.3589
-66.8105,-55.3589
-66.7105,-55.3589
-66.6105,-55.3589
-66.5105,-55.3589
-66.4105,-55.3589
-66.3105,-55.3589
-66.2105,-55.3589
-66.1105,-55.3589
-66.0105,-55.3589
-65.9105,-55.3589
-65.8105,-55.3589
-65.7105,-55.3589
-65.6105,-55.3589
-65.5105,-55.3589
-65.4105,-55.3589
-65.3105,-55.3589
-73.9105,-55.4589
-73.8105,-55.4589
-73.7105,-55.4589
-73.6105,-55.4589
-73.5105,-55.4589
-73.4105,-55.4589
-73.3105,-55.4589
-73.2105,-55.4589
-73.1105,-55.4589
-73.0105,-55.4589
-72.9105,-55.4589
-72.8105,-55.4589
-72.7105,-55.4589
-72.6105,-55.4589
-72.5105,-55.4589
-72.4105,-55.4589
-72.3105,-55.4589
-72.2105,-55.4589
-72.1105,-55.4589
-72.0105,-55.4589
-71.9105,-55.4589
-71.8105,-55.4589
-71.7105,-55.4589
-71.6105,-55.4589
-71.5105,-55.4589
-71.4105,-55.4589
-71.3105,-55.4589
-71.2105,-55.4589
-71.1105,-55.4589
-71.0105,-55.4589
-70.9105,-55.4589
-70.8105,-55.4589
-70.7105,-55.4589
-70.6105,-55.4589
-70.5105,-55.4589
-70.4105,-55.4589
-70.3105,-55.4589
-70.2105,-55.4589
-70.1105,-55.4589
-70.0105,-55.4589
-69.9105,-55.4589
-69.8105,-55.4589
-69.7105,-55.4589
-69.6105,-55.4589
-69.5105,-55.4589
-69.4105,-55.4589
-69.3105,-55.4589
-69.2105,-55.4589
-69.1105,-55.4589
-69.0105,-55.4589
-68.9105,-55.4589
-68.8105,-55.4589
-68.7105,-55.4589
-68.6105,-55.4589
-68.5105,-55.4589
-68.4105,-55.4589
-68.3105,-55.4589
-68.2105,-55.4589
-68.1105,-55.4589
-68.0105,-55.4589
-67.9105,-55.4589
-67.8105,-55.4589
-67.7105,-55.4589
-67.6105,-55.4589
-67.5105,-55.4589
-67.4105,-55.4589
-67.3105,-55.4589
-67.2105,-55.4589
-67.1105,-55.4589
-67.0105,-55.4589
-66.9105,-55.4589
-66.8105,-55.4589
-66.7105,-55.4589
-66.6105,-55.4589
-66.5105,-55.4589
-66.4105,-55.4589
-66.3105,-55.4589
-66.2105,-55.4589
-66.1105,-55.4589
-66.0105,-55.4589
-65.9105,-55.4589
-65.8105,-55.4589
-65.7105,-55.4589
-65.6105,-55.4589
-65.5105,-55.4589
-65.4105,-55.4589
-65.3105,-55.4589
-73.9105,-55.5589
-73.8105,-55.5589
-73.7105,-55.5589
-73.6105,-55.5589
-73.5105,-55.5589
-73.4105,-55.5589
-73.3105,-55.5589
-73.2105,-55.5589
-73.1105,-55.5589
-73.0105,-55.5589
-72.9105,-55.5589
-72.8105,-55.5589
-72.7105,-55.5589
-72.6105,-55.5589
-72.5105,-55.5589
-72.4105,-55.5589
-72.3105,-55.5589
-72.2105,-55.5589
-72.1105,-55.5589
-72.0105,-55.5589
-71.9105,-55.5589
-71.8105,-55.5589
-71.7105,-55.5589
-71.6105,-55.5589
-71.5105,-55.5589
-71.4105,-55.5589
-71.3105,-55.5589
-71.2105,-55.5589
-71.1105,-55.5589
-71.0105,-55.5589
-70.9105,-55.5589
-70.8105,-55.5589
-70.7105,-55.5589
-70.6105,-55.5589
-70.5105,-55.5589
-70.4105,-55.5589
-70.3105,-55.5589
-70.2105,-55.5589
-70.1105,-55.5589
-70.0105,-55.5589
-69.9105,-55.5589
-69.8105,-55.5589
-69.7105,-55.5589
-69.6105,-55.5589
-69.5105,-55.5589
-69.4105,-55.5589
-69.3105,-55.5589
-69.2105,-55.5589
-69.1105,-55.5589
-69.0105,-55.5589
-68.9105,-55.5589
-68.8105,-55.5589
-68.7105,-55.5589
-68.6105,-55.5589
-68.5105,-55.5589
-68.4105,-55.5589
-68.3105,-55.5589
-68.2105,-55.5589
-68.1105,-55.5589
-68.0105,-55.5589
-67.9105,-55.5589
-67.8105,-55.5589
-67.7105,-55.5589
-67.6105,-55.5589
-67.5105,-55.5589
-67.4105,-55.5589
-67.3105,-55.5589
-67.2105,-55.5589
-67.1105,-55.5589
-67.0105,-55.5589
-66.9105,-55.5589
-66.8105,-55.5589
-66.7105,-55.5589
-66.6105,-55.5589
-66.5105,-55.5589
-66.4105,-55.5589
-66.3105,-55.5589
-66.2105,-55.5589
-66.1105,-55.5589
-66.0105,-55.5589
-65.9105,-55.5589
-65.8105,-55.5589
-65.7105,-55.5589
-65.6105,-55.5589
-65.5105,-55.5589
-65.4105,-55.5589
-73.9105,-55.6589
-73.8105,-55.6589
-73.7105,-55.6589
-73.6105,-55.6589
-73.5105,-55.6589
-73.4105,-55.6589
-73.3105,-55.6589
-73.2105,-55.6589
-73.1105,-55.6589
-73.0105,-55.6589
-72.9105,-55.6589
-72.8105,-55.6589
-72.7105,-55.6589
-72.6105,-55.6589
-72.5105,-55.6589
-72.4105,-55.6589
-72.3105,-55.6589
-72.2105,-55.6589
-72.1105,-55.6589
-72.0105,-55.6589
-71.9105,-55.6589
-71.8105,-55.6589
-71.7105,-55.6589
-71.6105,-55.6589
-71.5105,-55.6589
-71.4105,-55.6589
-71.3105,-55.6589
-71.2105,-55.6589
-71.1105,-55.6589
-71.0105,-55.6589
-70.9105,-55.6589
-70.8105,-55.6589
-70.7105,-55.6589
-70.6105,-55.6589
-70.5105,-55.6589
-70.4105,-55.6589
-70.3105,-55.6589
-70.2105,-55.6589
-70.1105,-55.6589
-70.0105,-55.6589
-69.9105,-55.6589
-69.8105,-55.6589
-69.7105,-55.6589
-69.6105,-55.6589
-69.5105,-55.6589
-69.4105,-55.6589
-69.3105,-55.6589
-69.2105,-55.6589
-69.1105,-55.6589
-69.0105,-55.6589
-68.9105,-55.6589
-68.8105,-55.6589
-68.7105,-55.6589
-68.6105,-55.6589
-68.5105,-55.6589
-68.4105,-55.6589
-68.3105,-55.6589
-68.2105,-55.6589
-68.1105,-55.6589
-68.0105,-55.6589
-67.9105,-55.6589
-67.8105,-55.6589
-67.7105,-55.6589
-67.6105,-55.6589
-67.5105,-55.6589
-67.4105,-55.6589
-67.3105,-55.6589
-67.2105,-55.6589
-67.1105,-55.6589
-67.0105,-55.6589
-66.9105,-55.6589
-66.8105,-55.6589
-66.7105,-55.6589
-66.6105,-55.6589
-66.5105,-55.6589
-66.4105,-55.6589
-66.3105,-55.6589
-66.2105,-55.6589
-66.1105,-55.6589
-66.0105,-55.6589
-65.9105,-55.6589
-65.8105,-55.6589
-65.7105,-55.6589
-65.6105,-55.6589
-65.5105,-55.6589
-65.4105,-55.6589
-73.7105,-55.7589
-73.6105,-55.7589
-73.5105,-55.7589
-73.4105,-55.7589
-73.3105,-55.7589
-73.2105,-55.7589
-73.1105,-55.7589
-73.0105,-55.7589
-72.9105,-55.7589
-72.8105,-55.7589
-72.7105,-55.7589
-72.6105,-55.7589
-72.5105,-55.7589
-72.4105,-55.7589
-72.3105,-55.7589
-72.2105,-55.7589
-72.1105,-55.7589
-72.0105,-55.7589
-71.9105,-55.7589
-71.8105,-55.7589
-71.7105,-55.7589
-71.6105,-55.7589
-71.5105,-55.7589
-71.4105,-55.7589
-71.3105,-55.7589
-71.2105,-55.7589
-71.1105,-55.7589
-71.0105,-55.7589
-70.9105,-55.7589
-70.8105,-55.7589
-70.7105,-55.7589
-70.6105,-55.7589
-70.5105,-55.7589
-70.4105,-55.7589
-70.3105,-55.7589
-70.2105,-55.7589
-70.1105,-55.7589
-70.0105,-55.7589
-69.9105,-55.7589
-69.8105,-55.7589
-69.7105,-55.7589
-69.6105,-55.7589
-69.5105,-55.7589
-69.4105,-55.7589
-69.3105,-55.7589
-69.2105,-55.7589
-69.1105,-55.7589
-69.0105,-55.7589
-68.9105,-55.7589
-68.8105,-55.7589
-68.7105,-55.7589
-68.6105,-55.7589
-68.5105,-55.7589
-68.4105,-55.7589
-68.3105,-55.7589
-68.2105,-55.7589
-68.1105,-55.7589
-68.0105,-55.7589
-67.9105,-55.7589
-67.8105,-55.7589
-67.7105,-55.7589
-67.6105,-55.7589
-67.5105,-55.7589
-67.4105,-55.7589
-67.3105,-55.7589
-67.2105,-55.7589
-67.1105,-55.7589
-67.0105,-55.7589
-66.9105,-55.7589
-66.8105,-55.7589
-66.7105,-55.7589
-66.6105,-55.7589
-66.5105,-55.7589
-66.4105,-55.7589
-66.3105,-55.7589
-66.2105,-55.7589
-66.1105,-55.7589
-66.0105,-55.7589
-65.9105,-55.7589
-65.8105,-55.7589
-65.7105,-55.7589
-65.6105,-55.7589
-65.5105,-55.7589
-73.4105,-55.8589
-73.3105,-55.8589
-73.2105,-55.8589
-73.1105,-55.8589
-73.0105,-55.8589
-72.9105,-55.8589
-72.8105,-55.8589
-72.7105,-55.8589
-72.6105,-55.8589
-72.5105,-55.8589
-72.4105,-55.8589
-72.3105,-55.8589
-72.2105,-55.8589
-72.1105,-55.8589
-72.0105,-55.8589
-71.9105,-55.8589
-71.8105,-55.8589
-71.7105,-55.8589
-71.6105,-55.8589
-71.5105,-55.8589
-71.4105,-55.8589
-71.3105,-55.8589
-71.2105,-55.8589
-71.1105,-55.8589
-71.0105,-55.8589
-70.9105,-55.8589
-70.8105,-55.8589
-70.7105,-55.8589
-70.6105,-55.8589
-70.5105,-55.8589
-70.4105,-55.8589
-70.3105,-55.8589
-70.2105,-55.8589
-70.1105,-55.8589
-70.0105,-55.8589
-69.9105,-55.8589
-69.8105,-55.8589
-69.7105,-55.8589
-69.6105,-55.8589
-69.5105,-55.8589
-69.4105,-55.8589
-69.3105,-55.8589
-69.2105,-55.8589
-69.1105,-55.8589
-69.0105,-55.8589
-68.9105,-55.8589
-68.8105,-55.8589
-68.7105,-55.8589
-68.6105,-55.8589
-68.5105,-55.8589
-68.4105,-55.8589
-68.3105,-55.8589
-68.2105,-55.8589
-68.1105,-55.8589
-68.0105,-55.8589
-67.9105,-55.8589
-67.8105,-55.8589
-67.7105,-55.8589
-67.6105,-55.8589
-67.5105,-55.8589
-67.4105,-55.8589
-67.3105,-55.8589
-67.2105,-55.8589
-67.1105,-55.8589
-67.0105,-55.8589
-66.9105,-55.8589
-66.8105,-55.8589
-66.7105,-55.8589
-66.6105,-55.8589
-66.5105,-55.8589
-66.4105,-55.8589
-66.3105,-55.8589
-66.2105,-55.8589
-66.1105,-55.8589
-66.0105,-55.8589
-65.9105,-55.8589
-65.8105,-55.8589
-65.7105,-55.8589
-65.6105,-55.8589
-65.5105,-55.8589
-73.0105,-55.9589
-72.9105,-55.9589
-72.8105,-55.9589
-72.7105,-55.9589
-72.6105,-55.9589
-72.5105,-55.9589
-72.4105,-55.9589
-72.3105,-55.9589
-72.2105,-55.9589
-72.1105,-55.9589
-72.0105,-55.9589
-71.9105,-55.9589
-71.8105,-55.9589
-71.7105,-55.9589
-71.6105,-55.9589
-71.5105,-55.9589
-71.4105,-55.9589
-71.3105,-55.9589
-71.2105,-55.9589
-71.1105,-55.9589
-71.0105,-55.9589
-70.9105,-55.9589
-70.8105,-55.9589
-70.7105,-55.9589
-70.6105,-55.9589
-70.5105,-55.9589
-70.4105,-55.9589
-70.3105,-55.9589
-70.2105,-55.9589
-70.1105,-55.9589
-70.0105,-55.9589
-69.9105,-55.9589
-69.8105,-55.9589
-69.7105,-55.9589
-69.6105,-55.9589
-69.5105,-55.9589
-69.4105,-55.9589
-69.3105,-55.9589
-69.2105,-55.9589
-69.1105,-55.9589
-69.0105,-55.9589
-68.9105,-55.9589
-68.8105,-55.9589
-68.7105,-55.9589
-68.6105,-55.9589
-68.5105,-55.9589
-68.4105,-55.9589
-68.3105,-55.9589
-68.2105,-55.9589
-68.1105,-55.9589
-68.0105,-55.9589
-67.9105,-55.9589
-67.8105,-55.9589
-67.7105,-55.9589
-67.6105,-55.9589
-67.5105,-55.9589
-67.4105,-55.9589
-67.3105,-55.9589
-67.2105,-55.9589
-67.1105,-55.9589
-67.0105,-55.9589
-66.9105,-55.9589
-66.8105,-55.9589
-66.7105,-55.9589
-66.6105,-55.9589
-66.5105,-55.9589
-66.4105,-55.9589
-66.3105,-55.9589
-66.2105,-55.9589
-66.1105,-55.9589
-66.0105,-55.9589
-65.9105,-55.9589
-65.8105,-55.9589
-65.7105,-55.9589
-65.6105,-55.9589
-65.5105,-55.9589
-72.6105,-56.0589
-72.5105,-56.0589
-72.4105,-56.0589
-72.3105,-56.0589
-72.2105,-56.0589
-72.1105,-56.0589
-72.0105,-56.0589
-71.9105,-56.0589
-71.8105,-56.0589
-71.7105,-56.0589
-71.6105,-56.0589
-71.5105,-56.0589
-71.4105,-56.0589
-71.3105,-56.0589
-71.2105,-56.0589
-71.1105,-56.0589
-71.0105,-56.0589
-70.9105,-56.0589
-70.8105,-56.0589
-70.7105,-56.0589
-70.6105,-56.0589
-70.5105,-56.0589
-70.4105,-56.0589
-70.3105,-56.0589
-70.2105,-56.0589
-70.1105,-56.0589
-70.0105,-56.0589
-69.9105,-56.0589
-69.8105,-56.0589
-69.7105,-56.0589
-69.6105,-56.0589
-69.5105,-56.0589
-69.4105,-56.0589
-69.3105,-56.0589
-69.2105,-56.0589
-69.1105,-56.0589
-69.0105,-56.0589
-68.9105,-56.0589
-68.8105,-56.0589
-68.7105,-56.0589
-68.6105,-56.0589
-68.5105,-56.0589
-68.4105,-56.0589
-68.3105,-56.0589
-68.2105,-56.0589
-68.1105,-56.0589
-68.0105,-56.0589
-67.9105,-56.0589
-67.8105,-56.0589
-67.7105,-56.0589
-67.6105,-56.0589
-67.5105,-56.0589
-67.4105,-56.0589
-67.3105,-56.0589
-67.2105,-56.0589
-67.1105,-56.0589
-67.0105,-56.0589
-66.9105,-56.0589
-66.8105,-56.0589
-66.7105,-56.0589
-66.6105,-56.0589
-66.5105,-56.0589
-66.4105,-56.0589
-66.3105,-56.0589
-66.2105,-56.0589
-66.1105,-56.0589
-66.0105,-56.0589
-65.9105,-56.0589
-65.8105,-56.0589
-65.7105,-56.0589
-65.6105,-56.0589
-65.5105,-56.0589
-65.4105,-56.0589
-65.3105,-56.0589
-72.4105,-56.1589
-72.3105,-56.1589
-72.2105,-56.1589
-72.1105,-56.1589
-72.0105,-56.1589
-71.9105,-56.1589
-71.8105,-56.1589
-71.7105,-56.1589
-71.6105,-56.1589
-71.5105,-56.1589
-71.4105,-56.1589
-71.3105,-56.1589
-71.2105,-56.1589
-71.1105,-56.1589
-71.0105,-56.1589
-70.9105,-56.1589
-70.8105,-56.1589
-70.7105,-56.1589
-70.6105,-56.1589
-70.5105,-56.1589
-70.4105,-56.1589
-70.3105,-56.1589
-70.2105,-56.1589
-70.1105,-56.1589
-70.0105,-56.1589
-69.9105,-56.1589
-69.8105,-56.1589
-69.7105,-56.1589
-69.6105,-56.1589
-69.5105,-56.1589
-69.4105,-56.1589
-69.3105,-56.1589
-69.2105,-56.1589
-69.1105,-56.1589
-69.0105,-56.1589
-68.9105,-56.1589
-68.8105,-56.1589
-68.7105,-56.1589
-68.6105,-56.1589
-68.5105,-56.1589
-68.4105,-56.1589
-68.3105,-56.1589
-68.2105,-56.1589
-68.1105,-56.1589
-68.0105,-56.1589
-67.9105,-56.1589
-67.8105,-56.1589
-67.7105,-56.1589
-67.6105,-56.1589
-67.5105,-56.1589
-67.4105,-56.1589
-67.3105,-56.1589
-67.2105,-56.1589
-67.1105,-56.1589
-67.0105,-56.1589
-66.9105,-56.1589
-66.8105,-56.1589
-66.7105,-56.1589
-66.6105,-56.1589
-66.5105,-56.1589
-66.4105,-56.1589
-66.3105,-56.1589
-66.2105,-56.1589
-66.1105,-56.1589
-66.0105,-56.1589
-65.9105,-56.1589
-65.8105,-56.1589
-65.7105,-56.1589
-65.6105,-56.1589
-65.5105,-56.1589
-65.4105,-56.1589
-72.0105,-56.2589
-71.9105,-56.2589
-71.8105,-56.2589
-71.7105,-56.2589
-71.6105,-56.2589
-71.5105,-56.2589
-71.4105,-56.2589
-71.3105,-56.2589
-71.2105,-56.2589
-71.1105,-56.2589
-71.0105,-56.2589
-70.9105,-56.2589
-70.8105,-56.2589
-70.7105,-56.2589
-70.6105,-56.2589
-70.5105,-56.2589
-70.4105,-56.2589
-70.3105,-56.2589
-70.2105,-56.2589
-70.1105,-56.2589
-70.0105,-56.2589
-69.9105,-56.2589
-69.8105,-56.2589
-69.7105,-56.2589
-69.6105,-56.2589
-69.5105,-56.2589
-69.4105,-56.2589
-69.3105,-56.2589
-69.2105,-56.2589
-69.1105,-56.2589
-69.0105,-56.2589
-68.9105,-56.2589
-68.8105,-56.2589
-68.7105,-56.2589
-68.6105,-56.2589
-68.5105,-56.2589
-68.4105,-56.2589
-68.3105,-56.2589
-68.2105,-56.2589
-68.1105,-56.2589
-68.0105,-56.2589
-67.9105,-56.2589
-67.8105,-56.2589
-67.7105,-56.2589
-67.6105,-56.2589
-67.5105,-56.2589
-67.4105,-56.2589
-67.3105,-56.2589
-67.2105,-56.2589
-67.1105,-56.2589
-67.0105,-56.2589
-66.9105,-56.2589
-66.8105,-56.2589
-66.7105,-56.2589
-66.6105,-56.2589
-66.5105,-56.2589
-66.4105,-56.2589
-66.3105,-56.2589
-66.2105,-56.2589
-66.1105,-56.2589
-66.0105,-56.2589
-65.9105,-56.2589
-65.8105,-56.2589
-65.7105,-56.2589
-65.6105,-56.2589
-65.5105,-56.2589
-71.6105,-56.3589
-71.5105,-56.3589
-71.4105,-56.3589
-71.3105,-56.3589
-71.2105,-56.3589
-71.1105,-56.3589
-71.0105,-56.3589
-70.9105,-56.3589
-70.8105,-56.3589
-70.7105,-56.3589
-70.6105,-56.3589
-70.5105,-56.3589
-70.4105,-56.3589
-70.3105,-56.3589
-70.2105,-56.3589
-70.1105,-56.3589
-70.0105,-56.3589
-69.9105,-56.3589
-69.8105,-56.3589
-69.7105,-56.3589
-69.6105,-56.3589
-69.5105,-56.3589
-69.4105,-56.3589
-69.3105,-56.3589
-69.2105,-56.3589
-69.1105,-56.3589
-69.0105,-56.3589
-68.9105,-56.3589
-68.8105,-56.3589
-68.7105,-56.3589
-68.6105,-56.3589
-68.5105,-56.3589
-68.4105,-56.3589
-68.3105,-56.3589
-68.2105,-56.3589
-68.1105,-56.3589
-68.0105,-56.3589
-67.9105,-56.3589
-67.8105,-56.3589
-67.7105,-56.3589
-67.6105,-56.3589
-67.5105,-56.3589
-67.4105,-56.3589
-67.3105,-56.3589
-67.2105,-56.3589
-67.1105,-56.3589
-67.0105,-56.3589
-66.9105,-56.3589
-66.8105,-56.3589
-66.7105,-56.3589
-66.6105,-56.3589
-66.5105,-56.3589
-66.4105,-56.3589
-66.3105,-56.3589
-66.2105,-56.3589
-66.1105,-56.3589
-66.0105,-56.3589
-65.9105,-56.3589
-65.8105,-56.3589
-65.7105,-56.3589
-65.6105,-56.3589
-71.4105,-56.4589
-71.3105,-56.4589
-71.2105,-56.4589
-71.1105,-56.4589
-71.0105,-56.4589
-70.9105,-56.4589
-70.8105,-56.4589
-70.7105,-56.4589
-70.6105,-56.4589
-70.5105,-56.4589
-70.4105,-56.4589
-70.3105,-56.4589
-70.2105,-56.4589
-70.1105,-56.4589
-70.0105,-56.4589
-69.9105,-56.4589
-69.8105,-56.4589
-69.7105,-56.4589
-69.6105,-56.4589
-69.5105,-56.4589
-69.4105,-56.4589
-69.3105,-56.4589
-69.2105,-56.4589
-69.1105,-56.4589
-69.0105,-56.4589
-68.9105,-56.4589
-68.8105,-56.4589
-68.7105,-56.4589
-68.6105,-56.4589
-68.5105,-56.4589
-68.4105,-56.4589
-68.3105,-56.4589
-68.2105,-56.4589
-68.1105,-56.4589
-68.0105,-56.4589
-67.9105,-56.4589
-67.8105,-56.4589
-67.7105,-56.4589
-67.6105,-56.4589
-67.5105,-56.4589
-67.4105,-56.4589
-67.3105,-56.4589
-67.2105,-56.4589
-67.1105,-56.4589
-67.0105,-56.4589
-66.9105,-56.4589
-66.8105,-56.4589
-66.7105,-56.4589
-66.6105,-56.4589
-66.5105,-56.4589
-66.4105,-56.4589
-66.3105,-56.4589
-66.2105,-56.4589
-66.1105,-56.4589
-66.0105,-56.4589
-65.9105,-56.4589
-65.8105,-56.4589
-65.7105,-56.4589
-71.1105,-56.5589
-71.0105,-56.5589
-70.9105,-56.5589
-70.8105,-56.5589
-70.7105,-56.5589
-70.6105,-56.5589
-70.5105,-56.5589
-70.4105,-56.5589
-70.3105,-56.5589
-70.2105,-56.5589
-70.1105,-56.5589
-70.0105,-56.5589
-69.9105,-56.5589
-69.8105,-56.5589
-69.7105,-56.5589
-69.6105,-56.5589
-69.5105,-56.5589
-69.4105,-56.5589
-69.3105,-56.5589
-69.2105,-56.5589
-69.1105,-56.5589
-69.0105,-56.5589
-68.9105,-56.5589
-68.8105,-56.5589
-68.7105,-56.5589
-68.6105,-56.5589
-68.5105,-56.5589
-68.4105,-56.5589
-68.3105,-56.5589
-68.2105,-56.5589
-68.1105,-56.5589
-68.0105,-56.5589
-67.9105,-56.5589
-67.8105,-56.5589
-67.7105,-56.5589
-67.6105,-56.5589
-67.5105,-56.5589
-67.4105,-56.5589
-67.3105,-56.5589
-67.2105,-56.5589
-67.1105,-56.5589
-67.0105,-56.5589
-66.9105,-56.5589
-66.8105,-56.5589
-66.7105,-56.5589
-66.6105,-56.5589
-66.5105,-56.5589
-66.4105,-56.5589
-66.3105,-56.5589
-66.2105,-56.5589
-66.1105,-56.5589
-66.0105,-56.5589
-65.9105,-56.5589
-65.8105,-56.5589
-70.6105,-56.6589
-70.5105,-56.6589
-70.4105,-56.6589
-70.3105,-56.6589
-70.2105,-56.6589
-70.1105,-56.6589
-70.0105,-56.6589
-69.9105,-56.6589
-69.8105,-56.6589
-69.7105,-56.6589
-69.6105,-56.6589
-69.5105,-56.6589
-69.4105,-56.6589
-69.3105,-56.6589
-69.2105,-56.6589
-69.1105,-56.6589
-69.0105,-56.6589
-68.9105,-56.6589
-68.8105,-56.6589
-68.7105,-56.6589
-68.6105,-56.6589
-68.5105,-56.6589
-68.4105,-56.6589
-68.3105,-56.6589
-68.2105,-56.6589
-68.1105,-56.6589
-68.0105,-56.6589
-67.9105,-56.6589
-67.8105,-56.6589
-67.7105,-56.6589
-67.6105,-56.6589
-67.5105,-56.6589
-67.4105,-56.6589
-67.3105,-56.6589
-67.2105,-56.6589
-67.1105,-56.6589
-67.0105,-56.6589
-66.9105,-56.6589
-66.8105,-56.6589
-66.7105,-56.6589
-66.6105,-56.6589
-66.5105,-56.6589
-66.4105,-56.6589
-66.3105,-56.6589
-66.2105,-56.6589
-66.1105,-56.6589
-66.0105,-56.6589
-65.9105,-56.6589
-70.3105,-56.7589
-70.2105,-56.7589
-70.1105,-56.7589
-70.0105,-56.7589
-69.9105,-56.7589
-69.8105,-56.7589
-69.7105,-56.7589
-69.6105,-56.7589
-69.5105,-56.7589
-69.4105,-56.7589
-69.3105,-56.7589
-69.2105,-56.7589
-69.1105,-56.7589
-69.0105,-56.7589
-68.9105,-56.7589
-68.8105,-56.7589
-68.7105,-56.7589
-68.6105,-56.7589
-68.5105,-56.7589
-68.4105,-56.7589
-68.3105,-56.7589
-68.2105,-56.7589
-68.1105,-56.7589
-68.0105,-56.7589
-67.9105,-56.7589
-67.8105,-56.7589
-67.7105,-56.7589
-67.6105,-56.7589
-67.5105,-56.7589
-67.4105,-56.7589
-67.3105,-56.7589
-67.2105,-56.7589
-67.1105,-56.7589
-67.0105,-56.7589
-66.9105,-56.7589
-66.8105,-56.7589
-66.7105,-56.7589
-66.6105,-56.7589
-66.5105,-56.7589
-66.4105,-56.7589
-66.3105,-56.7589
-66.2105,-56.7589
-66.1105,-56.7589
-66.0105,-56.7589
-69.9105,-56.8589
-69.8105,-56.8589
-69.7105,-56.8589
-69.6105,-56.8589
-69.5105,-56.8589
-69.4105,-56.8589
-69.3105,-56.8589
-69.2105,-56.8589
-69.1105,-56.8589
-69.0105,-56.8589
-68.9105,-56.8589
-68.8105,-56.8589
-68.7105,-56.8589
-68.6105,-56.8589
-68.5105,-56.8589
-68.4105,-56.8589
-68.3105,-56.8589
-68.2105,-56.8589
-68.1105,-56.8589
-68.0105,-56.8589
-67.9105,-56.8589
-67.8105,-56.8589
-67.7105,-56.8589
-67.6105,-56.8589
-67.5105,-56.8589
-67.4105,-56.8589
-67.3105,-56.8589
-67.2105,-56.8589
-67.1105,-56.8589
-67.0105,-56.8589
-66.9105,-56.8589
-66.8105,-56.8589
-66.7105,-56.8589
-66.6105,-56.8589
-66.5105,-56.8589
-66.4105,-56.8589
-66.3105,-56.8589
-66.2105,-56.8589
-66.1105,-56.8589
-66.0105,-56.8589
-69.5105,-56.9589
-69.0105,-56.9589
-68.9105,-56.9589
-68.8105,-56.9589
-68.7105,-56.9589
-68.6105,-56.9589
-68.5105,-56.9589
-68.4105,-56.9589
-68.3105,-56.9589
-68.2105,-56.9589
-68.1105,-56.9589
-68.0105,-56.9589
-67.9105,-56.9589
-67.8105,-56.9589
-67.7105,-56.9589
-67.6105,-56.9589
-67.5105,-56.9589
-67.4105,-56.9589
-67.3105,-56.9589
-67.2105,-56.9589
-67.1105,-56.9589
-67.0105,-56.9589
-66.9105,-56.9589
-66.8105,-56.9589
-66.7105,-56.9589
-66.6105,-56.9589
-66.5105,-56.9589
-66.4105,-56.9589
-66.3105,-56.9589
-66.2105,-56.9589
-66.1105,-56.9589
-68.7105,-57.0589
-68.6105,-57.0589
-68.5105,-57.0589
-68.4105,-57.0589
-68.3105,-57.0589
-68.2105,-57.0589
-68.1105,-57.0589
-68.0105,-57.0589
-67.9105,-57.0589
-67.8105,-57.0589
-67.7105,-57.0589
-67.6105,-57.0589
-67.5105,-57.0589
-67.4105,-57.0589
-67.3105,-57.0589
-67.2105,-57.0589
-67.1105,-57.0589
-67.0105,-57.0589
-66.9105,-57.0589
-66.8105,-57.0589
-66.7105,-57.0589
-66.6105,-57.0589
-66.5105,-57.0589
-66.4105,-57.0589
-66.3105,-57.0589
-66.2105,-57.0589
-68.5105,-57.1589
-68.4105,-57.1589
-68.3105,-57.1589
-68.2105,-57.1589
-68.1105,-57.1589
-68.0105,-57.1589
-67.9105,-57.1589
-67.8105,-57.1589
-67.7105,-57.1589
-67.6105,-57.1589
-67.5105,-57.1589
-67.4105,-57.1589
-67.3105,-57.1589
-67.2105,-57.1589
-67.1105,-57.1589
-67.0105,-57.1589
-66.9105,-57.1589
-66.8105,-57.1589
-66.7105,-57.1589
-66.6105,-57.1589
-66.5105,-57.1589
-66.4105,-57.1589
-68.4105,-57.2589
-68.3105,-57.2589
-68.2105,-57.2589
-68.1105,-57.2589
-68.0105,-57.2589
-67.9105,-57.2589
-67.8105,-57.2589
-67.7105,-57.2589
-67.6105,-57.2589
-67.5105,-57.2589
-67.4105,-57.2589
-67.3105,-57.2589
-67.2105,-57.2589
-67.1105,-57.2589
-67.0105,-57.2589
-66.9105,-57.2589
-66.8105,-57.2589
-66.7105,-57.2589
-66.6105,-57.2589
-66.5105,-57.2589
-67.9105,-57.3589
-67.8105,-57.3589
-67.7105,-57.3589
-67.5105,-57.3589
-67.4105,-57.3589
-67.3105,-57.3589
-67.2105,-57.3589
-67.1105,-57.3589
-67.0105,-57.3589
-66.9105,-57.3589
-66.8105,-57.3589
